network_id,city,station_id,station_name,occupancy_rate,bikes_available,free_slots,capacity,pct_empty,pct_full,latitude,longitude,turnover_proxy,criticite,type_critique
altervelo,Saint-Pierre,0b8faf0e1a963a5abc7f5125d1ee4f84,ZI Les Sables,0.385,5.0,8.0,13.0,0.0,0.0,-21.277,55.373,5.0,0.0,penurie (vide)
altervelo,Saint-Pierre,18c4838250c2a13f33efa0a4cd25f197,Mairie de Basse Terre,0.333,2.0,4.0,6.0,0.0,0.0,-21.329,55.479,2.0,0.0,penurie (vide)
altervelo,Saint-Pierre,215c011f4ced892fb95fbf2699108e6d,Village Roche Carangue,0.467,7.0,8.0,15.0,0.0,0.0,-21.272,55.336,7.0,0.0,penurie (vide)
altervelo,Saint-Pierre,31e6d6c4bc9617546d1b72e866c32bca,Eglise de Terre Sainte,0.143,2.0,12.0,14.0,0.0,0.0,-21.343,55.481,2.0,0.0,penurie (vide)
altervelo,Saint-Pierre,3f370f1c301b6a1e8ac6586c89be273a,Mairie du Ouaki,0.0,0.0,3.0,3.0,1.0,0.0,-21.27,55.449,0.0,1.0,penurie (vide)
altervelo,Saint-Pierre,4cd79f4d3acc53d32e43957ed686c477,Parc Relais,0.143,1.0,6.0,7.0,0.0,0.0,-21.333,55.457,1.0,0.0,penurie (vide)
altervelo,Saint-Pierre,55449cf9d05b393c7e75536eac076908,Bel Air,0.333,3.0,6.0,9.0,0.0,0.0,-21.293,55.402,3.0,0.0,penurie (vide)
altervelo,Saint-Pierre,56dcffc692d38dc8724a9b29094c204c,Camping l'Etang-Salé,0.143,1.0,6.0,7.0,0.0,0.0,-21.263,55.335,1.0,0.0,penurie (vide)
altervelo,Saint-Pierre,5a705e3ea53e0099a5e9776b98447bb4,Cité Palissade,0.0,0.0,3.0,3.0,1.0,0.0,-21.286,55.417,0.0,1.0,penurie (vide)
altervelo,Saint-Pierre,5a7a12f4997895ac73682d0833cffcaa,Front De Mer ,0.167,1.0,5.0,6.0,0.0,0.0,-21.342,55.468,1.0,0.0,penurie (vide)
altervelo,Saint-Pierre,60093c0719223085a4bcc138464c3bd6,Pôle d'échanges Marché Couvert,0.091,1.0,10.0,11.0,0.0,0.0,-21.341,55.473,1.0,0.0,penurie (vide)
altervelo,Saint-Pierre,69751ea644d6304742a93094d6f94b78,Rond-point Ligne Paradis,0.1,1.0,9.0,10.0,0.0,0.0,-21.315,55.477,1.0,0.0,penurie (vide)
altervelo,Saint-Pierre,7a4e9770a6ac51e95a98eb73e222298f,Parc Relais du Gol,0.2,2.0,8.0,10.0,0.0,0.0,-21.283,55.398,2.0,0.0,penurie (vide)
altervelo,Saint-Pierre,87b4927dee8be8217c4552e1fe91416c,Mairie de la Rivière,0.375,3.0,5.0,8.0,0.0,0.0,-21.265,55.438,3.0,0.0,penurie (vide)
altervelo,Saint-Pierre,95cb7324ae14a475bc542867001e9c57,ZAC Bank,0.111,1.0,8.0,9.0,0.0,0.0,-21.332,55.477,1.0,0.0,penurie (vide)
altervelo,Saint-Pierre,a60fd75230e9ef95a5c61a43884a5315,IUT,0.2,2.0,8.0,10.0,0.0,0.0,-21.342,55.491,2.0,0.0,penurie (vide)
altervelo,Saint-Pierre,b4d283cdd379008c07b1c177427bf3b5,Mairie de la Ravine,0.0,0.0,3.0,3.0,1.0,0.0,-21.286,55.47,0.0,1.0,penurie (vide)
altervelo,Saint-Pierre,bbc60f00d1e482656016b108da31ffd2,Pôle d'échanges ZAC Roland Hoarau,0.2,2.0,8.0,10.0,0.0,0.0,-21.305,55.426,2.0,0.0,penurie (vide)
altervelo,Saint-Pierre,c65bac7a21b9434d4d474d6cfefdfa52,Port,0.176,3.0,14.0,17.0,0.0,0.0,-21.344,55.476,3.0,0.0,penurie (vide)
altervelo,Saint-Pierre,c9a5d36c966a566506f92ad9815c91e4,Casabona,0.2,2.0,8.0,10.0,0.0,0.0,-21.334,55.471,2.0,0.0,penurie (vide)
altervelo,Saint-Pierre,ce65ba49fa8ad28a9c05a2b22efa7d84,Avenue Laurent Vergès,0.143,1.0,6.0,7.0,0.0,0.0,-21.299,55.455,1.0,0.0,penurie (vide)
altervelo,Saint-Pierre,d3117c2aa93eba7c7754f7639378b928,Roches Maigres,0.0,0.0,9.0,9.0,1.0,0.0,-21.276,55.415,0.0,1.0,penurie (vide)
altervelo,Saint-Pierre,d6e552e796194547d06f4bda0884497e,Les Casernes,0.111,1.0,8.0,9.0,0.0,0.0,-21.326,55.487,1.0,0.0,penurie (vide)
altervelo,Saint-Pierre,d8bcd4052cf836327a12c563099c5a44,Mon caprice,0.25,2.0,6.0,8.0,0.0,0.0,-21.306,55.497,2.0,0.0,penurie (vide)
altervelo,Saint-Pierre,e6dff557e74611c0f8cce8ffc649d6fa,Mairie annexe de Grands-Bois,0.25,2.0,6.0,8.0,0.0,0.0,-21.359,55.523,2.0,0.0,penurie (vide)
altervelo,Saint-Pierre,e7f8f6b563dc18d793750d665483c823,Pôle d'échanges de Saint-Louis,0.133,2.0,13.0,15.0,0.0,0.0,-21.29,55.407,2.0,0.0,penurie (vide)
altervelo,Saint-Pierre,ea7da3bcbced553af6384033ef028b8b,Stade de Terre Sainte,0.077,1.0,12.0,13.0,0.0,0.0,-21.345,55.492,1.0,0.0,penurie (vide)
altervelo,Saint-Pierre,f52845f7c522a3f443319ede69be5a46,Kerveguen,0.0,0.0,6.0,6.0,1.0,0.0,-21.281,55.432,0.0,1.0,penurie (vide)
altervelo,Saint-Pierre,fabadfa9752e9fc528403763064f7920,Ecole Joli fond,0.333,2.0,4.0,6.0,0.0,0.0,-21.327,55.475,2.0,0.0,penurie (vide)
altervelo,Saint-Pierre,ff4714297f58bac8ce257aec9bb1b679,Eglise Bon Pasteur,0.1,1.0,9.0,10.0,0.0,0.0,-21.337,55.464,1.0,0.0,penurie (vide)
altervelo,Saint-Pierre,ffd027743219deb743f29b0c5b200515,Lycée Jean Joly,0.0,0.0,8.0,8.0,1.0,0.0,-21.272,55.436,0.0,1.0,penurie (vide)
aqta,Auray-Quiberon,04f4b7daecf643767598a8fa161f08c5,Athéna,0.8,16.0,4.0,20.0,0.0,0.0,47.666,-2.988,16.0,0.0,penurie (vide)
aqta,Auray-Quiberon,2b91426e75e013b5e914a6e52565e973,Porte Océane,0.8,8.0,2.0,10.0,0.0,0.0,47.664,-3.004,8.0,0.0,penurie (vide)
aqta,Auray-Quiberon,2de82c532079cf7a5dcf50801768c4d6,Alre’o,0.45,9.0,11.0,20.0,0.0,0.0,47.669,-3.009,9.0,0.0,penurie (vide)
aqta,Auray-Quiberon,6b931a0522bc9bc7c31b8f0b7c11eea0,Bibliothèque de Pluneret,0.6,6.0,4.0,10.0,0.0,0.0,47.674,-2.959,6.0,0.0,penurie (vide)
aqta,Auray-Quiberon,7459cec0a8c4ef4c7a69d540e8f8e009,Skatepark Auray,0.5,5.0,5.0,10.0,0.0,0.0,47.671,-2.989,5.0,0.0,penurie (vide)
aqta,Auray-Quiberon,9ecf53a5a04da5b841d45dcaa01e1f09,Penhoët,0.556,5.0,4.0,9.0,0.0,0.0,47.682,-2.998,5.0,0.0,penurie (vide)
aqta,Auray-Quiberon,ad4a5315ce5ede49e6572debc52a4bec,M.A.L.,0.4,4.0,6.0,10.0,0.0,0.0,47.672,-2.997,4.0,0.0,penurie (vide)
aqta,Auray-Quiberon,d10fc3401507a2d69248e85db5cee5d1,La Forêt,0.4,4.0,6.0,10.0,0.0,0.0,47.672,-2.982,4.0,0.0,penurie (vide)
aqta,Auray-Quiberon,e21692e2584f1c3e6c7a7075ea955dbb,Kériolet,0.789,15.0,4.0,19.0,0.0,0.0,47.668,-2.984,15.0,0.0,penurie (vide)
aqta,Auray-Quiberon,e9c71e1a8d9e230471cfdd0b6239fada,Gare Auray,0.1,3.0,27.0,30.0,0.0,0.0,47.68,-3.001,3.0,0.0,penurie (vide)
aqta,Auray-Quiberon,f52f97ab82cff648faf471259aab22ab,Gare Saint-Anne - Pluneret,0.7,7.0,3.0,10.0,0.0,0.0,47.679,-2.962,7.0,0.0,penurie (vide)
aqta,Auray-Quiberon,fc3c09b6cce307905cb6c24f44144a33,Saint-Goustan,0.25,5.0,15.0,20.0,0.0,0.0,47.667,-2.98,5.0,0.0,penurie (vide)
auxrmlevelo,Auxerre,0a96b652ebf3736b74d5f8ec8652aaa1,Branches,0.2,3.0,12.0,15.0,0.0,0.0,47.886,3.479,3.0,0.0,penurie (vide)
auxrmlevelo,Auxerre,17a4111f2b1764105e418a4b22d8bfe2,Escolives,0.6,6.0,4.0,10.0,0.0,0.0,47.72,3.606,6.0,0.0,penurie (vide)
auxrmlevelo,Auxerre,1d3a57f69d3810eca3794499caddc787,Auxerre  Champoulains,0.4,6.0,9.0,15.0,0.0,0.0,47.807,3.58,6.0,0.0,penurie (vide)
auxrmlevelo,Auxerre,1dbbd345bc831ec68149c850ca2b6f9c,Gurgy,0.3,3.0,7.0,10.0,0.0,0.0,47.865,3.56,3.0,0.0,penurie (vide)
auxrmlevelo,Auxerre,23ca115b94dbaa8200b7fa17ad025f40,Auxerre Rive Droite,0.2,2.0,8.0,10.0,0.0,0.0,47.795,3.589,2.0,0.0,penurie (vide)
auxrmlevelo,Auxerre,2a57ab0b4b1a2159311ca35e8bdf8f8c,Vincelottes,0.4,4.0,6.0,10.0,0.0,0.0,47.707,3.639,4.0,0.0,penurie (vide)
auxrmlevelo,Auxerre,2c54bb0dcca09528d975cc195fc4128a,Auxerre  Gambetta,0.6,6.0,4.0,10.0,0.0,0.0,47.796,3.579,6.0,0.0,penurie (vide)
auxrmlevelo,Auxerre,2c74b7e4daf536df7c7de6f94bc535c8,Jussy,0.133,2.0,13.0,15.0,0.0,0.0,47.721,3.586,2.0,0.0,penurie (vide)
auxrmlevelo,Auxerre,2d168b906261f5927d710b4c67df30b7,Appoigny  Centre,0.133,4.0,26.0,30.0,0.0,0.0,47.877,3.526,4.0,0.0,penurie (vide)
auxrmlevelo,Auxerre,2d2f4a11c59acb5d77174744d7ecd799,Auxerre  Cordeliers,0.3,3.0,7.0,10.0,0.0,0.0,47.796,3.57,3.0,0.0,penurie (vide)
auxrmlevelo,Auxerre,2f82ee2e4198c5ad78ee0aaf71824547,Villeneuve-Saint-Salves,0.267,4.0,11.0,15.0,0.0,0.0,47.854,3.653,4.0,0.0,penurie (vide)
auxrmlevelo,Auxerre,3026c7f2e453ec41905daacc113b4fb1,Monéteau Terres du Canada,0.5,5.0,5.0,10.0,0.0,0.0,47.837,3.58,5.0,0.0,penurie (vide)
auxrmlevelo,Auxerre,30676623415201ddacc7c046e2210df1,Auxerre IUT,0.0,0.0,35.0,35.0,1.0,0.0,47.789,3.592,0.0,1.0,penurie (vide)
auxrmlevelo,Auxerre,3377796f625b6289324e660ecd8a7385,Irancy,0.3,3.0,7.0,10.0,0.0,0.0,47.715,3.667,3.0,0.0,penurie (vide)
auxrmlevelo,Auxerre,343911a35514a1000275a50aacddc558,Escamps,0.2,3.0,12.0,15.0,0.0,0.0,47.729,3.471,3.0,0.0,penurie (vide)
auxrmlevelo,Auxerre,39a9ce0565cbad38db5e226df5cb8908,Auxerre  Hôpital,0.3,3.0,7.0,10.0,0.0,0.0,47.802,3.553,3.0,0.0,penurie (vide)
auxrmlevelo,Auxerre,3b41a0735875060f635863f3a61f13ae,Saint-Georges-sur-Baulche  Place des Marronniers,0.267,4.0,11.0,15.0,0.0,0.0,47.8,3.531,4.0,0.0,penurie (vide)
auxrmlevelo,Auxerre,3d25d7843de2d09f3ec4b92881884514,Chevannes,0.4,4.0,6.0,10.0,0.0,0.0,47.751,3.49,4.0,0.0,penurie (vide)
auxrmlevelo,Auxerre,3ebec1cf5213339d86a48c9df11c1cc9,Charbuy,0.7,7.0,3.0,10.0,0.0,0.0,47.831,3.46,7.0,0.0,penurie (vide)
auxrmlevelo,Auxerre,4059e48a4aded16fdc329a0cf9f6b347,Villefargeau,0.4,4.0,6.0,10.0,0.0,0.0,47.782,3.504,4.0,0.0,penurie (vide)
auxrmlevelo,Auxerre,4626ef802f1b7c7c43406d83fb5f628f,Auxerre Les Chesnez,0.05,1.0,19.0,20.0,0.0,0.0,47.824,3.559,1.0,0.0,penurie (vide)
auxrmlevelo,Auxerre,488c3afc4c1ed44c9788a5e217b1a3c7,Saint-Georges-sur-Baulche Lorraine,0.2,2.0,8.0,10.0,0.0,0.0,47.799,3.542,2.0,0.0,penurie (vide)
auxrmlevelo,Auxerre,4994527a989f43bbd29cee5af517e60e,Lindry,0.1,1.0,9.0,10.0,0.0,0.0,47.8,3.417,1.0,0.0,penurie (vide)
auxrmlevelo,Auxerre,4dcef87859b62debf164a8a4a57f4753,Gy-l’Évêque,0.2,2.0,8.0,10.0,0.0,0.0,47.722,3.548,2.0,0.0,penurie (vide)
auxrmlevelo,Auxerre,531dcbfccd1c4f8590560f0d5d691a02,Saint-Bris-le-Vineux,0.467,7.0,8.0,15.0,0.0,0.0,47.744,3.647,7.0,0.0,penurie (vide)
auxrmlevelo,Auxerre,5a773b024d51baf97dd759b7949bf56d,Vallan,0.2,2.0,8.0,10.0,0.0,0.0,47.743,3.537,2.0,0.0,penurie (vide)
auxrmlevelo,Auxerre,5b4ce3c7c4ff0e1f2302ca9f615977a5,Venoy,0.222,2.0,7.0,9.0,0.0,0.0,47.806,3.637,2.0,0.0,penurie (vide)
auxrmlevelo,Auxerre,77428689e80ecefdd3b57ee5d72a8697,Auxerre Jonches,0.05,1.0,19.0,20.0,0.0,0.0,47.826,3.589,1.0,0.0,penurie (vide)
auxrmlevelo,Auxerre,86b07cf07c1988ddbca9d9927be064f8,Vincelles,0.0,0.0,10.0,10.0,1.0,0.0,47.704,3.634,0.0,1.0,penurie (vide)
auxrmlevelo,Auxerre,89976a19a054999683f0d4442925b7b9,Auxerre Les Clairions,0.417,5.0,7.0,12.0,0.0,0.0,47.815,3.572,5.0,0.0,penurie (vide)
auxrmlevelo,Auxerre,8e556cac2a3bf7a0f9117373e5614f79,Chitry,0.3,3.0,7.0,10.0,0.0,0.0,47.763,3.704,3.0,0.0,penurie (vide)
auxrmlevelo,Auxerre,8f269f6e03c77001c94be178d0574e3d,Auxerre  Gare,0.6,6.0,4.0,10.0,0.0,0.0,47.798,3.585,6.0,0.0,penurie (vide)
auxrmlevelo,Auxerre,902d4a1efde040de3d7c73f8cf012ec9,Auxerre Gare routière,0.167,1.0,5.0,6.0,0.0,0.0,47.801,3.567,1.0,0.0,penurie (vide)
auxrmlevelo,Auxerre,91e2aea90807ab6a2a797ded0bc82485,Perrigny,0.1,1.0,9.0,10.0,0.0,0.0,47.822,3.54,1.0,0.0,penurie (vide)
auxrmlevelo,Auxerre,9951a1509a17c9bfedebf47baf92bfc5,Auxerre Laborde,0.1,1.0,9.0,10.0,0.0,0.0,47.827,3.615,1.0,0.0,penurie (vide)
auxrmlevelo,Auxerre,a26ee17b5a86a0f3db9a960566dc5478,Appoigny Espace culturel,0.2,2.0,8.0,10.0,0.0,0.0,47.869,3.527,2.0,0.0,penurie (vide)
auxrmlevelo,Auxerre,a887a23e5819da118d20685c10c4b8dc,Champs-sur-Yonne,0.5,5.0,5.0,10.0,0.0,0.0,47.738,3.598,5.0,0.0,penurie (vide)
auxrmlevelo,Auxerre,b215f489d5b2e96c0d91a4ad327fe27f,Auxerre  Sainte-Geneviève,0.444,4.0,5.0,9.0,0.0,0.0,47.798,3.552,4.0,0.0,penurie (vide)
auxrmlevelo,Auxerre,b360db23f143c8d46ac8c9409e39e280,Venoy Egriselles,0.2,2.0,8.0,10.0,0.0,0.0,47.81,3.619,2.0,0.0,penurie (vide)
auxrmlevelo,Auxerre,b992322f490730f329cb7e217898afa4,Auxerre Les Piedalloues,0.4,4.0,6.0,10.0,0.0,0.0,47.782,3.579,4.0,0.0,penurie (vide)
auxrmlevelo,Auxerre,bd90b4118d491d9d20d41969046ee56e,Monéteau  Macherins,0.429,6.0,8.0,14.0,0.0,0.0,47.846,3.554,6.0,0.0,penurie (vide)
auxrmlevelo,Auxerre,c35d6de54a3718325bf31c0b6ddf7f0c,Coulanges-la-Vineuse,0.267,4.0,11.0,15.0,0.0,0.0,47.7,3.581,4.0,0.0,penurie (vide)
auxrmlevelo,Auxerre,c57ad3a6aecb85e369e46d74b796ac0b,Auxerre  Arquebuse,0.333,3.0,6.0,9.0,0.0,0.0,47.792,3.568,3.0,0.0,penurie (vide)
auxrmlevelo,Auxerre,cb715693ca26db77772fa91ff08250e7,Bleigny-le-Carreau,0.2,2.0,8.0,10.0,0.0,0.0,47.834,3.682,2.0,0.0,penurie (vide)
auxrmlevelo,Auxerre,d1ce429fb29664088e70b06553088795,Monéteau  Centre,0.4,4.0,6.0,10.0,0.0,0.0,47.851,3.579,4.0,0.0,penurie (vide)
auxrmlevelo,Auxerre,dc7cb8adc376d29fc0c0ef58375019d4,Augy,0.133,2.0,13.0,15.0,0.0,0.0,47.766,3.61,2.0,0.0,penurie (vide)
auxrmlevelo,Auxerre,debd6522edaf4d7746c443459eae43fe,Auxerre Vaux,0.9,9.0,1.0,10.0,0.0,0.0,47.755,3.59,9.0,0.0,penurie (vide)
auxrmlevelo,Auxerre,df8de46df9c96e5a614068e671f7e296,Saint-Georges-sur-Baulche  Eglise,1.0,3.0,0.0,3.0,0.0,1.0,47.809,3.535,3.0,1.0,saturation (pleine)
auxrmlevelo,Auxerre,e368b5b2ccc406ae07797cefdf7d5ff2,Monéteau Rue des Isles,0.6,6.0,4.0,10.0,0.0,0.0,47.83,3.578,6.0,0.0,penurie (vide)
auxrmlevelo,Auxerre,e84f2723845a88624c03b5bb07025b22,Auxerre  Abbé Deschamps,0.1,1.0,9.0,10.0,0.0,0.0,47.788,3.585,1.0,0.0,penurie (vide)
auxrmlevelo,Auxerre,e8b4da49184f9817e96752c7b234409a,Auxerre  Les Quais,0.0,0.0,15.0,15.0,1.0,0.0,47.797,3.575,0.0,1.0,penurie (vide)
auxrmlevelo,Auxerre,f40e068dc870bd6e72df1a03d75056d4,Auxerre  Porte de Paris,0.1,1.0,9.0,10.0,0.0,0.0,47.801,3.568,1.0,0.0,penurie (vide)
auxrmlevelo,Auxerre,fa3abacc57752077f7a64ad40c85ad7c,Venoy La Brosse,0.15,3.0,17.0,20.0,0.0,0.0,47.791,3.652,3.0,0.0,penurie (vide)
auxrmlevelo,Auxerre,fd18a8688ac1899715ea13406c0221c7,Quenne,0.333,5.0,10.0,15.0,0.0,0.0,47.777,3.65,5.0,0.0,penurie (vide)
auxrmlevelo,Auxerre,fe000fe9c147391bfb83e0255500ed64,Montigny-la-Resle,0.2,2.0,8.0,10.0,0.0,0.0,47.865,3.681,2.0,0.0,penurie (vide)
bicloo,Nantes,031e1b26f065d81dd59b53b578e63357,GARE DE NANTES NORD 2,0.05,2.0,38.0,40.0,0.0,0.0,47.218,-1.542,2.0,0.0,penurie (vide)
bicloo,Nantes,03bffbb4806a2a249785663541f1bbdd,AUDITORIUM,0.3,6.0,14.0,20.0,0.0,0.0,47.185,-1.554,6.0,0.0,penurie (vide)
bicloo,Nantes,081729bf28aee981da8c2d42741d9a00,BOUFFAY,0.0,0.0,15.0,15.0,1.0,0.0,47.214,-1.553,0.0,1.0,penurie (vide)
bicloo,Nantes,0ce7802583bfbf38aa4e39aa971f8bfb,RICORDEAU,0.625,25.0,15.0,40.0,0.0,0.0,47.212,-1.553,25.0,0.0,penurie (vide)
bicloo,Nantes,0e32d612c349e8a6fceb797d400ca42f,PALAIS DE JUSTICE,0.581,18.0,13.0,31.0,0.0,0.0,47.208,-1.561,18.0,0.0,penurie (vide)
bicloo,Nantes,11237f5db310c9046a7f13ed599934ca,GARE DE NANTES SUD,0.443,31.0,39.0,70.0,0.0,0.0,47.216,-1.543,31.0,0.0,penurie (vide)
bicloo,Nantes,123bd0239ea68c7cf89d9419d27e5925,FACULTÉS,0.5,20.0,20.0,40.0,0.0,0.0,47.246,-1.555,20.0,0.0,penurie (vide)
bicloo,Nantes,1241f567c680fc9bcb904f89e8b46815,VERSAILLES,0.067,1.0,14.0,15.0,0.0,0.0,47.225,-1.554,1.0,0.0,penurie (vide)
bicloo,Nantes,134f7ddf1c52957559eb6dbd5a0a5432,LIEU UNIQUE,0.2,3.0,12.0,15.0,0.0,0.0,47.215,-1.547,3.0,0.0,penurie (vide)
bicloo,Nantes,138dd7d32b50e00f10259b7ce0190759,CITÉ INTERNATIONALE DES CONGRÈS,0.294,10.0,24.0,34.0,0.0,0.0,47.213,-1.545,10.0,0.0,penurie (vide)
bicloo,Nantes,14c99f2c5f11addef6b724fdb20f0c27,GRUE JAUNE,0.286,6.0,15.0,21.0,0.0,0.0,47.205,-1.569,6.0,0.0,penurie (vide)
bicloo,Nantes,179176998ccdcad278fae5c822477560,MELLINET,0.4,6.0,9.0,15.0,0.0,0.0,47.212,-1.577,6.0,0.0,penurie (vide)
bicloo,Nantes,1870735e4357a7f71aa6dfdd6c0b9399,MICHELET,0.538,14.0,12.0,26.0,0.0,0.0,47.235,-1.556,14.0,0.0,penurie (vide)
bicloo,Nantes,1b5a79e31d01b94d8463dbb716ab75a0,ALGER,0.067,1.0,14.0,15.0,0.0,0.0,47.211,-1.567,1.0,0.0,penurie (vide)
bicloo,Nantes,1d17df02346d4b3ec0cbe891be47aaa3,ÉGALITÉ,0.571,8.0,6.0,14.0,0.0,0.0,47.21,-1.589,8.0,0.0,penurie (vide)
bicloo,Nantes,1df45ab6d460b9791154349acc12bd88,FOCH,0.143,2.0,12.0,14.0,0.0,0.0,47.219,-1.55,2.0,0.0,penurie (vide)
bicloo,Nantes,21fd1047a4a2fe50c50e1237bfe20389,LAMORICIÈRE,0.4,6.0,9.0,15.0,0.0,0.0,47.212,-1.571,6.0,0.0,penurie (vide)
bicloo,Nantes,233fa38890b9666eefb0eca1d7c3dbc5,DALBY,0.556,10.0,8.0,18.0,0.0,0.0,47.224,-1.53,10.0,0.0,penurie (vide)
bicloo,Nantes,23f4e4b80c47709e4c897dc4ad274594,HAUTS PAVÉS,0.688,11.0,5.0,16.0,0.0,0.0,47.225,-1.568,11.0,0.0,penurie (vide)
bicloo,Nantes,2568ec41421fce3e1889293fcf31ee2a,HANGAR À BANANES,0.133,2.0,13.0,15.0,0.0,0.0,47.199,-1.573,2.0,0.0,penurie (vide)
bicloo,Nantes,27ab1281cd862c7aab21c247dc942abf,TALENSAC SUD,0.688,11.0,5.0,16.0,0.0,0.0,47.221,-1.556,11.0,0.0,penurie (vide)
bicloo,Nantes,27b09b345e0be5be93ae857c217268d9,BRUNELIÈRE,0.0,0.0,18.0,18.0,1.0,0.0,47.209,-1.568,0.0,1.0,penurie (vide)
bicloo,Nantes,2a3fcb1dca4f87f6c88593a8142a3413,CARRIÈRE MISERY,0.812,13.0,3.0,16.0,0.0,0.0,47.2,-1.58,13.0,0.0,penurie (vide)
bicloo,Nantes,2bba1ac43f6aa715d1e9b5bbee9566b9,WALDECK ROUSSEAU,0.409,9.0,13.0,22.0,0.0,0.0,47.228,-1.552,9.0,0.0,penurie (vide)
bicloo,Nantes,2c056dd88a109bd2a8cb2b8d14052a0b,RÉGION,0.136,3.0,19.0,22.0,0.0,0.0,47.211,-1.526,3.0,0.0,penurie (vide)
bicloo,Nantes,2c5c0ca9cd5c212268ee8007f8e57e70,MANUFACTURE,0.333,5.0,10.0,15.0,0.0,0.0,47.219,-1.536,5.0,0.0,penurie (vide)
bicloo,Nantes,2ec3ccd033c1992fd0d21e121ed4c5e6,CALVAIRE,0.467,7.0,8.0,15.0,0.0,0.0,47.216,-1.561,7.0,0.0,penurie (vide)
bicloo,Nantes,31498ae58c2a258e022b5dc5941485b1,PAS ENCHANTÉS,0.35,7.0,13.0,20.0,0.0,0.0,47.205,-1.523,7.0,0.0,penurie (vide)
bicloo,Nantes,3222738abcb713128cb97c65be1699c7,VINCENT GACHE,0.667,10.0,5.0,15.0,0.0,0.0,47.207,-1.542,10.0,0.0,penurie (vide)
bicloo,Nantes,32a02ef2efe23fa6bca56f7c2c00a76e,BACO,0.6,9.0,6.0,15.0,0.0,0.0,47.214,-1.549,9.0,0.0,penurie (vide)
bicloo,Nantes,333e77c34d23553e6bb2f9edd8cf5e54,PETIT PORT,0.2,4.0,16.0,20.0,0.0,0.0,47.243,-1.556,4.0,0.0,penurie (vide)
bicloo,Nantes,35cab63da1bf60674ce79d8897449751,BRETAGNE SUD,0.8,16.0,4.0,20.0,0.0,0.0,47.217,-1.559,16.0,0.0,penurie (vide)
bicloo,Nantes,3638d36d945e696ecd2d598c937ad9bc,STADE SAUPIN,0.125,3.0,21.0,24.0,0.0,0.0,47.214,-1.54,3.0,0.0,penurie (vide)
bicloo,Nantes,3c3b9bcbfa831bab4a3d1823d0860ef1,LIVET,0.0,0.0,15.0,15.0,1.0,0.0,47.224,-1.545,0.0,1.0,penurie (vide)
bicloo,Nantes,3e2608f618c62845a8325b9fefafb17f,GARE DE PONT ROUSSEAU,0.417,10.0,14.0,24.0,0.0,0.0,47.193,-1.549,10.0,0.0,penurie (vide)
bicloo,Nantes,3e6aa8b142305c49e1df947e743cf62e,,0.0,0.0,5.0,5.0,1.0,0.0,47.217,-1.553,0.0,1.0,penurie (vide)
bicloo,Nantes,408747aea46ae402b62442a899814484,BEL AIR,0.308,4.0,9.0,13.0,0.0,0.0,47.226,-1.56,4.0,0.0,penurie (vide)
bicloo,Nantes,40c9c4b3ec4eb44bb3ab8eb88db20de0,HÔTEL DE VILLE,0.05,1.0,19.0,20.0,0.0,0.0,47.219,-1.553,1.0,0.0,penurie (vide)
bicloo,Nantes,4689e61599b6bff3025b4b30323e51f1,RENÉ BOUHIER,0.0,0.0,15.0,15.0,1.0,0.0,47.209,-1.571,0.0,1.0,penurie (vide)
bicloo,Nantes,46b437f2fa4f6bf780cc33e98a750fff,PROCÉ,1.0,15.0,0.0,15.0,0.0,1.0,47.224,-1.577,15.0,1.0,saturation (pleine)
bicloo,Nantes,4ab359d909058f078a3d9bd39c20105a,RÉPUBLIQUE,0.231,6.0,20.0,26.0,0.0,0.0,47.205,-1.555,6.0,0.0,penurie (vide)
bicloo,Nantes,4ad5c70c850562eb3f5c177044178810,CHANZY,0.4,6.0,9.0,15.0,0.0,0.0,47.225,-1.548,6.0,0.0,penurie (vide)
bicloo,Nantes,4b812fe2a4084680944260b4d7fd97aa,PIRMIL,0.111,3.0,24.0,27.0,0.0,0.0,47.197,-1.542,3.0,0.0,penurie (vide)
bicloo,Nantes,55713e8826fa3f15f727cc564509dfeb,TORTIÈRE,0.333,4.0,8.0,12.0,0.0,0.0,47.235,-1.549,4.0,0.0,penurie (vide)
bicloo,Nantes,55d5ddfef132f1e3ec7bce11afb28819,SAINT FÉLIX,0.714,10.0,4.0,14.0,0.0,0.0,47.23,-1.556,10.0,0.0,penurie (vide)
bicloo,Nantes,5b1a0d38dbc1fca453559d88ebad89a4,MILLERAND,0.077,1.0,12.0,13.0,0.0,0.0,47.208,-1.53,1.0,0.0,penurie (vide)
bicloo,Nantes,5cd461b4607e2fbf6d2431a67bffe4d7,BELLAMY-GUÉ MOREAU,0.786,11.0,3.0,14.0,0.0,0.0,47.229,-1.562,11.0,0.0,penurie (vide)
bicloo,Nantes,5d8910c8dae08fa0bcb5624c3d24f4dc,BONNE GARDE,0.5,12.0,12.0,24.0,0.0,0.0,47.197,-1.532,12.0,0.0,penurie (vide)
bicloo,Nantes,5de876aaee2a88a379ca07eda79ab6f2,STRASBOURG,0.0,0.0,15.0,15.0,1.0,0.0,47.217,-1.552,0.0,1.0,penurie (vide)
bicloo,Nantes,63e57c7ab4768059d046da2d44dbb0cf,SAINT DONATIEN,0.263,5.0,14.0,19.0,0.0,0.0,47.229,-1.54,5.0,0.0,penurie (vide)
bicloo,Nantes,681e62674e9a21ac60803372e926e578,DE GAULLE,0.238,5.0,16.0,21.0,0.0,0.0,47.208,-1.541,5.0,0.0,penurie (vide)
bicloo,Nantes,69ad0c2968dbdc35cd70a8e25bd74914,HUIT MAI,0.2,3.0,12.0,15.0,0.0,0.0,47.189,-1.551,3.0,0.0,penurie (vide)
bicloo,Nantes,6a371892a1a31b79a438ffd39f51f8b2,P+R BAS DE CHANTENAY,0.4,6.0,9.0,15.0,0.0,0.0,47.196,-1.591,6.0,0.0,penurie (vide)
bicloo,Nantes,6aacf1fb491584963017b0a65c4ef263,GAËTAN RONDEAU,0.5,7.0,7.0,14.0,0.0,0.0,47.205,-1.538,7.0,0.0,penurie (vide)
bicloo,Nantes,6c59a2d298eacb0fe7993c1144260101,SAINT-AIGNAN,0.714,10.0,4.0,14.0,0.0,0.0,47.207,-1.579,10.0,0.0,penurie (vide)
bicloo,Nantes,70668618fd80da3adff5527efc38c1ad,PLACIS,0.444,8.0,10.0,18.0,0.0,0.0,47.199,-1.52,8.0,0.0,penurie (vide)
bicloo,Nantes,720d1cc03885e71bb30b7ce9ac88769f,MITRIE,0.357,5.0,9.0,14.0,0.0,0.0,47.229,-1.526,5.0,0.0,penurie (vide)
bicloo,Nantes,75de70e4721552d6af29e17642b2c3d6,CANCLAUX,0.267,4.0,11.0,15.0,0.0,0.0,47.214,-1.575,4.0,0.0,penurie (vide)
bicloo,Nantes,76964d74ed331d82dd5da96e9ab2abc9,COMMERCE,0.121,4.0,29.0,33.0,0.0,0.0,47.214,-1.556,4.0,0.0,penurie (vide)
bicloo,Nantes,76cd1f6745dc6a4323de1b3da3bbb99f,TRENTEMOULT SABLIERES,0.571,8.0,6.0,14.0,0.0,0.0,47.191,-1.586,8.0,0.0,penurie (vide)
bicloo,Nantes,776f4637db7d12ad8d85b1be67a22672,PICASSO,0.3,12.0,28.0,40.0,0.0,0.0,47.216,-1.534,12.0,0.0,penurie (vide)
bicloo,Nantes,77af71d9989268874c7d2b022d1c1961,TRARIEUX,0.35,7.0,13.0,20.0,0.0,0.0,47.226,-1.522,7.0,0.0,penurie (vide)
bicloo,Nantes,78711fed674adcd67bf6edb7d5e8d58e,LIBERTÉ,0.789,15.0,4.0,19.0,0.0,0.0,47.198,-1.588,15.0,0.0,penurie (vide)
bicloo,Nantes,799c3c4999698be586fcdd38bfb35da9,PRAIRIE AU DUC,0.538,7.0,6.0,13.0,0.0,0.0,47.205,-1.559,7.0,0.0,penurie (vide)
bicloo,Nantes,7e284804640819ab434f1a0b2779be27,MOULIN,0.5,6.0,6.0,12.0,0.0,0.0,47.217,-1.554,6.0,0.0,penurie (vide)
bicloo,Nantes,7f227e8a280f4dc40edd241f6b2d3a52,SARRADIN,0.615,8.0,5.0,13.0,0.0,0.0,47.221,-1.57,8.0,0.0,penurie (vide)
bicloo,Nantes,86a0c04dbec5641920a879fe098dff6c,BOUCHERIE,0.25,6.0,18.0,24.0,0.0,0.0,47.216,-1.557,6.0,0.0,penurie (vide)
bicloo,Nantes,8936d5abc405ddf687aaae8654530dff,BUAT,0.455,5.0,6.0,11.0,0.0,0.0,47.227,-1.542,5.0,0.0,penurie (vide)
bicloo,Nantes,8a6d79dcbf75d0b11fc11b73d4a17631,DIDEROT,0.333,7.0,14.0,21.0,0.0,0.0,47.184,-1.563,7.0,0.0,penurie (vide)
bicloo,Nantes,8abca4aaabebfc083e25a7f177103025,FÉLIX ÉBOUÉ,0.778,21.0,6.0,27.0,0.0,0.0,47.211,-1.557,21.0,0.0,penurie (vide)
bicloo,Nantes,8f130bb2f929bec6442c0a427191844d,MAGELLAN,0.412,7.0,10.0,17.0,0.0,0.0,47.211,-1.544,7.0,0.0,penurie (vide)
bicloo,Nantes,8facabfe6213fbae10dd92b8b9fee075,ARISTIDE BRIAND,0.588,10.0,7.0,17.0,0.0,0.0,47.217,-1.563,10.0,0.0,penurie (vide)
bicloo,Nantes,8fcba27bd68f19f1c49c8a1d23b6a432,COURS SULLY,0.333,5.0,10.0,15.0,0.0,0.0,47.223,-1.552,5.0,0.0,penurie (vide)
bicloo,Nantes,9084662bdbb85245bf3b8ae04584955e,MALAKOFF,0.133,2.0,13.0,15.0,0.0,0.0,47.213,-1.537,2.0,0.0,penurie (vide)
bicloo,Nantes,9260e8fbce6799286f47153431608888,TALENSAC NORD,0.214,3.0,11.0,14.0,0.0,0.0,47.222,-1.559,3.0,0.0,penurie (vide)
bicloo,Nantes,965be7fb6e1bd759bfb3bfcfdfed6a26,VIARME,0.857,12.0,2.0,14.0,0.0,0.0,47.221,-1.563,12.0,0.0,penurie (vide)
bicloo,Nantes,968056bb76f7906c8e45ca4e6ec510bc,MOUTONNERIE,0.667,10.0,5.0,15.0,0.0,0.0,47.22,-1.533,10.0,0.0,penurie (vide)
bicloo,Nantes,9bebe1d92a985808982a7c6375a3a07d,ÉDOUARD NORMAND,0.846,11.0,2.0,13.0,0.0,0.0,47.219,-1.563,11.0,0.0,penurie (vide)
bicloo,Nantes,9c9887e4a1bba6e2210bd63b2afffb49,QUAI MONCOUSU,0.583,14.0,10.0,24.0,0.0,0.0,47.209,-1.555,14.0,0.0,penurie (vide)
bicloo,Nantes,a17fa958bb5d3c6a1ee899fc3e80ae75,TRENTEMOULT,0.115,3.0,23.0,26.0,0.0,0.0,47.195,-1.582,3.0,0.0,penurie (vide)
bicloo,Nantes,a6446768cb82babd646296a0788d79b0,DUGUAY TROUIN,0.154,4.0,22.0,26.0,0.0,0.0,47.213,-1.557,4.0,0.0,penurie (vide)
bicloo,Nantes,abe1b86251a8b9fcb79fe77e484e6660,GARE DE NANTES NORD,0.333,13.0,26.0,39.0,0.0,0.0,47.217,-1.544,13.0,0.0,penurie (vide)
bicloo,Nantes,b358a1d386a279049825339199e14694,GUIST'HAU NORD,0.867,13.0,2.0,15.0,0.0,0.0,47.218,-1.569,13.0,0.0,penurie (vide)
bicloo,Nantes,b49e371ae9b067d29f4bdc4d30d22af3,TABARLY,0.2,4.0,16.0,20.0,0.0,0.0,47.214,-1.53,4.0,0.0,penurie (vide)
bicloo,Nantes,b6382f5648cccd566b36f497bef894a9,MACHINE DE L'ÎLE,0.472,17.0,19.0,36.0,0.0,0.0,47.207,-1.565,17.0,0.0,penurie (vide)
bicloo,Nantes,b97086e3a276b0a424704de8a0cadfe1,GUIST'HAU SUD,,0.0,0.0,0.0,1.0,1.0,47.217,-1.567,,1.0,penurie (vide)
bicloo,Nantes,b9b8dcee4357697be74c77acaf1f75c6,ATOUTSUD,0.36,9.0,16.0,25.0,0.0,0.0,47.194,-1.57,9.0,0.0,penurie (vide)
bicloo,Nantes,bbedb09896df6f71501a9efdcae151d2,GARE DE CHANTENAY,0.812,13.0,3.0,16.0,0.0,0.0,47.198,-1.595,13.0,0.0,penurie (vide)
bicloo,Nantes,bc392530a16b1f99f0356b79730d72f1,MARTYRS NANTAIS,0.407,11.0,16.0,27.0,0.0,0.0,47.207,-1.548,11.0,0.0,penurie (vide)
bicloo,Nantes,bdadd4293e0b45592cf75b26cea16065,ÉCOLE D'ARCHITECTURE,0.719,23.0,9.0,32.0,0.0,0.0,47.208,-1.558,23.0,0.0,penurie (vide)
bicloo,Nantes,c20a4ce842fde80a45d2e114d0ebd37b,ROND POINT DE RENNES,0.643,9.0,5.0,14.0,0.0,0.0,47.233,-1.566,9.0,0.0,penurie (vide)
bicloo,Nantes,c2510702d0115b11ffa14225ab4c1e41,ROND POINT DE VANNES,0.467,7.0,8.0,15.0,0.0,0.0,47.23,-1.572,7.0,0.0,penurie (vide)
bicloo,Nantes,c376fd1acd3e080c79eda1fb129aa827,ANATOLE FRANCE,0.667,10.0,5.0,15.0,0.0,0.0,47.224,-1.571,10.0,0.0,penurie (vide)
bicloo,Nantes,c74b513bc1e84b7961027b009cab02f5,MÉDIATHÈQUE,0.4,10.0,15.0,25.0,0.0,0.0,47.211,-1.562,10.0,0.0,penurie (vide)
bicloo,Nantes,c919e93bf59fde95f2bcd7e92ace6850,VERDUN,0.571,8.0,6.0,14.0,0.0,0.0,47.218,-1.552,8.0,0.0,penurie (vide)
bicloo,Nantes,d0ed952a732850662f1efcd082ae7073,PLACE DU CIRQUE,0.286,6.0,15.0,21.0,0.0,0.0,47.218,-1.557,6.0,0.0,penurie (vide)
bicloo,Nantes,d2356ceec8e8af9f3fa80688bad80325,GRÉNERAIE,0.4,8.0,12.0,20.0,0.0,0.0,47.2,-1.535,8.0,0.0,penurie (vide)
bicloo,Nantes,d2b6f2df4d4d0ca7dfadcb1c9d7943e2,BOURSE,0.136,3.0,19.0,22.0,0.0,0.0,47.212,-1.559,3.0,0.0,penurie (vide)
bicloo,Nantes,d316f9aeb0b89236331eb1a779d59e95,SAINTE ÉLISABETH,0.929,13.0,1.0,14.0,0.0,0.0,47.219,-1.562,13.0,0.0,penurie (vide)
bicloo,Nantes,d48c0d4cb7eae8bc9c0e8bd41970245c,SÉBILLEAU,0.938,15.0,1.0,16.0,0.0,0.0,47.207,-1.533,15.0,0.0,penurie (vide)
bicloo,Nantes,d4b65f670ab3f0d191d81a3946595ac6,VICTOR RICHARD,0.6,9.0,6.0,15.0,0.0,0.0,47.229,-1.533,9.0,0.0,penurie (vide)
bicloo,Nantes,d548d4e6be4c440d675d874171b93fb3,MAIRIE DE CHANTENAY,0.0,0.0,14.0,14.0,1.0,0.0,47.207,-1.588,0.0,1.0,penurie (vide)
bicloo,Nantes,d5ab3ee05aaa03ee3c824b656ca2843f,DELORME,0.3,6.0,14.0,20.0,0.0,0.0,47.215,-1.564,6.0,0.0,penurie (vide)
bicloo,Nantes,d5f42466541c1bcd2ce8fc909a038a24,SAINT CLÉMENT,0.556,5.0,4.0,9.0,0.0,0.0,47.222,-1.547,5.0,0.0,penurie (vide)
bicloo,Nantes,d6a611c2b42e0cf99c1c11dcad540f5c,GUÉPIN,0.429,6.0,8.0,14.0,0.0,0.0,47.216,-1.559,6.0,0.0,penurie (vide)
bicloo,Nantes,d93efd4b8abc1ac6a00a506461881254,DUCHESSE ANNE,0.333,5.0,10.0,15.0,0.0,0.0,47.217,-1.547,5.0,0.0,penurie (vide)
bicloo,Nantes,e27ed3fd1fe4e825dc0caff0ff43665e,RACINE,0.0,0.0,12.0,12.0,1.0,0.0,47.214,-1.563,0.0,1.0,penurie (vide)
bicloo,Nantes,e3df45ea6217d047757320128f5cf95d,ST JACQUES,0.8,12.0,3.0,15.0,0.0,0.0,47.196,-1.537,12.0,0.0,penurie (vide)
bicloo,Nantes,e58e8c507910861d4b1366b4b06ebe81,PRÉFECTURE,0.219,7.0,25.0,32.0,0.0,0.0,47.22,-1.555,7.0,0.0,penurie (vide)
bicloo,Nantes,e717f6963b3694dddab2f53e3c310706,OLIVETTES,0.2,3.0,12.0,15.0,0.0,0.0,47.212,-1.55,3.0,0.0,penurie (vide)
bicloo,Nantes,e9facb8cb7d93c85d78f33d32c8d37a0,JARDIN DES PLANTES,0.667,10.0,5.0,15.0,0.0,0.0,47.22,-1.545,10.0,0.0,penurie (vide)
bicloo,Nantes,ec9bf94446ed5b6427d453228f8c348a,PALAIS DES SPORTS,0.733,11.0,4.0,15.0,0.0,0.0,47.208,-1.537,11.0,0.0,penurie (vide)
bicloo,Nantes,f014f5bb4e610836df0fdb4b406f2baa,MADELEINE,0.619,13.0,8.0,21.0,0.0,0.0,47.209,-1.55,13.0,0.0,penurie (vide)
bicloo,Nantes,f23962ec52262f725f489764c259f80a,GARE MARITIME,0.645,20.0,11.0,31.0,0.0,0.0,47.207,-1.573,20.0,0.0,penurie (vide)
bicloo,Nantes,f388e5437e5e71d2a3dbc9e501cc270b,ROND-POINT DE PARIS,0.414,12.0,17.0,29.0,0.0,0.0,47.235,-1.535,12.0,0.0,penurie (vide)
bicloo,Nantes,f479048bd48e6b51bd7a8a62e34adf34,ANTILLES,0.25,6.0,18.0,24.0,0.0,0.0,47.203,-1.572,6.0,0.0,penurie (vide)
bicloo,Nantes,f484a01c6f81f319547a888aa0fbc98b,SAINT SIMILIEN,0.5,7.0,7.0,14.0,0.0,0.0,47.22,-1.559,7.0,0.0,penurie (vide)
bicloo,Nantes,f7c1508915a8098c863d08bef99f82bc,CHÂTEAU,0.125,2.0,14.0,16.0,0.0,0.0,47.215,-1.55,2.0,0.0,penurie (vide)
bicloo,Nantes,f7d7d6c8d1591e3ac56a684064595f81,GARENNES,0.667,10.0,5.0,15.0,0.0,0.0,47.202,-1.579,10.0,0.0,penurie (vide)
bicloo,Nantes,f8a82f671a990991daae0d89a00388d8,ZOLA,0.64,16.0,9.0,25.0,0.0,0.0,47.214,-1.586,16.0,0.0,penurie (vide)
bicloo,Nantes,f9ce4d9bd5efe923a8919f019b486226,BROSSARD,0.222,4.0,14.0,18.0,0.0,0.0,47.219,-1.557,4.0,0.0,penurie (vide)
bicloo,Nantes,fb580e73468c368cd98cb06af682a752,CLOS TOREAU,0.095,2.0,19.0,21.0,0.0,0.0,47.194,-1.529,2.0,0.0,penurie (vide)
bicloo,Nantes,ff872522f16c455e31fc9283b6137432,MAIRIE DE REZÉ,0.429,9.0,12.0,21.0,0.0,0.0,47.191,-1.569,9.0,0.0,penurie (vide)
brennus,Sens,16deaf3bdcd5dab309051408d780fda3,Sens - Clos le Roi,0.111,1.0,8.0,9.0,0.0,0.0,48.199,3.277,1.0,0.0,penurie (vide)
brennus,Sens,241f5c301f49953f12cb9bf77a44c4ff,Sens - Lycées,0.1,1.0,9.0,10.0,0.0,0.0,48.201,3.303,1.0,0.0,penurie (vide)
brennus,Sens,428a738f458273789333cdbec625cf60,Sens - Place des Héros,0.2,2.0,8.0,10.0,0.0,0.0,48.198,3.29,2.0,0.0,penurie (vide)
brennus,Sens,4c5e9a60fe8503acaa3ea962c8cc3a9a,Villeneuve sur Yonne - Quai place André Verly,0.5,5.0,5.0,10.0,0.0,0.0,48.083,3.294,5.0,0.0,penurie (vide)
brennus,Sens,5c54b2fe0dbc7293a79fba43ea5f4f83,Sens - Gare SNCF,0.3,3.0,7.0,10.0,0.0,0.0,48.198,3.268,3.0,0.0,penurie (vide)
brennus,Sens,7b5d15bcd07e2fb58d81eecd5265930a,Sens - Hôpital - centre nautique - Complexe Roger Breton,0.3,3.0,7.0,10.0,0.0,0.0,48.191,3.298,3.0,0.0,penurie (vide)
brennus,Sens,7f6d6e98911a2d789b1503954484d3e8,Sens - Clinique,0.0,0.0,9.0,9.0,1.0,0.0,48.206,3.294,0.0,1.0,penurie (vide)
brennus,Sens,9c04ca72fe0c479f996b003e016251a4,Sens - L'amphi - Ballastière - CTM,0.6,6.0,4.0,10.0,0.0,0.0,48.21,3.286,6.0,0.0,penurie (vide)
brennus,Sens,a8656d4d055bcd1348a103374b74afbe,Paron - Chauvot de Beauchêne,0.1,1.0,9.0,10.0,0.0,0.0,48.187,3.247,1.0,0.0,penurie (vide)
brennus,Sens,b34e7b88a2a32b5ee07f8b62b9a5c545,Sens - Champs-Plaisants,0.0,0.0,10.0,10.0,1.0,0.0,48.195,3.305,0.0,1.0,penurie (vide)
brennus,Sens,c1d3ab9f287331feb64fd83208f8ab24,Saint-Clément - Mairie,0.4,4.0,6.0,10.0,0.0,0.0,48.218,3.292,4.0,0.0,penurie (vide)
brennus,Sens,c64b148907a25eb7eac30f19ea5ed8d4,Gron - ZI de Salcy,0.4,4.0,6.0,10.0,0.0,0.0,48.169,3.274,4.0,0.0,penurie (vide)
brennus,Sens,c77a66ab2374233755a631b8d3e55967,Sens - Centre-ville,0.222,2.0,7.0,9.0,0.0,0.0,48.198,3.283,2.0,0.0,penurie (vide)
brennus,Sens,ce61b482a936f8369eae1c1b989ab74b,Villeneuve sur Yonne - Gare SNCF,0.7,7.0,3.0,10.0,0.0,0.0,48.085,3.287,7.0,0.0,penurie (vide)
brennus,Sens,e3b283cb294731bae0efa4c4aec53cc8,Sens - Zone commerciale Portes de Bourgogne,0.7,7.0,3.0,10.0,0.0,0.0,48.176,3.29,7.0,0.0,penurie (vide)
brennus,Sens,eaf7cf9dfa5184e657eb5f5fc718960b,Saint Denis Lès Sens - Centre commercial,0.4,4.0,6.0,10.0,0.0,0.0,48.218,3.276,4.0,0.0,penurie (vide)
brennus,Sens,eb85751d4f71fd18ea48c31162df13d1,Sens - Parc du Moulin à Tan,0.5,5.0,5.0,10.0,0.0,0.0,48.186,3.279,5.0,0.0,penurie (vide)
brennus,Sens,f03f036abf680e6fd2ead495a6fc1bca,Paron - Médiathèque,0.0,0.0,10.0,10.0,1.0,0.0,48.185,3.253,0.0,1.0,penurie (vide)
c-velo,Clermont-Ferrand,019aaecc5e212b1ea2a002588731195f,39 - Oradou,0.267,4.0,11.0,15.0,0.0,0.0,45.77,3.107,4.0,0.0,penurie (vide)
c-velo,Clermont-Ferrand,0361045fe05b66280b48acb2bc5d7e27,11A - Gare - Terminal routier,0.167,4.0,20.0,24.0,0.0,0.0,45.779,3.099,4.0,0.0,penurie (vide)
c-velo,Clermont-Ferrand,0379e3174a06692f9746d4e09ed050e8,38 - Les Paulines,0.1,2.0,18.0,20.0,0.0,0.0,45.776,3.097,2.0,0.0,penurie (vide)
c-velo,Clermont-Ferrand,03cf89c71748f08a86fd6447a571c963,01 - Jaude,0.429,12.0,16.0,28.0,0.0,0.0,45.777,3.081,12.0,0.0,penurie (vide)
c-velo,Clermont-Ferrand,0bc930fafa023d6a35006093c1552b49,34 - République,0.567,17.0,13.0,30.0,0.0,0.0,45.785,3.101,17.0,0.0,penurie (vide)
c-velo,Clermont-Ferrand,13968d99c4a4c471f0d38fc3fd867931,33 - La Fayette,0.474,9.0,10.0,19.0,0.0,0.0,45.768,3.106,9.0,0.0,penurie (vide)
c-velo,Clermont-Ferrand,1b5ad11c0be70af2bfa94ee52f50015a,75 - Place de la République,0.111,2.0,16.0,18.0,0.0,0.0,45.739,3.196,2.0,0.0,penurie (vide)
c-velo,Clermont-Ferrand,248cf31ca802077c07f2139b627d0e63,15 - Maison des sports,0.062,2.0,30.0,32.0,0.0,0.0,45.786,3.087,2.0,0.0,penurie (vide)
c-velo,Clermont-Ferrand,2a788b1e23925b3e1ee260095d6a4997,28 - Morel Ladeuil,0.375,6.0,10.0,16.0,0.0,0.0,45.776,3.075,6.0,0.0,penurie (vide)
c-velo,Clermont-Ferrand,34367ec214d4515e201432ac9b1e05e6,55 - Viviani,0.6,9.0,6.0,15.0,0.0,0.0,45.808,3.119,9.0,0.0,penurie (vide)
c-velo,Clermont-Ferrand,3647792be5c0a623d8340fc30d3fda1f,44 - Braga,0.1,4.0,36.0,40.0,0.0,0.0,45.787,3.112,4.0,0.0,penurie (vide)
c-velo,Clermont-Ferrand,3a27aabfab52a85cfae7e0bbf0397f4d,36 - Rodade,0.625,10.0,6.0,16.0,0.0,0.0,45.793,3.109,10.0,0.0,penurie (vide)
c-velo,Clermont-Ferrand,3dd48173529557326924554ead09a51e,04 UCA - Campus Cézeaux,0.667,20.0,10.0,30.0,0.0,0.0,45.759,3.113,20.0,0.0,penurie (vide)
c-velo,Clermont-Ferrand,3e863748d65bf2fc4254233da73e4711,51 - Montjuzet,0.133,2.0,13.0,15.0,0.0,0.0,45.788,3.079,2.0,0.0,penurie (vide)
c-velo,Clermont-Ferrand,3ef5938231a885e92a8795069b5e82c4,23 - Lagarlaye,0.207,6.0,23.0,29.0,0.0,0.0,45.774,3.083,6.0,0.0,penurie (vide)
c-velo,Clermont-Ferrand,3f933461b94d7f3ae52a706fca3f76f1,03 UCA - Campus Centre,0.226,7.0,24.0,31.0,0.0,0.0,45.772,3.09,7.0,0.0,penurie (vide)
c-velo,Clermont-Ferrand,490542ad4be51b66646f1d752a78186d,17 - Hôpital d'Estaing,0.458,11.0,13.0,24.0,0.0,0.0,45.785,3.11,11.0,0.0,penurie (vide)
c-velo,Clermont-Ferrand,4e60b02b26321f8c3060d2125b3c88a0,10 - Ballainvilliers,0.333,8.0,16.0,24.0,0.0,0.0,45.776,3.086,8.0,0.0,penurie (vide)
c-velo,Clermont-Ferrand,4e7591eb26899cd9d35237fa9ac8e2e3,56 - Collège Albert Camus,0.25,3.0,9.0,12.0,0.0,0.0,45.808,3.107,3.0,0.0,penurie (vide)
c-velo,Clermont-Ferrand,51580e024b42141a31cd958f778fb565,31 - Poncillon,0.312,5.0,11.0,16.0,0.0,0.0,45.764,3.084,5.0,0.0,penurie (vide)
c-velo,Clermont-Ferrand,51ae212f036977c37600a16d36036e83,13 - 1er mai,0.087,2.0,21.0,23.0,0.0,0.0,45.787,3.099,2.0,0.0,penurie (vide)
c-velo,Clermont-Ferrand,52426133293663d78e55cd6e2b3a09b6,09 - Chamalières Mairie,0.55,11.0,9.0,20.0,0.0,0.0,45.776,3.069,11.0,0.0,penurie (vide)
c-velo,Clermont-Ferrand,557fcf687225895c5eb094b050abb4e7,68 - Le Grand Mail,0.625,10.0,6.0,16.0,0.0,0.0,45.745,3.172,10.0,0.0,penurie (vide)
c-velo,Clermont-Ferrand,59a868602a591af22364b62e98c35154,11B - Gare - Terminal routier ,0.0,0.0,24.0,24.0,1.0,0.0,45.779,3.099,0.0,1.0,penurie (vide)
c-velo,Clermont-Ferrand,5dbc8b7df75beafae987ce68b8dd626e,32 - Liondards,0.267,4.0,11.0,15.0,0.0,0.0,45.765,3.093,4.0,0.0,penurie (vide)
c-velo,Clermont-Ferrand,604988443d92f5b81d276ed8d5c1838d,27 - Berthelot,0.118,2.0,15.0,17.0,0.0,0.0,45.78,3.072,2.0,0.0,penurie (vide)
c-velo,Clermont-Ferrand,6262479ac28335a43c0506580389cc98,16 - Fontgiève,0.188,3.0,13.0,16.0,0.0,0.0,45.781,3.076,3.0,0.0,penurie (vide)
c-velo,Clermont-Ferrand,652602070bb51e1f96c0e0aea53ca3e8,14 - Les Carmes,0.19,4.0,17.0,21.0,0.0,0.0,45.782,3.095,4.0,0.0,penurie (vide)
c-velo,Clermont-Ferrand,66269647559b38ab2cec12f3beaf62ef,19 - Amboise,0.053,1.0,18.0,19.0,0.0,0.0,45.774,3.093,1.0,0.0,penurie (vide)
c-velo,Clermont-Ferrand,671197d473848e905a226ff0ab756252,25 - Apollinaire,0.105,2.0,17.0,19.0,0.0,0.0,45.783,3.087,2.0,0.0,penurie (vide)
c-velo,Clermont-Ferrand,6fd972b593b203cbdba248103e525f57,57 - Croix de Neyrat,0.421,8.0,11.0,19.0,0.0,0.0,45.811,3.107,8.0,0.0,penurie (vide)
c-velo,Clermont-Ferrand,7446f945a7bf5ad6063664391ea47f39,73 - Espace Ariccia,0.467,7.0,8.0,15.0,0.0,0.0,45.731,3.202,7.0,0.0,penurie (vide)
c-velo,Clermont-Ferrand,751a4636314727bf92a5d2ebd9be68e7,35 - Cataroux,0.14,6.0,37.0,43.0,0.0,0.0,45.79,3.104,6.0,0.0,penurie (vide)
c-velo,Clermont-Ferrand,7a392d005d1880a24675d185ad9f28ee,49 - Galaxie,0.278,5.0,13.0,18.0,0.0,0.0,45.783,3.073,5.0,0.0,penurie (vide)
c-velo,Clermont-Ferrand,7bf2fdfe3194d4effe82dc989a872896,60 - Parc de la Muraille,0.0,0.0,15.0,15.0,1.0,0.0,45.766,3.09,0.0,1.0,penurie (vide)
c-velo,Clermont-Ferrand,7c42f7478907da1924e2c6487ff7e190,08B - Gaillard,0.75,9.0,3.0,12.0,0.0,0.0,45.78,3.084,9.0,0.0,penurie (vide)
c-velo,Clermont-Ferrand,7cb6fe988633adedda13b2417f73fecb,45 - Trois coquins,0.0,0.0,8.0,8.0,1.0,0.0,45.779,3.109,0.0,1.0,penurie (vide)
c-velo,Clermont-Ferrand,88c5154aba310e8b920832e209ce0433,37 - Musée d'art Roger Quilliot,0.579,11.0,8.0,19.0,0.0,0.0,45.794,3.117,11.0,0.0,penurie (vide)
c-velo,Clermont-Ferrand,89e66abe973ac88e081e7423256fd735,50 - Sabourin,0.333,5.0,10.0,15.0,0.0,0.0,45.802,3.107,5.0,0.0,penurie (vide)
c-velo,Clermont-Ferrand,8b0ec205fcd50a985216b2a1a2f2b388,52 - La Glacière,0.211,4.0,15.0,19.0,0.0,0.0,45.792,3.079,4.0,0.0,penurie (vide)
c-velo,Clermont-Ferrand,8cdc019c72e7e31c55e5248bff3865d0,07 - Delille,0.667,12.0,6.0,18.0,0.0,0.0,45.781,3.091,12.0,0.0,penurie (vide)
c-velo,Clermont-Ferrand,8eea30f4dd8393e2161e6baee17af0d9,46 - Musset,0.312,5.0,11.0,16.0,0.0,0.0,45.778,3.108,5.0,0.0,penurie (vide)
c-velo,Clermont-Ferrand,93176cd315c34a1efb632229f0654214,02 - Parvis de la gare,0.156,5.0,27.0,32.0,0.0,0.0,45.779,3.101,5.0,0.0,penurie (vide)
c-velo,Clermont-Ferrand,9725368be1106b60dff05d9d53c8e101,20 - Pochet Lagaye,0.417,10.0,14.0,24.0,0.0,0.0,45.764,3.1,10.0,0.0,penurie (vide)
c-velo,Clermont-Ferrand,9a5a3f864cc7ac9152d371f7fff2a9a9,67 - Pont de Sarliève,0.45,9.0,11.0,20.0,0.0,0.0,45.756,3.15,9.0,0.0,penurie (vide)
c-velo,Clermont-Ferrand,9bb32c40e63b8ae37f233f33afd3e898,42 - Les pistes,0.136,3.0,19.0,22.0,0.0,0.0,45.798,3.114,3.0,0.0,penurie (vide)
c-velo,Clermont-Ferrand,a19b3bf6744930a8a3207c99148e7d13,43 - Chandiots,0.15,3.0,17.0,20.0,0.0,0.0,45.789,3.117,3.0,0.0,penurie (vide)
c-velo,Clermont-Ferrand,a27f3433bfddbd2e6dc5454dede64eea,71 - Pervenches,0.25,4.0,12.0,16.0,0.0,0.0,45.739,3.188,4.0,0.0,penurie (vide)
c-velo,Clermont-Ferrand,a7e26a7cf1a58cda082b5d66cd7c7766,22 - Jaurès,0.231,3.0,10.0,13.0,0.0,0.0,45.771,3.074,3.0,0.0,penurie (vide)
c-velo,Clermont-Ferrand,a97224605b1b8838f823820c4c7ee0da,58 - Parc Saint-Jean,0.111,2.0,16.0,18.0,0.0,0.0,45.785,3.116,2.0,0.0,penurie (vide)
c-velo,Clermont-Ferrand,b13d3bc55d7341702150bd6b53767c23,78 - Plan d'eau,0.7,14.0,6.0,20.0,0.0,0.0,45.74,3.217,14.0,0.0,penurie (vide)
c-velo,Clermont-Ferrand,b2e9bf429dc8260b06eb93ecb4901d97,70 - Gare de Cournon-d'Auvergne,0.368,7.0,12.0,19.0,0.0,0.0,45.739,3.169,7.0,0.0,penurie (vide)
c-velo,Clermont-Ferrand,b384ad1ac1dfa27e6d18f2f58f36521e,06 - CHU G.Montpied,0.344,11.0,21.0,32.0,0.0,0.0,45.762,3.09,11.0,0.0,penurie (vide)
c-velo,Clermont-Ferrand,b5cc53af30077e71d4a845e58a1625eb,74 - Samuel Paty,0.5,8.0,8.0,16.0,0.0,0.0,45.737,3.194,8.0,0.0,penurie (vide)
c-velo,Clermont-Ferrand,ba5cb4eafbeecd9776fdffa8e0d8a654,24 - Dumas,0.421,8.0,11.0,19.0,0.0,0.0,45.786,3.092,8.0,0.0,penurie (vide)
c-velo,Clermont-Ferrand,be757ff203a14d95a8dfba369b2fb59e,69 - La Poëlade ,0.133,2.0,13.0,15.0,0.0,0.0,45.744,3.178,2.0,0.0,penurie (vide)
c-velo,Clermont-Ferrand,c403bff3c79360c36e45eef7f23e217d,65 - Gare La Pardieu,0.6,12.0,8.0,20.0,0.0,0.0,45.767,3.134,12.0,0.0,penurie (vide)
c-velo,Clermont-Ferrand,c42376e29c87b29a492d2b139552cbab,48 - Voltaire,0.0,0.0,19.0,19.0,1.0,0.0,45.779,3.067,0.0,1.0,penurie (vide)
c-velo,Clermont-Ferrand,c714f050404f698c0ebb7b65be205d13,18 - Côte Blatin,0.111,2.0,16.0,18.0,0.0,0.0,45.771,3.092,2.0,0.0,penurie (vide)
c-velo,Clermont-Ferrand,cb80a0466347aa841af1e060bef0b7db,61 - Stade Philippe Marcombes,0.125,2.0,14.0,16.0,0.0,0.0,45.762,3.084,2.0,0.0,penurie (vide)
c-velo,Clermont-Ferrand,cc2a3e195c8501f1cf9ace2e50cd47ab,53 - Les Carmes - Barbusse,0.25,7.0,21.0,28.0,0.0,0.0,45.783,3.093,7.0,0.0,penurie (vide)
c-velo,Clermont-Ferrand,ce7f6d9b9d4783779dd64a0d6dd747f7,77 - Lycée Descartes,0.789,15.0,4.0,19.0,0.0,0.0,45.743,3.21,15.0,0.0,penurie (vide)
c-velo,Clermont-Ferrand,ceb977a06c238a34fcfda1c227118b54,79 - Gare du Cendre,0.938,15.0,1.0,16.0,0.0,0.0,45.724,3.189,15.0,0.0,penurie (vide)
c-velo,Clermont-Ferrand,cf06362d3437175d0f6faf2fd63717bd,26 - Clos Notre Dame,0.0,0.0,16.0,16.0,1.0,0.0,45.785,3.08,0.0,1.0,penurie (vide)
c-velo,Clermont-Ferrand,d1fa2bfa88148d8d31f464670ffce0ad,30 - Coubertin,0.294,5.0,12.0,17.0,0.0,0.0,45.769,3.084,5.0,0.0,penurie (vide)
c-velo,Clermont-Ferrand,d94bd92507993b0ae6b5247f4ae40967,41 - Cézeaux Pellez,0.833,20.0,4.0,24.0,0.0,0.0,45.761,3.109,20.0,0.0,penurie (vide)
c-velo,Clermont-Ferrand,db1227dbf81549f2cf5aeb0cab883486,47 - Carnot,0.708,17.0,7.0,24.0,0.0,0.0,45.777,3.09,17.0,0.0,penurie (vide)
c-velo,Clermont-Ferrand,dc59b6052e1954a4eecdfaa7518536fb,76 - Les Toulaits,0.6,9.0,6.0,15.0,0.0,0.0,45.739,3.214,9.0,0.0,penurie (vide)
c-velo,Clermont-Ferrand,dd2f7b4ffb5f61ffd552ce788dccd3cd,64 - Fontaine du Bac,0.263,5.0,14.0,19.0,0.0,0.0,45.766,3.121,5.0,0.0,penurie (vide)
c-velo,Clermont-Ferrand,df19d07de7e5394fedb0ebacabd1025e,62 - Les Ormeaux,0.062,1.0,15.0,16.0,0.0,0.0,45.758,3.081,1.0,0.0,penurie (vide)
c-velo,Clermont-Ferrand,e44b535bb2eda63ddce3ec496b2ac42e,66 - Lycée Lafayette,0.737,14.0,5.0,19.0,0.0,0.0,45.763,3.128,14.0,0.0,penurie (vide)
c-velo,Clermont-Ferrand,e472ed0f0fd8424868c6d69d2c1b00de,80 - Verger du Caire,0.4,6.0,9.0,15.0,0.0,0.0,45.72,3.188,6.0,0.0,penurie (vide)
c-velo,Clermont-Ferrand,e5c57f64b20baa0e06ce3d1261682fd8,54 - La Plaine,0.857,12.0,2.0,14.0,0.0,0.0,45.812,3.114,12.0,0.0,penurie (vide)
c-velo,Clermont-Ferrand,e7ea9d1c7c1723c55169c593a46095c5,63 - Mairie de Beaumont,0.062,1.0,15.0,16.0,0.0,0.0,45.754,3.087,1.0,0.0,penurie (vide)
c-velo,Clermont-Ferrand,e89957c14923b562a71dde4e786b054c,21 - CROUS / Dolet,0.5,12.0,12.0,24.0,0.0,0.0,45.765,3.087,12.0,0.0,penurie (vide)
c-velo,Clermont-Ferrand,e9f395a1d83ed7f27dbd448f4447a418,05 - Salins,0.29,9.0,22.0,31.0,0.0,0.0,45.772,3.083,9.0,0.0,penurie (vide)
c-velo,Clermont-Ferrand,eb865fd34ac76fba89e6e23efebdb1e5,29 - Regensburg,0.13,3.0,20.0,23.0,0.0,0.0,45.772,3.078,3.0,0.0,penurie (vide)
c-velo,Clermont-Ferrand,ed37a25dd1f103caa8ef08b221cb8374,40 - Parking Gare,0.13,3.0,20.0,23.0,0.0,0.0,45.778,3.101,3.0,0.0,penurie (vide)
c-velo,Clermont-Ferrand,f0f9678b33947a795488985b85597ebc,12 - Montferrand,0.619,13.0,8.0,21.0,0.0,0.0,45.791,3.112,13.0,0.0,penurie (vide)
c-velo,Clermont-Ferrand,f4b80650f19c4c2c3880c581983dcd33,72 - La Coloc' de la culture,0.684,13.0,6.0,19.0,0.0,0.0,45.73,3.191,13.0,0.0,penurie (vide)
c-velo,Clermont-Ferrand,f941912b82c3f207dbdd7287f4c11ba2,59 - Lycée Gergovie,0.316,6.0,13.0,19.0,0.0,0.0,45.782,3.118,6.0,0.0,penurie (vide)
c-velo,Clermont-Ferrand,fde46fcdf02fdba4ed68d1daf3d32d2a,08A - Gaillard,0.733,11.0,4.0,15.0,0.0,0.0,45.78,3.084,11.0,0.0,penurie (vide)
chantrerie-captainbike,"La Chantrerie, Nantes",05b12b1680f8e40a73757ec5f3f3478c,Chantrerie Grandes Ecoles,0.05,1.0,19.0,20.0,0.0,0.0,47.282,-1.517,1.0,0.0,penurie (vide)
chantrerie-captainbike,"La Chantrerie, Nantes",06d91ed848f409b05c42f48d702203dc,Restaurant interentreprises,0.368,7.0,12.0,19.0,0.0,0.0,47.225,-1.647,7.0,0.0,penurie (vide)
chantrerie-captainbike,"La Chantrerie, Nantes",3e097588136083066c4fbe99d6f33f9b,Grimm,0.2,3.0,12.0,15.0,0.0,0.0,47.216,-1.646,3.0,0.0,penurie (vide)
chantrerie-captainbike,"La Chantrerie, Nantes",48509b0046e7f080239460602d477136,Ecole Vétérinaire Maintenance,0.0,0.0,2.0,2.0,1.0,0.0,47.289,-1.523,0.0,1.0,penurie (vide)
chantrerie-captainbike,"La Chantrerie, Nantes",494ee41d273fa85d8219e7543c3739f8,Hôpital Laënnec,0.333,6.0,12.0,18.0,0.0,0.0,47.235,-1.641,6.0,0.0,penurie (vide)
chantrerie-captainbike,"La Chantrerie, Nantes",510252eb37e61f481887d752db8fab20,Savaudière,0.263,5.0,14.0,19.0,0.0,0.0,47.293,-1.502,5.0,0.0,penurie (vide)
chantrerie-captainbike,"La Chantrerie, Nantes",526f2383cf1f513d08097b8f6cb355bf,ICO,0.368,7.0,12.0,19.0,0.0,0.0,47.238,-1.637,7.0,0.0,penurie (vide)
chantrerie-captainbike,"La Chantrerie, Nantes",8120e545767fe00c79b281e7f582f8b1,Rivaudière,0.462,6.0,7.0,13.0,0.0,0.0,47.227,-1.651,6.0,0.0,penurie (vide)
chantrerie-captainbike,"La Chantrerie, Nantes",871019ba4623abff32ed93d898d0d2e5,Brégeonnière,0.222,4.0,14.0,18.0,0.0,0.0,47.292,-1.521,4.0,0.0,penurie (vide)
chantrerie-captainbike,"La Chantrerie, Nantes",8dc809a81429fc41c4fbe61f3c6f4d9e,Bergerie,0.4,8.0,12.0,20.0,0.0,0.0,47.237,-1.631,8.0,0.0,penurie (vide)
chantrerie-captainbike,"La Chantrerie, Nantes",90a17c9f5ad90738892e7b5b40ee5193,Ponton Gachet ,0.111,1.0,8.0,9.0,0.0,0.0,47.294,-1.527,1.0,0.0,penurie (vide)
chantrerie-captainbike,"La Chantrerie, Nantes",9779954bac047f902fdc64a0eed8ad39,Armor,0.261,6.0,17.0,23.0,0.0,0.0,47.231,-1.631,6.0,0.0,penurie (vide)
chantrerie-captainbike,"La Chantrerie, Nantes",ad27d56f6b584a09775980b40964ab99,François Mitterrand ,0.105,2.0,17.0,19.0,0.0,0.0,47.222,-1.639,2.0,0.0,penurie (vide)
chantrerie-captainbike,"La Chantrerie, Nantes",c2409418b58ea0ba9704a1dc9c07aa33,Polytech ,0.308,4.0,9.0,13.0,0.0,0.0,47.281,-1.514,4.0,0.0,penurie (vide)
chantrerie-captainbike,"La Chantrerie, Nantes",c3129c4383058709ea62be59157cb8c3,Gachet ,0.3,6.0,14.0,20.0,0.0,0.0,47.293,-1.524,6.0,0.0,penurie (vide)
chantrerie-captainbike,"La Chantrerie, Nantes",eb66db4033f6d0e283bd52bd961ae72e,Sophie Germain,0.263,5.0,14.0,19.0,0.0,0.0,47.286,-1.517,5.0,0.0,penurie (vide)
choletbus,Cholet,0cee358521abf541f90c4233ff5b8d97,Centre Hospitalier,0.5,9.0,9.0,18.0,0.0,0.0,47.041,-0.894,9.0,0.0,penurie (vide)
choletbus,Cholet,11ef2b32a9ea1bf801c654086ba9c659,Gare SNCF - Strasbourg,0.3,3.0,7.0,10.0,0.0,0.0,47.067,-0.869,3.0,0.0,penurie (vide)
choletbus,Cholet,269f95f53a3d61f5c89f17144c25ecc2,Cormier Armand Mayer,0.182,2.0,9.0,11.0,0.0,0.0,47.039,-0.917,2.0,0.0,penurie (vide)
choletbus,Cholet,31b9f14682e314ce891ecaed10352ded,La Dabardière,0.562,9.0,7.0,16.0,0.0,0.0,47.075,-0.874,9.0,0.0,penurie (vide)
choletbus,Cholet,34bcb94d860cb98357c0d087a21fdb40,L'Autre Faubourg,0.308,4.0,9.0,13.0,0.0,0.0,47.074,-0.838,4.0,0.0,penurie (vide)
choletbus,Cholet,4e5095d64137544f957a3de7ce3161d6,Lorraine,0.333,4.0,8.0,12.0,0.0,0.0,47.057,-0.868,4.0,0.0,penurie (vide)
choletbus,Cholet,5592346cc926a017bae61624e0005428,ZI  Nord,0.3,3.0,7.0,10.0,0.0,0.0,47.072,-0.874,3.0,0.0,penurie (vide)
choletbus,Cholet,57005d4161a1f459de4fc89f7d623435,Travot,0.1,1.0,9.0,10.0,0.0,0.0,47.061,-0.88,1.0,0.0,penurie (vide)
choletbus,Cholet,73919641a4594dca856deb77131e366a,Parc du Carteron,0.4,6.0,9.0,15.0,0.0,0.0,47.05,-0.869,6.0,0.0,penurie (vide)
choletbus,Cholet,7c61311f058bbb548babd6569e96489d,Val de Moine Parc,0.357,5.0,9.0,14.0,0.0,0.0,47.046,-0.851,5.0,0.0,penurie (vide)
choletbus,Cholet,7fcce308b0af5bcf9e70d2d1cef2716a,Gare SNCF,0.308,4.0,9.0,13.0,0.0,0.0,47.065,-0.87,4.0,0.0,penurie (vide)
choletbus,Cholet,81a7c9e673d3963f249093c31f75992a,Jean Monnet Descartes,0.333,4.0,8.0,12.0,0.0,0.0,47.049,-0.885,4.0,0.0,penurie (vide)
choletbus,Cholet,c2b33c66fbf781aa9a90c5b059124c97,Bretagne Mocrat,0.273,3.0,8.0,11.0,0.0,0.0,47.062,-0.896,3.0,0.0,penurie (vide)
choletbus,Cholet,c3bb2a31b90e094da2f68aab6a9bb385,Béthenod ,0.462,6.0,7.0,13.0,0.0,0.0,47.066,-0.859,6.0,0.0,penurie (vide)
choletbus,Cholet,eb5520acd477217629bd715386271775,Hôtel de Ville,0.471,8.0,9.0,17.0,0.0,0.0,47.058,-0.88,8.0,0.0,penurie (vide)
choletbus,Cholet,f90bd16aa1e7d94385b5c718b2239439,Cormier Jean Rouyer,0.4,6.0,9.0,15.0,0.0,0.0,47.031,-0.915,6.0,0.0,penurie (vide)
cyclam,Ardenne Métropole,0b370cc752247d757df3f1ebc7503232,CMZ - Hôpital Manchester,0.167,1.0,5.0,6.0,0.0,0.0,49.763,4.697,1.0,0.0,penurie (vide)
cyclam,Ardenne Métropole,0ceb629ff8bf0c644c7ed08168f057ac,CMZ - Préfecture,0.462,6.0,7.0,13.0,0.0,0.0,49.761,4.72,6.0,0.0,penurie (vide)
cyclam,Ardenne Métropole,11c5dafac6b5d466f9d67d452362ca0e,CMZ - Mont Olympe,0.455,5.0,6.0,11.0,0.0,0.0,49.78,4.721,5.0,0.0,penurie (vide)
cyclam,Ardenne Métropole,23ed67f0d55eca52268a57639b5d8fe2,Balan Mairie,0.2,1.0,4.0,5.0,0.0,0.0,49.69,4.96,1.0,0.0,penurie (vide)
cyclam,Ardenne Métropole,26796aac36db3673cd04fcf0d2e35459,CMZ - Campus,0.462,6.0,7.0,13.0,0.0,0.0,49.739,4.723,6.0,0.0,penurie (vide)
cyclam,Ardenne Métropole,2bc8126d57e562f59771c03ffcbdd990,CMZ - Gare SNCF,0.417,5.0,7.0,12.0,0.0,0.0,49.768,4.725,5.0,0.0,penurie (vide)
cyclam,Ardenne Métropole,2da486d79a305fd236fb26a6867406d4,CMZ - Place Ducale,0.5,5.0,5.0,10.0,0.0,0.0,49.773,4.722,5.0,0.0,penurie (vide)
cyclam,Ardenne Métropole,3521e38d892818965adae28db056c07d,CMZ - Lycée Chanzy,0.167,1.0,5.0,6.0,0.0,0.0,49.773,4.73,1.0,0.0,penurie (vide)
cyclam,Ardenne Métropole,35837b3c1a6eb283f394d2b76b9ef22b,Dom-le-Mesnil Pont-à-Bar,0.429,3.0,4.0,7.0,0.0,0.0,49.691,4.839,3.0,0.0,penurie (vide)
cyclam,Ardenne Métropole,3d24a01e2aaeca47fe7f92e8c84ef50b,Montcy-Notre-Dame Mairie,0.2,1.0,4.0,5.0,0.0,0.0,49.774,4.744,1.0,0.0,penurie (vide)
cyclam,Ardenne Métropole,422742dc41de29305bfc33ab7a5f3f22,Prix-Lès-Mézières,0.2,1.0,4.0,5.0,0.0,0.0,49.754,4.698,1.0,0.0,penurie (vide)
cyclam,Ardenne Métropole,4d475c42653eac88afa6fe8508e557c8,Saint-Laurent - Mairie,0.2,1.0,4.0,5.0,0.0,0.0,49.764,4.771,1.0,0.0,penurie (vide)
cyclam,Ardenne Métropole,4e5fa04c710f7914ff8fc2b31720a32e,Sedan - Maison Claude Georgin,0.375,3.0,5.0,8.0,0.0,0.0,49.696,4.916,3.0,0.0,penurie (vide)
cyclam,Ardenne Métropole,533fa4823aaa67a3144d68b3887eea26,Glaire Mairie,0.556,5.0,4.0,9.0,0.0,0.0,49.712,4.913,5.0,0.0,penurie (vide)
cyclam,Ardenne Métropole,59ae93a52ca9551ab2f02753b3cf2e58,Villers-Semeuse Mairie,0.692,9.0,4.0,13.0,0.0,0.0,49.743,4.747,9.0,0.0,penurie (vide)
cyclam,Ardenne Métropole,5b77ab9cfa39a78c6643a194491fc0db,Bazeilles Mairie,0.5,4.0,4.0,8.0,0.0,0.0,49.676,4.977,4.0,0.0,penurie (vide)
cyclam,Ardenne Métropole,64443474ac30d74e24afd9336d589920,CMZ - Nevers,0.5,6.0,6.0,12.0,0.0,0.0,49.775,4.719,6.0,0.0,penurie (vide)
cyclam,Ardenne Métropole,6b2f028a3680eb6f23657676cb24622e,Wadelincourt Mairie,0.333,2.0,4.0,6.0,0.0,0.0,49.685,4.941,2.0,0.0,penurie (vide)
cyclam,Ardenne Métropole,6becb564063890c2c2f5308cad99edd8,Lumes Mairie,0.333,2.0,4.0,6.0,0.0,0.0,49.735,4.784,2.0,0.0,penurie (vide)
cyclam,Ardenne Métropole,6e0154b12a1a45772807bc79089ca0c6,CMZ - Val de Vence,0.167,1.0,5.0,6.0,0.0,0.0,49.743,4.729,1.0,0.0,penurie (vide)
cyclam,Ardenne Métropole,70d19af8b7e2a204e7e8e495d709b21a,Sedan - Château,0.25,2.0,6.0,8.0,0.0,0.0,49.701,4.948,2.0,0.0,penurie (vide)
cyclam,Ardenne Métropole,7d17e154c27cf05c9239cec78647dd03,Nouzonville - Centre culturel,0.375,3.0,5.0,8.0,0.0,0.0,49.814,4.744,3.0,0.0,penurie (vide)
cyclam,Ardenne Métropole,85d15185d9c14a9c66870a5e31577d62,Sedan - Mairie,0.0,0.0,6.0,6.0,1.0,0.0,49.703,4.943,0.0,1.0,penurie (vide)
cyclam,Ardenne Métropole,9aae99215a6b32b9fd5e319a8d95900f,Warcq Bellevue du Nord,0.429,3.0,4.0,7.0,0.0,0.0,49.779,4.694,3.0,0.0,penurie (vide)
cyclam,Ardenne Métropole,9c52f82d5fda99ce8826d4507eb6e888,Sedan - Le Lac Centre Social,0.25,2.0,6.0,8.0,0.0,0.0,49.695,4.944,2.0,0.0,penurie (vide)
cyclam,Ardenne Métropole,a3a5afb41b4f42eb1f43c637dba0643d,CMZ - Joliot Curie,0.429,3.0,4.0,7.0,0.0,0.0,49.786,4.713,3.0,0.0,penurie (vide)
cyclam,Ardenne Métropole,a860624c8accee45c8f0c684f89bfadf,CMZ - 91EME RI,0.143,1.0,6.0,7.0,0.0,0.0,49.755,4.718,1.0,0.0,penurie (vide)
cyclam,Ardenne Métropole,d244ad6c4dbcb31f8e15959dce065526,CMZ - Place Marceau,0.667,4.0,2.0,6.0,0.0,0.0,49.752,4.728,4.0,0.0,penurie (vide)
cyclam,Ardenne Métropole,da686da30c6c29f10e195b4caeb5e5c7,Sedan - Frénois,0.429,3.0,4.0,7.0,0.0,0.0,49.69,4.902,3.0,0.0,penurie (vide)
cyclam,Ardenne Métropole,e845c1c700439984b3976ecae085835e,Sedan - Gare SNCF,0.571,8.0,6.0,14.0,0.0,0.0,49.695,4.931,8.0,0.0,penurie (vide)
cyclam,Ardenne Métropole,f0628b034b8707fe2991ef6c56139b94,Flize - Mairie,0.429,3.0,4.0,7.0,0.0,0.0,49.698,4.775,3.0,0.0,penurie (vide)
cyclam,Ardenne Métropole,f26ff6eff10e229f08bbfaaec2c024fa,Damouzy Mairie,0.333,1.0,2.0,3.0,0.0,0.0,49.797,4.676,1.0,0.0,penurie (vide)
cyclam,Ardenne Métropole,f8f231c67892ca566bc544240677f92b,CMZ - St Julien,0.167,1.0,5.0,6.0,0.0,0.0,49.762,4.711,1.0,0.0,penurie (vide)
cyclam,Ardenne Métropole,fe755cc650e2748576c294c79d1f9aed,CMZ - Lycée Charles de Gonzague,0.2,1.0,4.0,5.0,0.0,0.0,49.748,4.714,1.0,0.0,penurie (vide)
cyclolibre,Carcassonne,45b0a5ab97802388f95d5a383dc7d574,Buffon,0.4,2.0,3.0,5.0,0.0,0.0,43.226,2.358,2.0,0.0,penurie (vide)
cyclolibre,Carcassonne,5d4b8ec505dfcb77d4777e15ae29eab7,Place Davilla,0.444,4.0,5.0,9.0,0.0,0.0,43.213,2.346,4.0,0.0,penurie (vide)
cyclolibre,Carcassonne,5e8b9ab8fde4a920fb0145ac838e0349,La Trivalle,0.333,1.0,2.0,3.0,0.0,0.0,43.21,2.361,1.0,0.0,penurie (vide)
cyclolibre,Carcassonne,6a2609e3bcce9311d58137678e7bd287,Place de Lattre de Tassigny,0.471,8.0,9.0,17.0,0.0,0.0,43.213,2.354,8.0,0.0,penurie (vide)
cyclolibre,Carcassonne,7b17fb65e6a220c951601752e5ac98f5,La Gare,0.438,7.0,9.0,16.0,0.0,0.0,43.218,2.352,7.0,0.0,penurie (vide)
cyclolibre,Carcassonne,8c49ff58d32deed362103ecdf2e60bec,Cité des sports,0.667,4.0,2.0,6.0,0.0,0.0,43.217,2.367,4.0,0.0,penurie (vide)
cyclolibre,Carcassonne,a63d6e3b98e3f06a02da7dd94cb19dfd,Camping La Cité Carcassonne,0.667,4.0,2.0,6.0,0.0,0.0,43.2,2.354,4.0,0.0,penurie (vide)
cyclolibre,Carcassonne,c7170d0a25caf86f82e7a2bc21709713,Point d'accueil CYCLOlibre,0.714,5.0,2.0,7.0,0.0,0.0,43.216,2.354,5.0,0.0,penurie (vide)
cyclolibre,Carcassonne,cd5260c191a55440bd780e0d794603e3,Pôle Aqualudique,0.6,3.0,2.0,5.0,0.0,0.0,43.206,2.348,3.0,0.0,penurie (vide)
cyclolibre,Carcassonne,d4e5d798189141986b75cd2a8f56da0b,Prado,0.25,3.0,9.0,12.0,0.0,0.0,43.206,2.367,3.0,0.0,penurie (vide)
cyclolibre,Carcassonne,ef9dc3355f8d5651749e3e1be3a2596b,Hôtel du Département,0.667,4.0,2.0,6.0,0.0,0.0,43.231,2.353,4.0,0.0,penurie (vide)
cyclovis,Soissons,0406b4d68e7a832265d1607ce083eff7,Saint Jean des Vignes - Gouraud,0.167,2.0,10.0,12.0,0.0,0.0,49.376,3.322,2.0,0.0,penurie (vide)
cyclovis,Soissons,1f7d5234bed9a4070179e8ddb3a798a9,IUT - CUFFIES,0.308,4.0,9.0,13.0,0.0,0.0,49.401,3.329,4.0,0.0,penurie (vide)
cyclovis,Soissons,22a20eae71ecca75bea7d0a7b5868c47,Pasly,0.25,1.0,3.0,4.0,0.0,0.0,49.4,3.295,1.0,0.0,penurie (vide)
cyclovis,Soissons,25931ae2c7549785e8e1e9738ed2af0d,Jeu d'Arc,0.444,4.0,5.0,9.0,0.0,0.0,49.391,3.32,4.0,0.0,penurie (vide)
cyclovis,Soissons,26894ef03e374dc6b3e958d62d57286b,Crouy - Place Tivoli,0.444,4.0,5.0,9.0,0.0,0.0,49.401,3.356,4.0,0.0,penurie (vide)
cyclovis,Soissons,29ae48f079a7d113542c1d87adcb21c8,Place des Maraîchers - Chevreux,0.417,5.0,7.0,12.0,0.0,0.0,49.367,3.324,5.0,0.0,penurie (vide)
cyclovis,Soissons,2e73e6ec8b61cbb8b1fbc2df2c39b2dc,Gare SNCF 2,0.0,0.0,3.0,3.0,1.0,0.0,49.369,3.338,0.0,1.0,penurie (vide)
cyclovis,Soissons,2f06eae1a4f59c77c7281cd88fb52a02,Place Saint Christophe,0.2,1.0,4.0,5.0,0.0,0.0,49.382,3.321,1.0,0.0,penurie (vide)
cyclovis,Soissons,41cd02ce4ab3851757feeb4aaea18551,Gare SNCF 1,0.375,3.0,5.0,8.0,0.0,0.0,49.369,3.338,3.0,0.0,penurie (vide)
cyclovis,Soissons,432e7de4f372127e6895aa5155823656,Billy sur Aisne - Place de la Mairie,0.25,1.0,3.0,4.0,0.0,0.0,49.357,3.385,1.0,0.0,penurie (vide)
cyclovis,Soissons,4972fefea588ba433a2f76217d82e195,Lycée Gérard de Nerval,0.286,2.0,5.0,7.0,0.0,0.0,49.386,3.323,2.0,0.0,penurie (vide)
cyclovis,Soissons,4e02dd9c832563ecdc5f387bf273d154,Villeneuve - Jean Zay,0.4,2.0,3.0,5.0,0.0,0.0,49.376,3.343,2.0,0.0,penurie (vide)
cyclovis,Soissons,53f8cecf90ca589b9355ce95beee79f3,Bibliothèque - Hôtel de ville,0.0,0.0,9.0,9.0,1.0,0.0,49.384,3.328,0.0,1.0,penurie (vide)
cyclovis,Soissons,55053db4467eed1f9e2cd77d12be14da,Lycée Saint Vincent de Paul,0.0,0.0,3.0,3.0,1.0,0.0,49.376,3.335,0.0,1.0,penurie (vide)
cyclovis,Soissons,557106341e217c02714baf92d4313f91,Les Bains du Lac,0.375,3.0,5.0,8.0,0.0,0.0,49.38,3.3,3.0,0.0,penurie (vide)
cyclovis,Soissons,55d8b96ef05cc9cda955cb64d0e2c5ae,Place Alsace Lorraine,0.286,2.0,5.0,7.0,0.0,0.0,49.383,3.336,2.0,0.0,penurie (vide)
cyclovis,Soissons,58ae93ec485bfd60150f7bf221cebb10,Pôle Emploi - Zone des Entrepôts,0.222,2.0,7.0,9.0,0.0,0.0,49.393,3.338,2.0,0.0,penurie (vide)
cyclovis,Soissons,5da2650105d0e8dfd31c77a14370bcbb,Square Saint Martin,0.167,2.0,10.0,12.0,0.0,0.0,49.377,3.328,2.0,0.0,penurie (vide)
cyclovis,Soissons,65070d865d59111615617c9addca8dc8,Lycée Le Corbusier,0.25,1.0,3.0,4.0,0.0,0.0,49.364,3.316,1.0,0.0,penurie (vide)
cyclovis,Soissons,6b3010bf4a1142554b0ce45759fc62d5,Bernoix - Le Château ,0.0,0.0,3.0,3.0,1.0,0.0,49.333,3.312,0.0,1.0,penurie (vide)
cyclovis,Soissons,6f58a9ad708b8c9c3974112dc7640aa3,Place Fernand Marquigny,0.333,5.0,10.0,15.0,0.0,0.0,49.381,3.328,5.0,0.0,penurie (vide)
cyclovis,Soissons,7226c6171d994dd55d222c2943723e83,Les 3 Clochers - Bernoy le Château,0.429,3.0,4.0,7.0,0.0,0.0,49.333,3.328,3.0,0.0,penurie (vide)
cyclovis,Soissons,753720c3bbb52fe1da4b32ed85a411cf,Hôpital,0.231,3.0,10.0,13.0,0.0,0.0,49.371,3.336,3.0,0.0,penurie (vide)
cyclovis,Soissons,7fe3c2bbec236ccc5e34720a366a0880,Collège Jean Mermoz - Belleu,0.167,2.0,10.0,12.0,0.0,0.0,49.363,3.337,2.0,0.0,penurie (vide)
cyclovis,Soissons,8cd1934f5e90b9541754a14ad5f7d259,Place Lamartine,0.3,3.0,7.0,10.0,0.0,0.0,49.387,3.317,3.0,0.0,penurie (vide)
cyclovis,Soissons,b2199fb866add06cb28a4f2aff4d7f93,Les deux Lions - Belleu,0.25,1.0,3.0,4.0,0.0,0.0,49.36,3.34,1.0,0.0,penurie (vide)
cyclovis,Soissons,b8c64372862fbbc79ead9546fa56c5c7,Parc Saint Crépin,0.222,2.0,7.0,9.0,0.0,0.0,49.39,3.328,2.0,0.0,penurie (vide)
cyclovis,Soissons,cc161d22690dccafb4c3536272b15653,Base Nautique - Pommiers,0.25,1.0,3.0,4.0,0.0,0.0,49.391,3.275,1.0,0.0,penurie (vide)
cyclovis,Soissons,e5dd8baaf6714d453059db8ef1c56a00,Villeneuve - Mairie,0.2,1.0,4.0,5.0,0.0,0.0,49.38,3.358,1.0,0.0,penurie (vide)
cyclovis,Soissons,f127f698cf31c90c086e9bcd4629b9f0,Vauxbuin,0.4,2.0,3.0,5.0,0.0,0.0,49.358,3.297,2.0,0.0,penurie (vide)
cyclovis,Soissons,fcda462c4ce9014b1591411d6d793c5a,Centre Social de Presles,0.231,3.0,10.0,13.0,0.0,0.0,49.373,3.309,3.0,0.0,penurie (vide)
divia-velodi,Dijon,02321d102c47eda0b48bddb33e5e55fd,Gare Dijon Ville,0.425,17.0,23.0,40.0,0.0,0.0,47.323,5.028,17.0,0.0,penurie (vide)
divia-velodi,Dijon,091a32bde344c10fe0435f0abc26d853,République - Rousseau,0.364,8.0,14.0,22.0,0.0,0.0,47.326,5.045,8.0,0.0,penurie (vide)
divia-velodi,Dijon,0a22784e4f88fa52ea2700ffbee96155,Auguste Comte,0.583,7.0,5.0,12.0,0.0,0.0,47.324,5.045,7.0,0.0,penurie (vide)
divia-velodi,Dijon,0ebd8900ef1ef16968443409b276f4a4,Darcy,0.333,8.0,16.0,24.0,0.0,0.0,47.324,5.033,8.0,0.0,penurie (vide)
divia-velodi,Dijon,100a13ac29b65dff80c37e5fc3bc5d22,Grangier,0.333,10.0,20.0,30.0,0.0,0.0,47.323,5.038,10.0,0.0,penurie (vide)
divia-velodi,Dijon,1ca28930559e999656ebcc5fb3645d39,Sambin - Ecole de Commerce,0.464,13.0,15.0,28.0,0.0,0.0,47.328,5.042,13.0,0.0,penurie (vide)
divia-velodi,Dijon,1e9454e7912a01211b63adca3795fc3d,Préfecture,0.611,11.0,7.0,18.0,0.0,0.0,47.326,5.043,11.0,0.0,penurie (vide)
divia-velodi,Dijon,208761ec01b33f75ed649e88fb3979f5,Jeannin - Saumaise,0.286,8.0,20.0,28.0,0.0,0.0,47.322,5.047,8.0,0.0,penurie (vide)
divia-velodi,Dijon,20ece88f175f57ada5f1c1ae49201d16,Place Barbe,0.583,7.0,5.0,12.0,0.0,0.0,47.329,5.039,7.0,0.0,penurie (vide)
divia-velodi,Dijon,2ea8679d79f16088a80aa9983448cc1c,Auditorium,0.719,23.0,9.0,32.0,0.0,0.0,47.329,5.052,23.0,0.0,penurie (vide)
divia-velodi,Dijon,3446f854171ed6611c8f4b16d4e55594,Place des Cordeliers,0.6,12.0,8.0,20.0,0.0,0.0,47.319,5.04,12.0,0.0,penurie (vide)
divia-velodi,Dijon,426bdc5badd698d943436b550a6562e6,Forges - Notre Dame,0.542,13.0,11.0,24.0,0.0,0.0,47.322,5.041,13.0,0.0,penurie (vide)
divia-velodi,Dijon,48671ee0a76c6a4d26ce86df709d24d1,Auxonne - Eldorado,0.55,11.0,9.0,20.0,0.0,0.0,47.314,5.049,11.0,0.0,penurie (vide)
divia-velodi,Dijon,4d8221f81b61d11c5e22e9f9518e95f6,Colombière,0.391,9.0,14.0,23.0,0.0,0.0,47.302,5.049,9.0,0.0,penurie (vide)
divia-velodi,Dijon,61e711124dcd5e09e2d60dfe09a44e60,Saint-Bénigne,0.5,9.0,9.0,18.0,0.0,0.0,47.321,5.034,9.0,0.0,penurie (vide)
divia-velodi,Dijon,63ef390b95e3ca73d11c5a8560d5a94e,Zola - Monge,0.6,12.0,8.0,20.0,0.0,0.0,47.319,5.035,12.0,0.0,penurie (vide)
divia-velodi,Dijon,63f05d465214456b6611af64d75a9ea0,Cité de la gastronomie,0.438,14.0,18.0,32.0,0.0,0.0,47.317,5.033,14.0,0.0,penurie (vide)
divia-velodi,Dijon,70101eaefa2c826f607cbf4e18f0153f,Place Saint-Fiacre,0.562,9.0,7.0,16.0,0.0,0.0,47.32,5.041,9.0,0.0,penurie (vide)
divia-velodi,Dijon,781e0fbae5aca82234acdb0141a00af1,Lycée Carnot,0.6,12.0,8.0,20.0,0.0,0.0,47.324,5.05,12.0,0.0,penurie (vide)
divia-velodi,Dijon,790cb0204fc2b0b3717eda04d0466847,Parc des Sports,0.737,14.0,5.0,19.0,0.0,0.0,47.323,5.066,14.0,0.0,penurie (vide)
divia-velodi,Dijon,868573e21ffd6956e7f5727063dec535,30 Octobre - Paul Cabet,0.333,8.0,16.0,24.0,0.0,0.0,47.322,5.051,8.0,0.0,penurie (vide)
divia-velodi,Dijon,8f709429dce60f5d8a61edb559618bc1,Voltaire-Mirande,0.5,8.0,8.0,16.0,0.0,0.0,47.319,5.052,8.0,0.0,penurie (vide)
divia-velodi,Dijon,9350f2d7fd87f1f91756cba851bff415,Place Bossuet,0.444,8.0,10.0,18.0,0.0,0.0,47.32,5.036,8.0,0.0,penurie (vide)
divia-velodi,Dijon,a005e0d8e1338095e78c78a864a6cc38,Victor Hugo - Spuller,0.5,11.0,11.0,22.0,0.0,0.0,47.326,5.03,11.0,0.0,penurie (vide)
divia-velodi,Dijon,a1c0dea655c07363d99de5edd702df05,Gare - Porte Neuve,0.667,8.0,4.0,12.0,0.0,0.0,47.323,5.055,8.0,0.0,penurie (vide)
divia-velodi,Dijon,ad4d5e973be965570b435b537d32b629,Barabant - Transvaal,0.375,6.0,10.0,16.0,0.0,0.0,47.315,5.038,6.0,0.0,penurie (vide)
divia-velodi,Dijon,b06c3da56aa390675e9dd03696b64611,Drapeau - Dijon métropole,0.556,10.0,8.0,18.0,0.0,0.0,47.333,5.044,10.0,0.0,penurie (vide)
divia-velodi,Dijon,b54a74446e6413b19cd07a49b4951f4a,Drapeau - Junot,0.6,12.0,8.0,20.0,0.0,0.0,47.337,5.045,12.0,0.0,penurie (vide)
divia-velodi,Dijon,b663d54e91460374795dcc3db6487887,Cours du Parc - Piscine,0.455,10.0,12.0,22.0,0.0,0.0,47.307,5.047,10.0,0.0,penurie (vide)
divia-velodi,Dijon,b94e18626797e7f74a0f4742a4fd3c3c,Godrans - Les Halles,0.857,6.0,1.0,7.0,0.0,0.0,47.325,5.039,6.0,0.0,penurie (vide)
divia-velodi,Dijon,c9ff4eb370bf068df12f5ace2ac66e1e,Clemenceau - Conservatoire,0.833,15.0,3.0,18.0,0.0,0.0,47.328,5.049,15.0,0.0,penurie (vide)
divia-velodi,Dijon,cfa8ba328f7e3e4c3dfce6ebd7b49d11,Général de Gaulle - Clinique,0.5,12.0,12.0,24.0,0.0,0.0,47.313,5.044,12.0,0.0,penurie (vide)
divia-velodi,Dijon,d09773d0dac04fedbdc0c51189215828,Navier - Jean Jaurès,0.556,10.0,8.0,18.0,0.0,0.0,47.312,5.027,10.0,0.0,penurie (vide)
divia-velodi,Dijon,d66471a4f2b6a628db777df277486c54,Hôpital - Maternité,0.722,13.0,5.0,18.0,0.0,0.0,47.322,5.07,13.0,0.0,penurie (vide)
divia-velodi,Dijon,d798e715bfbbbf73b351ba50f867ef39,Marceau - Jardillier,0.545,12.0,10.0,22.0,0.0,0.0,47.328,5.045,12.0,0.0,penurie (vide)
divia-velodi,Dijon,d7ac20242ba06fa3a01356bef6c83147,Jardin de l'Arquebuse,0.471,8.0,9.0,17.0,0.0,0.0,47.322,5.027,8.0,0.0,penurie (vide)
divia-velodi,Dijon,e5d5e63651b1cfbf18871d9d62de4344,Wilson,0.4,12.0,18.0,30.0,0.0,0.0,47.317,5.044,12.0,0.0,penurie (vide)
divia-velodi,Dijon,e8eadf4eb76fcc47e36b5b21497a8df5,Mulhouse - Verdun,0.333,8.0,16.0,24.0,0.0,0.0,47.325,5.052,8.0,0.0,penurie (vide)
divia-velodi,Dijon,ef4ea9952fcf0da1e78971cee1f47ff9,Chabot Charny,0.478,11.0,12.0,23.0,0.0,0.0,47.319,5.043,11.0,0.0,penurie (vide)
divia-velodi,Dijon,f84cef9d0a70fff7a0324660253e683c,Place du Théâtre,0.37,10.0,17.0,27.0,0.0,0.0,47.321,5.043,10.0,0.0,penurie (vide)
graoulib,Metz,0c478697262a2d412047df35c5443bb8,Grandes Ecoles,0.4,4.0,6.0,10.0,0.0,0.0,49.093,6.23,4.0,0.0,penurie (vide)
graoulib,Metz,0d1caf0274e7785adeed01e5871f1eac,Henri II,0.9,9.0,1.0,10.0,0.0,0.0,49.122,6.15,9.0,0.0,penurie (vide)
graoulib,Metz,0db08e85b542ad15580c89705ef0d441,Basse seille,0.111,1.0,8.0,9.0,0.0,0.0,49.12,6.184,1.0,0.0,penurie (vide)
graoulib,Metz,14bc795340e7dff162f089abcd95368d,Costes Bellonte,0.4,4.0,6.0,10.0,0.0,0.0,49.082,6.152,4.0,0.0,penurie (vide)
graoulib,Metz,167f7d21fe63134c1da82ea7733f9f4d,Sainte-Thérèse,0.0,0.0,10.0,10.0,1.0,0.0,49.107,6.167,0.0,1.0,penurie (vide)
graoulib,Metz,1aaa2bf2a31ec1c9fda4e7ecd76d647f,BAM,0.9,9.0,1.0,10.0,0.0,0.0,49.116,6.225,9.0,0.0,penurie (vide)
graoulib,Metz,1c6ca5b004570fb894b27f3cea5534d0,Woippy Hôtel de Ville ,0.6,6.0,4.0,10.0,0.0,0.0,49.151,6.15,6.0,0.0,penurie (vide)
graoulib,Metz,1dc085aed65e3a3978d1a0b860d0abe4,Sente à My,0.3,3.0,7.0,10.0,0.0,0.0,49.103,6.177,3.0,0.0,penurie (vide)
graoulib,Metz,1e2c0f2875ac5d7c56aece1fc99a2ed3,Université Bridoux,0.1,1.0,9.0,10.0,0.0,0.0,49.114,6.212,1.0,0.0,penurie (vide)
graoulib,Metz,203119d56c8b104ee1c33fc6a60f58d8,Amphithéâtre,0.05,1.0,19.0,20.0,0.0,0.0,49.105,6.182,1.0,0.0,penurie (vide)
graoulib,Metz,2426b9cd49ded6c38125f11706df609d,Saint Livier,1.0,1.0,0.0,1.0,0.0,1.0,49.1,6.173,1.0,1.0,saturation (pleine)
graoulib,Metz,33d1f4a02c513544afd15a505bd51896,Arsenal République,0.714,15.0,6.0,21.0,0.0,0.0,49.116,6.172,15.0,0.0,penurie (vide)
graoulib,Metz,34df783ca2d720aa4a9a420220ec6923,Belletanche,0.625,5.0,3.0,8.0,0.0,0.0,49.11,6.209,5.0,0.0,penurie (vide)
graoulib,Metz,38dc0b7b62d82239dba6f7135073088b,Piscine Lothaire,0.111,1.0,8.0,9.0,0.0,0.0,49.101,6.187,1.0,0.0,penurie (vide)
graoulib,Metz,39be76a722689e1ae92716dce68c41a6,Colson,1.0,10.0,0.0,10.0,0.0,1.0,49.09,6.166,10.0,1.0,saturation (pleine)
graoulib,Metz,3bb0c70fad2280c0d54f41a10d692139,Les Vignes,0.5,5.0,5.0,10.0,0.0,0.0,49.13,6.146,5.0,0.0,penurie (vide)
graoulib,Metz,3c10674845800421072cb7953ce8720a,Marly hôtel de ville,0.889,8.0,1.0,9.0,0.0,0.0,49.06,6.154,8.0,0.0,penurie (vide)
graoulib,Metz,464f7f0acae65b80dc2d83dc504fa260,Metz Plage,0.0,0.0,10.0,10.0,1.0,0.0,49.115,6.165,0.0,1.0,penurie (vide)
graoulib,Metz,4824d50d2e2a24cc94bb0ffc11691719,Pontiffroy,0.9,9.0,1.0,10.0,0.0,0.0,49.124,6.177,9.0,0.0,penurie (vide)
graoulib,Metz,49e57bc4c5e2eccd6580a3940b52255d,Bouchotte,0.1,1.0,9.0,10.0,0.0,0.0,49.093,6.182,1.0,0.0,penurie (vide)
graoulib,Metz,4fefc31c391ed808cc477ee5b1158fd6,Cuvion,0.8,8.0,2.0,10.0,0.0,0.0,49.093,6.244,8.0,0.0,penurie (vide)
graoulib,Metz,5003aa500bc26265f77d3afc0607b54b,Mesoyers,0.273,3.0,8.0,11.0,0.0,0.0,49.094,6.129,3.0,0.0,penurie (vide)
graoulib,Metz,551f782f85c977f63d5e6532038a823d,Jardin Blory,0.1,1.0,9.0,10.0,0.0,0.0,49.086,6.162,1.0,0.0,penurie (vide)
graoulib,Metz,645dccc8de2bfb359edf8f3482c878f5,Mairie de quartier Bellecroix,0.2,2.0,8.0,10.0,0.0,0.0,49.122,6.196,2.0,0.0,penurie (vide)
graoulib,Metz,671caf732b93fb0d8b9fb4a0e2e1fc37,Coteaux de la seille,0.1,1.0,9.0,10.0,0.0,0.0,49.098,6.19,1.0,0.0,penurie (vide)
graoulib,Metz,68ce35267bc7bba5cd0c2002e8082f44,Saint-Victor,0.1,1.0,9.0,10.0,0.0,0.0,49.098,6.147,1.0,0.0,penurie (vide)
graoulib,Metz,69c13e6c5e3197c50b16d90d35f45f9c,Gare Arènes,0.0,0.0,20.0,20.0,1.0,0.0,49.107,6.178,0.0,1.0,penurie (vide)
graoulib,Metz,7b2b68f239e09a28d3d1bfe398b1cb9e,Solidarité,0.9,9.0,1.0,10.0,0.0,0.0,49.107,6.221,9.0,0.0,penurie (vide)
graoulib,Metz,7f8bb9a8551f8ee18d0fc96fbae21f2a,Agora,0.1,1.0,9.0,10.0,0.0,0.0,49.136,6.166,1.0,0.0,penurie (vide)
graoulib,Metz,86615bcfe791dcc047e61f7243e5c05f,Roi George,0.111,1.0,8.0,9.0,0.0,0.0,49.11,6.169,1.0,0.0,penurie (vide)
graoulib,Metz,87b190c035a0c2a66f79efb5ba60dd32,Robert Schuman,0.667,6.0,3.0,9.0,0.0,0.0,49.115,6.137,6.0,0.0,penurie (vide)
graoulib,Metz,8964ba6a3053a380ee091c1908010722,Peltre Gare,0.5,5.0,5.0,10.0,0.0,0.0,49.074,6.222,5.0,0.0,penurie (vide)
graoulib,Metz,8c84e92ddc3b5018991f9d215c57e8ca,Forêt des ponts,0.0,0.0,10.0,10.0,1.0,0.0,49.136,6.158,0.0,1.0,penurie (vide)
graoulib,Metz,9036925d646c73c848aa722a62d3e4fe,Saint-Vincent,0.0,0.0,20.0,20.0,1.0,0.0,49.124,6.172,0.0,1.0,penurie (vide)
graoulib,Metz,98e795fad366e5879cdbc398d2f2039e,Bourdon,0.4,4.0,6.0,10.0,0.0,0.0,49.074,6.187,4.0,0.0,penurie (vide)
graoulib,Metz,9e10cef1428ea25c9247b8af4450e9ac,Paul Claudel,0.3,3.0,7.0,10.0,0.0,0.0,49.101,6.198,3.0,0.0,penurie (vide)
graoulib,Metz,a108500946abf85552fff0608ad97580,Zollinger,0.2,2.0,8.0,10.0,0.0,0.0,49.124,6.152,2.0,0.0,penurie (vide)
graoulib,Metz,a2b6a250da9aef5545c4c8f4fed9bc66,Woippy Gare,0.5,5.0,5.0,10.0,0.0,0.0,49.149,6.155,5.0,0.0,penurie (vide)
graoulib,Metz,a78eeb0be2bd8276f1c4c8b76b6b14a3,Chemin Noir,0.556,5.0,4.0,9.0,0.0,0.0,49.129,6.161,5.0,0.0,penurie (vide)
graoulib,Metz,b78f936b3edc2cadf2f577a6a0976d55,Plan d'eau,0.0,0.0,9.0,9.0,1.0,0.0,49.117,6.167,0.0,1.0,penurie (vide)
graoulib,Metz,b9d823784c85db4dd7d7cf5311d6bced,Montigny piscine,0.1,1.0,9.0,10.0,0.0,0.0,49.091,6.144,1.0,0.0,penurie (vide)
graoulib,Metz,bb1f4397ab11faba1f3c93471c0f5630,Place Durutte,0.0,0.0,10.0,10.0,1.0,0.0,49.113,6.203,0.0,1.0,penurie (vide)
graoulib,Metz,bcf1dde5341cb181f5c68e85a16e8f3b,Gare Metz-Nord,0.0,0.0,10.0,10.0,1.0,0.0,49.137,6.168,0.0,1.0,penurie (vide)
graoulib,Metz,bf442329e6afc661e3531159e41b8010,Porte des Allemands,0.0,0.0,20.0,20.0,1.0,0.0,49.117,6.186,0.0,1.0,penurie (vide)
graoulib,Metz,c121ee1ffab6c5df21293d543731eac6,Camille Hocquard,0.091,1.0,10.0,11.0,0.0,0.0,49.112,6.185,1.0,0.0,penurie (vide)
graoulib,Metz,c97228176adedeb7dced648767a02c4f,Gare Charles de Gaulle,0.65,13.0,7.0,20.0,0.0,0.0,49.11,6.177,13.0,0.0,penurie (vide)
graoulib,Metz,c9e0a95d3b8225f8d42e27be1f93b800,CHR Mercy,0.5,5.0,5.0,10.0,0.0,0.0,49.085,6.243,5.0,0.0,penurie (vide)
graoulib,Metz,e3eefaef070f9b96cc275f7f44dc1340,Metman,0.8,8.0,2.0,10.0,0.0,0.0,49.12,6.211,8.0,0.0,penurie (vide)
graoulib,Metz,e5829b13f6267d0be03a93a5094e2079,Cathédrale,0.2,4.0,16.0,20.0,0.0,0.0,49.12,6.177,4.0,0.0,penurie (vide)
graoulib,Metz,e7e71a30806e66c3885acf68de0885c7,Gare Pompidou,0.55,11.0,9.0,20.0,0.0,0.0,49.109,6.18,11.0,0.0,penurie (vide)
graoulib,Metz,e9ffd75ed3c1457179147560c872b4ea,Lizé,1.0,10.0,0.0,10.0,0.0,1.0,49.094,6.157,10.0,1.0,saturation (pleine)
graoulib,Metz,eb7286e6e84e101fb7d6e1440f0a5b3e,Roi Albert,0.1,1.0,9.0,10.0,0.0,0.0,49.11,6.199,1.0,0.0,penurie (vide)
graoulib,Metz,ee6a7291bbcdc0225e66ebe53be72108,Saint-Symphorien,0.1,1.0,9.0,10.0,0.0,0.0,49.114,6.156,1.0,0.0,penurie (vide)
graoulib,Metz,f0af9d81226764fbf3320c7a31f28611,Université Saulcy,0.4,8.0,12.0,20.0,0.0,0.0,49.12,6.167,8.0,0.0,penurie (vide)
graoulib,Metz,f5091e2aa4829cd1bf12aa8c38df1fb0,François Arago,0.2,2.0,8.0,10.0,0.0,0.0,49.101,6.224,2.0,0.0,penurie (vide)
graoulib,Metz,f5c33310323d6c8829388789b10c3759,Coislin,0.0,0.0,20.0,20.0,1.0,0.0,49.115,6.179,0.0,1.0,penurie (vide)
graoulib,Metz,f60236fcc584c83dc29b5837c8c631d2,Nation,0.0,0.0,10.0,10.0,1.0,0.0,49.101,6.155,0.0,1.0,penurie (vide)
idecycle,Pau,0bfc1da3d1af01bc31076ffa90a3dbb9,Lyautey-Alsace Lorraine,0.3,3.0,7.0,10.0,0.0,0.0,43.304,-0.367,3.0,0.0,penurie (vide)
idecycle,Pau,0d506ff1be717999366574488d74e90a,Le Camp,0.4,4.0,6.0,10.0,0.0,0.0,43.301,-0.299,4.0,0.0,penurie (vide)
idecycle,Pau,0dfa84554405ebaa914a6e27176133a5,Mairie de Jurançon,0.2,2.0,8.0,10.0,0.0,0.0,43.287,-0.39,2.0,0.0,penurie (vide)
idecycle,Pau,1362095038863c2a3cd15945afdb63a2,Beneharnum,0.7,7.0,3.0,10.0,0.0,0.0,43.331,-0.435,7.0,0.0,penurie (vide)
idecycle,Pau,1486cac2d2cf8152e9a4afa3fc2ae0fe,Porte des Pyrénées,0.4,4.0,6.0,10.0,0.0,0.0,43.306,-0.334,4.0,0.0,penurie (vide)
idecycle,Pau,1693da9d2420dc4ab788bb83de8fedff,Guynemer,0.0,0.0,10.0,10.0,1.0,0.0,43.292,-0.397,0.0,1.0,penurie (vide)
idecycle,Pau,1dd1ae21b70b443f760377356be8c216,Université Sud ,0.1,1.0,9.0,10.0,0.0,0.0,43.312,-0.365,1.0,0.0,penurie (vide)
idecycle,Pau,29654a716b700717050d40cd86297bcb,Place d'Espagne-Bosquet,,0.0,0.0,0.0,1.0,1.0,43.298,-0.367,,1.0,penurie (vide)
idecycle,Pau,2a95c846556aa521f492a57456290d4a,Verdun,0.0,0.0,10.0,10.0,1.0,0.0,43.299,-0.375,0.0,1.0,penurie (vide)
idecycle,Pau,2afd5ab8feddd7a4997e4c8ae9a77155,Lacaoü,0.4,4.0,6.0,10.0,0.0,0.0,43.31,-0.388,4.0,0.0,penurie (vide)
idecycle,Pau,2f13782af9b7217e296adaaff43a716e,Barthou-Beaumont,0.6,6.0,4.0,10.0,0.0,0.0,43.295,-0.365,6.0,0.0,penurie (vide)
idecycle,Pau,2ff15ebfdf232105522aaa42eb9fb2f5,Simin Palay,0.3,3.0,7.0,10.0,0.0,0.0,43.336,-0.438,3.0,0.0,penurie (vide)
idecycle,Pau,336051699ed5f9520311da8edf7f57cc,Hédas,0.4,4.0,6.0,10.0,0.0,0.0,43.296,-0.373,4.0,0.0,penurie (vide)
idecycle,Pau,3b67d1937f2f7e479b6270b1394341ee,Lescar Soleil,0.5,5.0,5.0,10.0,0.0,0.0,43.32,-0.434,5.0,0.0,penurie (vide)
idecycle,Pau,3cd88a8eb0e56e31fb5f3f97a64c57f2,Massé,0.4,4.0,6.0,10.0,0.0,0.0,43.315,-0.357,4.0,0.0,penurie (vide)
idecycle,Pau,3e367e94719f23af9cb032dfd6a26a07,Parc des Expositions,0.3,3.0,7.0,10.0,0.0,0.0,43.306,-0.377,3.0,0.0,penurie (vide)
idecycle,Pau,41a6bf675309b5a41eb3518c227cba93,Balavoine,0.4,4.0,6.0,10.0,0.0,0.0,43.289,-0.352,4.0,0.0,penurie (vide)
idecycle,Pau,41dfbc24421d366e1c586f0b836ee06a,Lilas-CPAM,0.6,6.0,4.0,10.0,0.0,0.0,43.305,-0.351,6.0,0.0,penurie (vide)
idecycle,Pau,47fb15dbaaa2b702e2363ab8bd15e0a3,Val Riant,0.364,4.0,7.0,11.0,0.0,0.0,43.284,-0.375,4.0,0.0,penurie (vide)
idecycle,Pau,56e7fea5ccfd7acc179938cf66cd9b30,Piscine Aqualons,0.8,8.0,2.0,10.0,0.0,0.0,43.325,-0.392,8.0,0.0,penurie (vide)
idecycle,Pau,5f80f4b1fe87a628081e1e79b14c18c3,Clemenceau,1.0,11.0,0.0,11.0,0.0,1.0,43.296,-0.369,11.0,1.0,saturation (pleine)
idecycle,Pau,617428bb8c9435c6aff9e56254db8228,Lezons,0.5,5.0,5.0,10.0,0.0,0.0,43.28,-0.356,5.0,0.0,penurie (vide)
idecycle,Pau,660b2785919b758e9794240da60fb250,Médiathèque - Chambaud,0.4,4.0,6.0,10.0,0.0,0.0,43.321,-0.393,4.0,0.0,penurie (vide)
idecycle,Pau,69ef69e395d5da632a5ccfd3d96e671e,Lycée St John Perse,0.75,15.0,5.0,20.0,0.0,0.0,43.319,-0.364,15.0,0.0,penurie (vide)
idecycle,Pau,8676e29ad897bcc8d99d3d9c6bef847e,Catherine de Bourbon,0.4,4.0,6.0,10.0,0.0,0.0,43.321,-0.359,4.0,0.0,penurie (vide)
idecycle,Pau,8c49ab1951b90ce36ed90599148c170d,Saragosse,0.2,2.0,8.0,10.0,0.0,0.0,43.308,-0.357,2.0,0.0,penurie (vide)
idecycle,Pau,97a03e2d602d3253e81b377d8e0e4c67,Foirail,0.2,2.0,8.0,10.0,0.0,0.0,43.304,-0.37,2.0,0.0,penurie (vide)
idecycle,Pau,a7f12e04c5bd17dd0a49814b15f41a15,Jaï Alaï,0.8,8.0,2.0,10.0,0.0,0.0,43.333,-0.367,8.0,0.0,penurie (vide)
idecycle,Pau,a8b772f0743a80e4c994ca7a84dd9478,Hôpital François Mitterrand,0.5,5.0,5.0,10.0,0.0,0.0,43.325,-0.348,5.0,0.0,penurie (vide)
idecycle,Pau,c784a329fc4dac31a25a0a17a1dd0206,Halles-Médiathèque,0.4,4.0,6.0,10.0,0.0,0.0,43.3,-0.368,4.0,0.0,penurie (vide)
idecycle,Pau,c8f325fe66d856626bd0e5cd6be27b7e,14 juillet,0.1,1.0,9.0,10.0,0.0,0.0,43.292,-0.379,1.0,0.0,penurie (vide)
idecycle,Pau,cf3d085a3cf31cdab171449c14df9d1e,Funiculaire,0.7,7.0,3.0,10.0,0.0,0.0,43.293,-0.371,7.0,0.0,penurie (vide)
idecycle,Pau,d23bdd2851e496dfff2524f07a385a2b,Mairie de Billère,0.5,5.0,5.0,10.0,0.0,0.0,43.302,-0.396,5.0,0.0,penurie (vide)
idecycle,Pau,d3a0893446532d493da09d501dee163e,Château - Groupe scolaire,0.4,4.0,6.0,10.0,0.0,0.0,43.291,-0.311,4.0,0.0,penurie (vide)
idecycle,Pau,dbd4e47413bce1d8bfa7eaae7c39e0a4,Édouard VII,0.3,3.0,7.0,10.0,0.0,0.0,43.301,-0.358,3.0,0.0,penurie (vide)
idecycle,Pau,ec9fc6bd93efec8e78b28cc8c5e3026f,Montgolfier,0.5,5.0,5.0,10.0,0.0,0.0,43.307,-0.42,5.0,0.0,penurie (vide)
idecycle,Pau,edf5e9282c29891d6428bdfe3ad2c4b1,Stades du Hameau,0.2,2.0,8.0,10.0,0.0,0.0,43.307,-0.327,2.0,0.0,penurie (vide)
idecycle,Pau,eea4530e7f3947b9ca5afa24315fc044,J. Gois,0.4,4.0,6.0,10.0,0.0,0.0,43.315,-0.385,4.0,0.0,penurie (vide)
idecycle,Pau,f0f464b92d617dad5d88fbe923eb0a05,Gelos - Mairie,0.7,7.0,3.0,10.0,0.0,0.0,43.285,-0.371,7.0,0.0,penurie (vide)
idecycle,Pau,f4a0ef26321665d333be2253c7c926e6,Gare ,0.55,11.0,9.0,20.0,0.0,0.0,43.292,-0.37,11.0,0.0,penurie (vide)
karuvelo,Pointe-à-Pitre,141bba63b518e850401c252bf6c896b8,UAG,0.25,2.0,6.0,8.0,0.0,0.0,16.227,-61.529,2.0,0.0,penurie (vide)
karuvelo,Pointe-à-Pitre,197d94a6a43392d8ad9c488595715313,Mairie de Baie-Mahault,0.375,3.0,5.0,8.0,0.0,0.0,16.268,-61.587,3.0,0.0,penurie (vide)
karuvelo,Pointe-à-Pitre,22c6e3a6972b9f1ab9127e0ef01d86ae,Raisins clairs,0.286,4.0,10.0,14.0,0.0,0.0,16.25,-61.283,4.0,0.0,penurie (vide)
karuvelo,Pointe-à-Pitre,42a8b807f354c673468972ae0e6bf8ed,Place des Dissidents,0.1,1.0,9.0,10.0,0.0,0.0,16.244,-61.54,1.0,0.0,penurie (vide)
karuvelo,Pointe-à-Pitre,4fe81a22bdb2c65a6c0cb096993c33c9,Daniel Capou,0.111,1.0,8.0,9.0,0.0,0.0,16.269,-61.507,1.0,0.0,penurie (vide)
karuvelo,Pointe-à-Pitre,73fd5ded2fbb8ee0ff57230aa3ffb676,Gare maritime,0.2,2.0,8.0,10.0,0.0,0.0,16.251,-61.273,2.0,0.0,penurie (vide)
karuvelo,Pointe-à-Pitre,782039b44650f1dad14cb267892e70fb,Mairie de Pointe-à-Pitre,0.25,2.0,6.0,8.0,0.0,0.0,16.241,-61.534,2.0,0.0,penurie (vide)
karuvelo,Pointe-à-Pitre,8f60c93bb8f586f98837a041bf58171c,Boulevard Marie Galante,0.444,4.0,5.0,9.0,0.0,0.0,16.254,-61.53,4.0,0.0,penurie (vide)
karuvelo,Pointe-à-Pitre,ad61dc1967bcb59320b93852f6669bb9,Centre commercial de Destrelland,0.357,5.0,9.0,14.0,0.0,0.0,16.254,-61.589,5.0,0.0,penurie (vide)
karuvelo,Pointe-à-Pitre,b2a9f1dbb0191c038702964b770b8618,Palais des Sports,0.2,1.0,4.0,5.0,0.0,0.0,16.219,-61.52,1.0,0.0,penurie (vide)
karuvelo,Pointe-à-Pitre,b37eaeb44391732b7100644e7ff89ab7,Avenue de l'Europe,0.429,3.0,4.0,7.0,0.0,0.0,16.254,-61.27,3.0,0.0,penurie (vide)
karuvelo,Pointe-à-Pitre,bdaf81af3998712fd9a94698bf63f8e3,Place de l'église,0.2,2.0,8.0,10.0,0.0,0.0,16.252,-61.273,2.0,0.0,penurie (vide)
karuvelo,Pointe-à-Pitre,c7acb964b276ff85101b352511fc3e90,Rond point Miquel,0.111,1.0,8.0,9.0,0.0,0.0,16.247,-61.534,1.0,0.0,penurie (vide)
karuvelo,Pointe-à-Pitre,da485cf864bdfd5076cf0943a12be5d7,Place de la Victoire,0.167,1.0,5.0,6.0,0.0,0.0,16.237,-61.535,1.0,0.0,penurie (vide)
karuvelo,Pointe-à-Pitre,e09eb9ee0c7497fb6d065f288a87e7c0,Mémorial Acte 1 ,0.0,0.0,8.0,8.0,1.0,0.0,16.231,-61.534,0.0,1.0,penurie (vide)
karuvelo,Pointe-à-Pitre,e340ad8f2aef0b98da770bdfc264e20f,Office du tourisme,0.2,1.0,4.0,5.0,0.0,0.0,16.206,-61.493,1.0,0.0,penurie (vide)
karuvelo,Pointe-à-Pitre,f46f80fbcaccd5699bf06aa0274045c6,La Poste,0.111,1.0,8.0,9.0,0.0,0.0,16.263,-61.588,1.0,0.0,penurie (vide)
le-marcel,Troyes,00b9bf60ac721c03e94aaccb38b6ce6d,Ile Germaine,0.556,5.0,4.0,9.0,0.0,0.0,48.283,4.052,5.0,0.0,penurie (vide)
le-marcel,Troyes,0b86e4324b2d54a48cf01221477fe9c6,Parc des Marots,0.615,8.0,5.0,13.0,0.0,0.0,48.306,4.051,8.0,0.0,penurie (vide)
le-marcel,Troyes,0cbee0ce41634e5c2b2191a06ef439c0,Pôle Gare,0.0,0.0,12.0,12.0,1.0,0.0,48.296,4.065,0.0,1.0,penurie (vide)
le-marcel,Troyes,125e1b3e562f8922ac79db40ca131784,Parc de Fouchy,0.143,1.0,6.0,7.0,0.0,0.0,48.32,4.065,1.0,0.0,penurie (vide)
le-marcel,Troyes,2a3215bf8d2a755efc92df8239401a8a,Salengro - Mairie ,0.2,2.0,8.0,10.0,0.0,0.0,48.312,4.049,2.0,0.0,penurie (vide)
le-marcel,Troyes,2b970f5d9cde397acc6b799a23116d9f,Hôpital Simone Veil,0.167,1.0,5.0,6.0,0.0,0.0,48.28,4.069,1.0,0.0,penurie (vide)
le-marcel,Troyes,2c446588aa8f0151cb83ab4d30d02340,UTT - Complexe sportif Henri Terré,0.167,4.0,20.0,24.0,0.0,0.0,48.269,4.07,4.0,0.0,penurie (vide)
le-marcel,Troyes,2de479be5adde6aa3af4afc2dd1fcfd6,Campus-Cathédrale,0.154,2.0,11.0,13.0,0.0,0.0,48.299,4.08,2.0,0.0,penurie (vide)
le-marcel,Troyes,4ad770110db6446c6fcfa6016180ccc8,Place de Reichenbach,0.0,0.0,8.0,8.0,1.0,0.0,48.294,4.054,0.0,1.0,penurie (vide)
le-marcel,Troyes,6003b116c949ad590b961c41ccf6d5b8,Ecole de Design - Kléber,0.067,1.0,14.0,15.0,0.0,0.0,48.303,4.086,1.0,0.0,penurie (vide)
le-marcel,Troyes,70498bf359b348052cd562c00093eecb,Piscine des Chartreux,0.444,4.0,5.0,9.0,0.0,0.0,48.274,4.069,4.0,0.0,penurie (vide)
le-marcel,Troyes,7cb224e2d5dad6abee537605960d3e9d,Voie verte des Viennes -Troyes Champagne Métropole ,0.375,3.0,5.0,8.0,0.0,0.0,48.29,4.067,3.0,0.0,penurie (vide)
le-marcel,Troyes,7f63dbe0084e84916e2929adf97ac108,Aqualuc,0.167,1.0,5.0,6.0,0.0,0.0,48.311,4.031,1.0,0.0,penurie (vide)
le-marcel,Troyes,84d55458e796c0e664cdb18827028a37,Y Schools-Brossolette,0.333,5.0,10.0,15.0,0.0,0.0,48.284,4.079,5.0,0.0,penurie (vide)
le-marcel,Troyes,8b08a5f86f3333f633c18382d9ad86c0,Médiathèque Jacques-Chirac - Centre ,0.0,0.0,8.0,8.0,1.0,0.0,48.3,4.073,0.0,1.0,penurie (vide)
le-marcel,Troyes,9abc18e224d4d7a2524feb9bfb0df0ce,McArthur Glen,0.0,0.0,10.0,10.0,1.0,0.0,48.33,4.1,0.0,1.0,penurie (vide)
le-marcel,Troyes,a3c54a47d70dfa15ba1b49101a8b9968,Parc des Expositions - Cube,0.167,1.0,5.0,6.0,0.0,0.0,48.291,4.071,1.0,0.0,penurie (vide)
le-marcel,Troyes,a5897e881ee8337dc252747f7c35537f,Le Moulinet,0.333,2.0,4.0,6.0,0.0,0.0,48.318,4.104,2.0,0.0,penurie (vide)
le-marcel,Troyes,a5f7f26f87d7d59f998e1f60964a06ac,Marques Avenue,0.286,2.0,5.0,7.0,0.0,0.0,48.274,4.085,2.0,0.0,penurie (vide)
le-marcel,Troyes,a95a01a156bff3f84c027f4cbbaceeb7,Mairie de Troyes - Office de tourisme ,0.231,3.0,10.0,13.0,0.0,0.0,48.297,4.074,3.0,0.0,penurie (vide)
le-marcel,Troyes,b59f9757a9f4daa977f635ba64ba690d,Ecoles d'Ingénieurs,0.333,6.0,12.0,18.0,0.0,0.0,48.27,4.062,6.0,0.0,penurie (vide)
le-marcel,Troyes,bcecfe844ed0be64820b7b315357af89,Parc des Moulins,0.385,5.0,8.0,13.0,0.0,0.0,48.287,4.087,5.0,0.0,penurie (vide)
le-marcel,Troyes,c50c8e07fba6eb22b17dadada03f79c0,Vassaules,0.3,3.0,7.0,10.0,0.0,0.0,48.311,4.069,3.0,0.0,penurie (vide)
le-marcel,Troyes,c78c6424815c0f058c5111a3f528eebb,IUT - Technopole,0.091,2.0,20.0,22.0,0.0,0.0,48.269,4.079,2.0,0.0,penurie (vide)
le-marcel,Troyes,d41396606ebeb21832e5dc2f81c43e80,Complexe 3 Seine - Cinéma,0.231,3.0,10.0,13.0,0.0,0.0,48.294,4.079,3.0,0.0,penurie (vide)
le-marcel,Troyes,e2a9d66333edc821eead0638c35c7fc5,Stade de l'Aube,0.125,1.0,7.0,8.0,0.0,0.0,48.307,4.096,1.0,0.0,penurie (vide)
le-marcel,Troyes,eb52e19c204f7ff01917fd9d342c7603,Lycée Marie de Champagne,0.286,2.0,5.0,7.0,0.0,0.0,48.306,4.063,2.0,0.0,penurie (vide)
le-marcel,Troyes,ec7f19a3182ab7536182530aaa5fb391,Parc Grimont,0.429,6.0,8.0,14.0,0.0,0.0,48.273,4.092,6.0,0.0,penurie (vide)
le-marcel,Troyes,fec8c708881b8b97e4feda9d862023dd,Mairie - La Rivière de Corps,0.231,3.0,10.0,13.0,0.0,0.0,48.286,4.028,3.0,0.0,penurie (vide)
le-velo,Marseille,003c4110489f4245b157cfb69cfc5e63,Bougainville Lessep Sud,0.632,12.0,7.0,19.0,0.0,0.0,43.319,5.368,12.0,0.0,penurie (vide)
le-velo,Marseille,005d8f66b82e577d345df2ab5fea33fd,Belle Vue,0.15,3.0,17.0,20.0,0.0,0.0,43.315,5.38,3.0,0.0,penurie (vide)
le-velo,Marseille,00bb23cf16a7022578d8c2b77b4d9470,Liberation - Isoard,0.0,0.0,17.0,17.0,1.0,0.0,43.301,5.391,0.0,1.0,penurie (vide)
le-velo,Marseille,00dd53e175c81bedfdf6163b7045487b,Ruffi Guinot,0.05,2.0,38.0,40.0,0.0,0.0,43.311,5.372,2.0,0.0,penurie (vide)
le-velo,Marseille,0106b0ce6a93f946ee05ca37cc82ac66,Les Docks - Terrasses du Port,1.0,25.0,0.0,25.0,0.0,1.0,43.306,5.366,25.0,1.0,saturation (pleine)
le-velo,Marseille,017a9520f4caa206053a2045388cf78e,Sadi-Carnot,0.7,7.0,3.0,10.0,0.0,0.0,43.3,5.372,7.0,0.0,penurie (vide)
le-velo,Marseille,0180970636cd88cb3c3b7d42f0df06c6,Prado - Lord Duveen,0.938,15.0,1.0,16.0,0.0,0.0,43.277,5.389,15.0,0.0,penurie (vide)
le-velo,Marseille,01e273bd2a3c420e5568b2b0cc2d5691,Vallon Montebello,0.05,1.0,19.0,20.0,0.0,0.0,43.281,5.378,1.0,0.0,penurie (vide)
le-velo,Marseille,03b9e0c6c0831b300a0f3ed051f8c204,Pierre Puget - Breteuil,0.235,4.0,13.0,17.0,0.0,0.0,43.29,5.376,4.0,0.0,penurie (vide)
le-velo,Marseille,042f0ce8a17013c25d202d097e88be52,318 Mazargues,0.474,9.0,10.0,19.0,0.0,0.0,43.261,5.394,9.0,0.0,penurie (vide)
le-velo,Marseille,04e63ac1617e8a32268e866bcec6a9ee,National - Belle de Mai,0.3,6.0,14.0,20.0,0.0,0.0,43.308,5.382,6.0,0.0,penurie (vide)
le-velo,Marseille,07bf9ef5e774fda566901c535c42597e,Schuman - Leca,0.263,5.0,14.0,19.0,0.0,0.0,43.302,5.366,5.0,0.0,penurie (vide)
le-velo,Marseille,08e77c7501487535634e1b9a57b05cdc,Place du Terrail,0.0,0.0,18.0,18.0,1.0,0.0,43.28,5.369,0.0,1.0,penurie (vide)
le-velo,Marseille,09ee62f360be19d4e9a617f844bb5572,Plage des Catalans,0.895,17.0,2.0,19.0,0.0,0.0,43.29,5.356,17.0,0.0,penurie (vide)
le-velo,Marseille,0a5d9e87fa0b2fc7b5c055ae4464838b,Palais Omnisports,0.368,7.0,12.0,19.0,0.0,0.0,43.28,5.4,7.0,0.0,penurie (vide)
le-velo,Marseille,0b22c545caff574a87b374a9a6fbff98,Périer - Cremieux,0.056,1.0,17.0,18.0,0.0,0.0,43.279,5.38,1.0,0.0,penurie (vide)
le-velo,Marseille,0b2e5d70a12ed696d391b47841afbb54,Augustin Aubert,0.1,2.0,18.0,20.0,0.0,0.0,43.268,5.403,2.0,0.0,penurie (vide)
le-velo,Marseille,0b929e8834d4d4d5eeadca476805b0e9,Notre-Dame - Vauban,0.111,2.0,16.0,18.0,0.0,0.0,43.284,5.375,2.0,0.0,penurie (vide)
le-velo,Marseille,1039c26d41a9742ec96aa869dc2d242f,Chave Eugene Pierre,0.0,0.0,20.0,20.0,1.0,0.0,43.295,5.39,0.0,1.0,penurie (vide)
le-velo,Marseille,10546f4bb859481992261ea1859610b0,Blancarde - Gare SNCF,0.294,5.0,12.0,17.0,0.0,0.0,43.296,5.406,5.0,0.0,penurie (vide)
le-velo,Marseille,10cc41a7b1f4ce0c93e425b5bfd17c46,Lachamp Le Clos des Iris,0.207,6.0,23.0,29.0,0.0,0.0,43.246,5.432,6.0,0.0,penurie (vide)
le-velo,Marseille,110913fea83d7a0b4309aba9831f93e2,Baille - Friedland,0.167,3.0,15.0,18.0,0.0,0.0,43.287,5.387,3.0,0.0,penurie (vide)
le-velo,Marseille,116674de9b8cdce6a0d996cd4b4c20c7,National - Longchamp,0.0,0.0,16.0,16.0,1.0,0.0,43.301,5.388,0.0,1.0,penurie (vide)
le-velo,Marseille,1305368b25e2af76a084edccdffd8abe,Rond Point du Prado,0.448,13.0,16.0,29.0,0.0,0.0,43.273,5.391,13.0,0.0,penurie (vide)
le-velo,Marseille,132f17020c179912e494040f7a75bced,Vallon Jourdan,0.0,0.0,18.0,18.0,1.0,0.0,43.287,5.363,0.0,1.0,penurie (vide)
le-velo,Marseille,14becc6bd1982026c0fc439ca8bea541,IUT Saint Jérôme,0.125,2.0,14.0,16.0,0.0,0.0,43.341,5.409,2.0,0.0,penurie (vide)
le-velo,Marseille,15591c18a18258f50c1656258bff2703,Ferry-Nédelec,0.7,14.0,6.0,20.0,0.0,0.0,43.303,5.377,14.0,0.0,penurie (vide)
le-velo,Marseille,157b3094d608e50357f327391b62ba67,Foch - Boisson,0.05,1.0,19.0,20.0,0.0,0.0,43.298,5.404,1.0,0.0,penurie (vide)
le-velo,Marseille,18830402e311766640c4094d71da2945,Allées Gambetta,0.138,4.0,25.0,29.0,0.0,0.0,43.299,5.382,4.0,0.0,penurie (vide)
le-velo,Marseille,188508bd9629613359e2444b9851fea9,Bastide St Jean,0.05,1.0,19.0,20.0,0.0,0.0,43.299,5.421,1.0,0.0,penurie (vide)
le-velo,Marseille,188d9608b3cfbf8a6899e87ebeee299c,Endoume - Corderie,0.111,2.0,16.0,18.0,0.0,0.0,43.289,5.366,2.0,0.0,penurie (vide)
le-velo,Marseille,192d7ef0385b3591b999761585da27a5,Place Sébastopol,0.056,1.0,17.0,18.0,0.0,0.0,43.299,5.397,1.0,0.0,penurie (vide)
le-velo,Marseille,1bb03b85c04af9cc533c466989f59275,Notre-Dame - Dragon,,0.0,0.0,0.0,1.0,1.0,43.287,5.374,,1.0,penurie (vide)
le-velo,Marseille,1ca9b8d1416f93c16f88f50bf99cc09d,Chemin de l'armée d'afrique,0.692,18.0,8.0,26.0,0.0,0.0,43.289,5.425,18.0,0.0,penurie (vide)
le-velo,Marseille,1ccf8a02eeb13d0d65695388175accde,Clérissy Gaston de Flotte,0.2,4.0,16.0,20.0,0.0,0.0,43.298,5.428,4.0,0.0,penurie (vide)
le-velo,Marseille,1dcde736e716622747d59b3d330b4831,Char Jeanne d'Arc - Notre Dame de La Garde,0.1,2.0,18.0,20.0,0.0,0.0,43.286,5.371,2.0,0.0,penurie (vide)
le-velo,Marseille,1e8a544a20c795554f0101f1a8c9fe9b,Sainte-Marguerite Dromel,0.037,1.0,26.0,27.0,0.0,0.0,43.271,5.403,1.0,0.0,penurie (vide)
le-velo,Marseille,266c9cb2aad25d78b2fa9aa53d7255d2,Saint Marcel,0.9,18.0,2.0,20.0,0.0,0.0,43.287,5.467,18.0,0.0,penurie (vide)
le-velo,Marseille,282380523ec4750acd679801ec8f6753,Tivoli - Roosevelt,0.05,1.0,19.0,20.0,0.0,0.0,43.299,5.389,1.0,0.0,penurie (vide)
le-velo,Marseille,296c3dd0f9388e1822e5e761b5d6d6ca,Canebière - Dugommier,0.2,3.0,12.0,15.0,0.0,0.0,43.298,5.381,3.0,0.0,penurie (vide)
le-velo,Marseille,29c1378d5304706151f792b23422b863,Tobelem - Crinias,0.05,1.0,19.0,20.0,0.0,0.0,43.287,5.361,1.0,0.0,penurie (vide)
le-velo,Marseille,2a04968130b1a81860d417183c74efac,Sainte - Lulli,0.6,12.0,8.0,20.0,0.0,0.0,43.293,5.376,12.0,0.0,penurie (vide)
le-velo,Marseille,2a80346767e893d3a9d646eb89e05e06,Morgiou,0.45,18.0,22.0,40.0,0.0,0.0,43.226,5.416,18.0,0.0,penurie (vide)
le-velo,Marseille,2b5ff3716c621e74fb9c5cacb3ae741e,Cantini - Rouet,0.026,1.0,38.0,39.0,0.0,0.0,43.285,5.386,1.0,0.0,penurie (vide)
le-velo,Marseille,2ba52d7f7013a766df67f36502e140f6,Cours Jean Ballard,0.85,17.0,3.0,20.0,0.0,0.0,43.293,5.375,17.0,0.0,penurie (vide)
le-velo,Marseille,2c255348f7e2a6e75d9ca1071f8fcdf1,Bois Luzy,0.3,3.0,7.0,10.0,0.0,0.0,43.311,5.424,3.0,0.0,penurie (vide)
le-velo,Marseille,2c94b226005e2dfb56dd72636cf65418,Bon Secours - Huilerie,0.1,2.0,18.0,20.0,0.0,0.0,43.32,5.382,2.0,0.0,penurie (vide)
le-velo,Marseille,2ccb050034e464f269988d4c96e6d628,Sainte-Marthe - Moretti,0.0,0.0,20.0,20.0,1.0,0.0,43.324,5.389,0.0,1.0,penurie (vide)
le-velo,Marseille,2cff3854ea9a45cfc6248d91b3e17f48,Sainte-Marthe - Glacière,0.211,4.0,15.0,19.0,0.0,0.0,43.318,5.39,4.0,0.0,penurie (vide)
le-velo,Marseille,2db1f777dad667c0f9a068b944bc0d15,Briffaut Camas,0.333,6.0,12.0,18.0,0.0,0.0,43.294,5.397,6.0,0.0,penurie (vide)
le-velo,Marseille,2e6315aaaad1b643278c91b25435a373,Chave - Sakakini,0.105,2.0,17.0,19.0,0.0,0.0,43.296,5.4,2.0,0.0,penurie (vide)
le-velo,Marseille,2f697f9fd04d55387069e6c79ef76ed3,Peupliers - Berthelot,0.111,2.0,16.0,18.0,0.0,0.0,43.337,5.392,2.0,0.0,penurie (vide)
le-velo,Marseille,307d4a4a6316097b53cd4c5aaa8a47d1,MUCEM,0.414,12.0,17.0,29.0,0.0,0.0,43.298,5.363,12.0,0.0,penurie (vide)
le-velo,Marseille,3197d7308d2c4bbe27397bce6a2a1f62,Vallon des Auffes,1.0,4.0,0.0,4.0,0.0,1.0,43.286,5.351,4.0,1.0,saturation (pleine)
le-velo,Marseille,329f953b84a34b961b9b5d221b1eb5d7,Castellane,0.043,2.0,44.0,46.0,0.0,0.0,43.285,5.384,2.0,0.0,penurie (vide)
le-velo,Marseille,347247b1ba935aab53a81e7e37416d3a,Michelet - Huveaune,1.0,7.0,0.0,7.0,0.0,1.0,43.268,5.394,7.0,1.0,saturation (pleine)
le-velo,Marseille,35ab8461de0e1a93167e1c5d6d7f16af,Saint-Just - Labry,,0.0,0.0,0.0,1.0,1.0,43.313,5.402,,1.0,penurie (vide)
le-velo,Marseille,3707aeed50708c7eb61a5b97e1931074,Place du 4 Septembre,0.714,10.0,4.0,14.0,0.0,0.0,43.289,5.358,10.0,0.0,penurie (vide)
le-velo,Marseille,389ca2b26c8e0d20770616daa4151545,Granada,0.778,14.0,4.0,18.0,0.0,0.0,43.285,5.441,14.0,0.0,penurie (vide)
le-velo,Marseille,38c8b23c38311df8a8028841956423e6,Chave - Goudard,0.15,3.0,17.0,20.0,0.0,0.0,43.295,5.394,3.0,0.0,penurie (vide)
le-velo,Marseille,3bfe65943f2dc3d3e366b0bb8f00af75,Pasteur,0.0,0.0,20.0,20.0,1.0,0.0,43.291,5.359,0.0,1.0,penurie (vide)
le-velo,Marseille,3e4776bfb1e3eef1f688532d05e22274,Strasbourg - Leca,0.167,3.0,15.0,18.0,0.0,0.0,43.308,5.376,3.0,0.0,penurie (vide)
le-velo,Marseille,3e535d006149f9514a591e106a49858e,Place Pol Lapeyre,1.0,11.0,0.0,11.0,0.0,1.0,43.293,5.409,11.0,1.0,saturation (pleine)
le-velo,Marseille,400d10f469f8943af6b0be220e56d90f,La Boiseraie,0.049,2.0,39.0,41.0,0.0,0.0,43.296,5.423,2.0,0.0,penurie (vide)
le-velo,Marseille,40db8fa4050df884be276f02cfa723bb,Clot Bey - Leau,0.05,1.0,19.0,20.0,0.0,0.0,43.256,5.382,1.0,0.0,penurie (vide)
le-velo,Marseille,4102d8b8e7dc260e641d100fbe94aaef,Mazargues - Sainte Anne,0.474,9.0,10.0,19.0,0.0,0.0,43.258,5.394,9.0,0.0,penurie (vide)
le-velo,Marseille,422c09a775b3eb5cfd048f3218231b1b,Rabatau - Hôpital Saint-Joseph,0.176,3.0,14.0,17.0,0.0,0.0,43.274,5.394,3.0,0.0,penurie (vide)
le-velo,Marseille,44577ff053107e8a693b092a4409090e,Boulevard urbain Sud - François Mauriac,0.889,8.0,1.0,9.0,0.0,0.0,43.271,5.423,8.0,0.0,penurie (vide)
le-velo,Marseille,451654c170b3dcd39ff8e7c813211a7b,Plage du Prophète,0.25,5.0,15.0,20.0,0.0,0.0,43.274,5.363,5.0,0.0,penurie (vide)
le-velo,Marseille,45b31d9c726a71b721a44a098b5128ef,Rome - Sylvabelle,0.25,4.0,12.0,16.0,0.0,0.0,43.29,5.381,4.0,0.0,penurie (vide)
le-velo,Marseille,46940fd7131a010ecc2ca50f9abe8613,Parc du 26ème Centenaire,0.05,1.0,19.0,20.0,0.0,0.0,43.282,5.391,1.0,0.0,penurie (vide)
le-velo,Marseille,48e78c3efa22e3b63189dd073a7bed58,Louis Armand,0.263,5.0,14.0,19.0,0.0,0.0,43.3,5.413,5.0,0.0,penurie (vide)
le-velo,Marseille,490f53b16861ccb985c4c9d75b18e00b,Parc Pastré,0.647,11.0,6.0,17.0,0.0,0.0,43.24,5.366,11.0,0.0,penurie (vide)
le-velo,Marseille,4ae58650e08e3fdb98f320826a0fb65b,Pierre Paraf,0.0,0.0,20.0,20.0,1.0,0.0,43.33,5.39,0.0,1.0,penurie (vide)
le-velo,Marseille,4bb698d9e6b9b6835fee41adfc5a9736,National Métro,0.467,14.0,16.0,30.0,0.0,0.0,43.315,5.373,14.0,0.0,penurie (vide)
le-velo,Marseille,5655a12f8c432d9c1749a3380907f882,Plage de la Pointe Rouge,0.733,22.0,8.0,30.0,0.0,0.0,43.244,5.371,22.0,0.0,penurie (vide)
le-velo,Marseille,57c6c20ccabd34d14d28a149755d9090,La Criée,1.0,19.0,0.0,19.0,0.0,1.0,43.293,5.368,19.0,1.0,saturation (pleine)
le-velo,Marseille,5a30ba8c038d5031571dcf896c5aa41e,Moretti - Gibbes,0.067,2.0,28.0,30.0,0.0,0.0,43.323,5.385,2.0,0.0,penurie (vide)
le-velo,Marseille,5b27850c04a6d191cfac8591f7a9c619,Académie - Capucins,0.0,0.0,17.0,17.0,1.0,0.0,43.296,5.381,0.0,1.0,penurie (vide)
le-velo,Marseille,5b85756fb905aed5a68c4db8c0bf8c62,Canebière Saint-Ferreol,0.471,8.0,9.0,17.0,0.0,0.0,43.296,5.377,8.0,0.0,penurie (vide)
le-velo,Marseille,5c0f416934a436439bbeef98ff5842f5,Mairie de Bagatelle,0.095,2.0,19.0,21.0,0.0,0.0,43.271,5.383,2.0,0.0,penurie (vide)
le-velo,Marseille,5c3c4f7ccb47bfab85e780b055b6021b,Place de la Corderie,0.111,2.0,16.0,18.0,0.0,0.0,43.291,5.371,2.0,0.0,penurie (vide)
le-velo,Marseille,5f754ec43b9dcb8caef3b75f9d6e934e,Michelet - Luce,0.526,10.0,9.0,19.0,0.0,0.0,43.259,5.399,10.0,0.0,penurie (vide)
le-velo,Marseille,600bcd37bfffbb27ef17c96aef457358,Blancarde - Duparc,0.0,0.0,19.0,19.0,1.0,0.0,43.303,5.401,0.0,1.0,penurie (vide)
le-velo,Marseille,601faa292fe79541274d19a39db55023,Centre Bourse,0.65,13.0,7.0,20.0,0.0,0.0,43.297,5.377,13.0,0.0,penurie (vide)
le-velo,Marseille,607e4bdcc65c439a53d9b25fa7f0b339,Libération - Chape - Espérandieu,0.05,1.0,19.0,20.0,0.0,0.0,43.302,5.395,1.0,0.0,penurie (vide)
le-velo,Marseille,6112cc4f88de3c69df8a0f780105a689,Jules Guesde,0.737,14.0,5.0,19.0,0.0,0.0,43.301,5.374,14.0,0.0,penurie (vide)
le-velo,Marseille,6127c9296e62118031bfcb93397e96a9,Boulevard Urbain Sud - Verdillon,0.75,9.0,3.0,12.0,0.0,0.0,43.275,5.425,9.0,0.0,penurie (vide)
le-velo,Marseille,6171d5b8db0217f424063057259281ff,Stade Bombardière,0.0,0.0,30.0,30.0,1.0,0.0,43.317,5.437,0.0,1.0,penurie (vide)
le-velo,Marseille,62b9ababbc78a9f73b3e155a7b6d8884,Gay - Lussac,0.621,18.0,11.0,29.0,0.0,0.0,43.336,5.375,18.0,0.0,penurie (vide)
le-velo,Marseille,62ca43376a1fff8a490e1f307b7269df,Lavéran - Diderot,0.118,2.0,15.0,17.0,0.0,0.0,43.325,5.414,2.0,0.0,penurie (vide)
le-velo,Marseille,63564c341e8829400a607763c9fd4148,La Fourragère,0.25,5.0,15.0,20.0,0.0,0.0,43.304,5.425,5.0,0.0,penurie (vide)
le-velo,Marseille,6588140262a0746cda5e819192699b05,Cinq Avenues Longchamp,0.0,0.0,19.0,19.0,1.0,0.0,43.304,5.398,0.0,1.0,penurie (vide)
le-velo,Marseille,65b4798abd2e41820bfedd28ca7786c1,Camas - Jaubert,0.053,1.0,18.0,19.0,0.0,0.0,43.298,5.394,1.0,0.0,penurie (vide)
le-velo,Marseille,65d73b24905326f9c93bac2458e6eb26,Paoli Calmettes,0.789,15.0,4.0,19.0,0.0,0.0,43.264,5.411,15.0,0.0,penurie (vide)
le-velo,Marseille,660b3f78d88bbca8b6282b7a9cbcdc3d,Corse - Saint Maurice,0.125,1.0,7.0,8.0,0.0,0.0,43.289,5.364,1.0,0.0,penurie (vide)
le-velo,Marseille,67b512abd838e03e9b318c26a8612f27,Capelette - Forges,0.167,3.0,15.0,18.0,0.0,0.0,43.279,5.411,3.0,0.0,penurie (vide)
le-velo,Marseille,67e0bd6739c559ed39992713c030f313,Euromediterrannee Gantes,1.0,32.0,0.0,32.0,0.0,1.0,43.309,5.368,32.0,1.0,saturation (pleine)
le-velo,Marseille,6ba4eef84617ebed014094d46b5b7102,Flammarion - Isoard,0.176,3.0,14.0,17.0,0.0,0.0,43.304,5.389,3.0,0.0,penurie (vide)
le-velo,Marseille,6c11db7e2672ea727e8e9a3ed012265f,Kaddouz,0.0,0.0,30.0,30.0,1.0,0.0,43.307,5.425,0.0,1.0,penurie (vide)
le-velo,Marseille,6c58eafed6edb9aef6d643b222bcdd5a,Geze - Arnavon,0.9,18.0,2.0,20.0,0.0,0.0,43.332,5.377,18.0,0.0,penurie (vide)
le-velo,Marseille,6d3208f94690a69e0b9b600a11696992,Eglise des Chartreux,0.158,3.0,16.0,19.0,0.0,0.0,43.309,5.401,3.0,0.0,penurie (vide)
le-velo,Marseille,6fae3d33471727e279bca5e29588b75e,Bain des Dames,1.0,26.0,0.0,26.0,0.0,1.0,43.242,5.364,26.0,1.0,saturation (pleine)
le-velo,Marseille,6fafa509b30a2ebd445b019632fac5d8,Corail - Marseilleveyre,0.6,12.0,8.0,20.0,0.0,0.0,43.241,5.378,12.0,0.0,penurie (vide)
le-velo,Marseille,7036f5c691dd87f8da4701d9b3ad5c6e,Malpassé Métro,0.103,3.0,26.0,29.0,0.0,0.0,43.32,5.416,3.0,0.0,penurie (vide)
le-velo,Marseille,706b21b0f11b8dec41cfb88081311716,Saint Charles - Faculté,1.0,32.0,0.0,32.0,0.0,1.0,43.305,5.379,32.0,1.0,saturation (pleine)
le-velo,Marseille,708ed54bc82e5ac02e9b141a491c18b3,Saint-Eugene,0.0,0.0,18.0,18.0,1.0,0.0,43.285,5.359,0.0,1.0,penurie (vide)
le-velo,Marseille,70c15c9f02611f64aede5fc2596ae36f,Estrangin,0.533,8.0,7.0,15.0,0.0,0.0,43.29,5.378,8.0,0.0,penurie (vide)
le-velo,Marseille,7366a973a161fa2ec52a2a8cb72589e8,Place Placide Caffo,0.722,13.0,5.0,18.0,0.0,0.0,43.314,5.385,13.0,0.0,penurie (vide)
le-velo,Marseille,74841aeaaec41ec03ceb63eb4e1ac827,Baille - Hôpital Conception,0.111,2.0,16.0,18.0,0.0,0.0,43.289,5.396,2.0,0.0,penurie (vide)
le-velo,Marseille,767aa6946648f1afca7125b0a5c43884,Station éphémère - Callelongue,0.258,25.0,72.0,97.0,0.0,0.0,43.212,5.351,25.0,0.0,penurie (vide)
le-velo,Marseille,76802e9efcdfc1aa5a17506587a3d997,Corniche - Endoume,1.0,10.0,0.0,10.0,0.0,1.0,43.283,5.351,10.0,1.0,saturation (pleine)
le-velo,Marseille,79b0b3c9de35a130060ad74245215a0d,Lapin Blanc,0.536,15.0,13.0,28.0,0.0,0.0,43.247,5.382,15.0,0.0,penurie (vide)
le-velo,Marseille,7c2b009cf92441ab0f4c723040f75cdb,La Grognarde,0.05,1.0,19.0,20.0,0.0,0.0,43.295,5.433,1.0,0.0,penurie (vide)
le-velo,Marseille,7c5c092531755f90d278cb6b35831e53,Les Borromées,0.0,0.0,19.0,19.0,1.0,0.0,43.301,5.431,0.0,1.0,penurie (vide)
le-velo,Marseille,7c5d71d6759159a5334371c06ca6205e,Paris - Forbin,0.474,9.0,10.0,19.0,0.0,0.0,43.306,5.372,9.0,0.0,penurie (vide)
le-velo,Marseille,7e456479f1dd847596080eeeb2523660,Baumettes,0.28,7.0,18.0,25.0,0.0,0.0,43.234,5.412,7.0,0.0,penurie (vide)
le-velo,Marseille,7f93db683b5d61b092fc60f876adee7a,Flammarion- Montricher,0.2,4.0,16.0,20.0,0.0,0.0,43.306,5.394,4.0,0.0,penurie (vide)
le-velo,Marseille,805b176774d9556c6dce45749064da7d,Cantini,0.0,0.0,20.0,20.0,1.0,0.0,43.279,5.396,0.0,1.0,penurie (vide)
le-velo,Marseille,813023f272678d74a1fb76686d83c01f,Saint Charles - Place des Marseillaises,1.0,50.0,0.0,50.0,0.0,1.0,43.301,5.381,50.0,1.0,saturation (pleine)
le-velo,Marseille,81a27b1452a780083585cba9abd3ad1b,Prado - Paradis,0.312,5.0,11.0,16.0,0.0,0.0,43.269,5.386,5.0,0.0,penurie (vide)
le-velo,Marseille,829007fd1e0f54aab672838f926f463c,La Barasse,0.839,26.0,5.0,31.0,0.0,0.0,43.285,5.484,26.0,0.0,penurie (vide)
le-velo,Marseille,82c42a5e3f142de2ed8751f5bbb471aa,Paradis - Vignerons,0.571,8.0,6.0,14.0,0.0,0.0,43.287,5.379,8.0,0.0,penurie (vide)
le-velo,Marseille,841c157424ebfe60badd1d545f171e42,Reboul - Argile,0.278,5.0,13.0,18.0,0.0,0.0,43.281,5.397,5.0,0.0,penurie (vide)
le-velo,Marseille,86990148d984d6d93621dddd0c3c999f,Friche Belle de Mai,1.0,29.0,0.0,29.0,0.0,1.0,43.31,5.39,29.0,1.0,saturation (pleine)
le-velo,Marseille,86c9a596fe52f3d7e47196e64a190a96,Faculté Saint Jérôme,0.75,21.0,7.0,28.0,0.0,0.0,43.336,5.41,21.0,0.0,penurie (vide)
le-velo,Marseille,882d890bde2c02187602b9a9c1db6f60,Lieutaud - Berlioz,0.0,0.0,19.0,19.0,1.0,0.0,43.289,5.384,0.0,1.0,penurie (vide)
le-velo,Marseille,8db981e055cff8aa6f850fa518b18ffc,Tour La Marseillaise,1.0,39.0,0.0,39.0,0.0,1.0,43.313,5.367,39.0,1.0,saturation (pleine)
le-velo,Marseille,8dbc9e4a6e80d4cccc8576b9a12da472,Prado - Périer,0.271,13.0,35.0,48.0,0.0,0.0,43.28,5.387,13.0,0.0,penurie (vide)
le-velo,Marseille,8faca0595713057b73c61670df5221a8,Coin Joli,0.053,1.0,18.0,19.0,0.0,0.0,43.262,5.404,1.0,0.0,penurie (vide)
le-velo,Marseille,9241662b5bea94bc5d042eb097811d5b,Saint-Paul - Malpassé,0.056,1.0,17.0,18.0,0.0,0.0,43.327,5.41,1.0,0.0,penurie (vide)
le-velo,Marseille,9393c27a7a7b79090db379c2d9f67d1a,Madrague de Montredon,0.778,14.0,4.0,18.0,0.0,0.0,43.232,5.356,14.0,0.0,penurie (vide)
le-velo,Marseille,9405b6bd4418b99334fa78867c4575b9,Colbert - Sainte Barbe,0.35,7.0,13.0,20.0,0.0,0.0,43.299,5.375,7.0,0.0,penurie (vide)
le-velo,Marseille,941c6c0119d8307548008b962eba387f,Lodi - Berlioz,0.105,2.0,17.0,19.0,0.0,0.0,43.29,5.386,2.0,0.0,penurie (vide)
le-velo,Marseille,95b891c8f99bc25736b02e32138ee5f2,Livon - Vieux-Port,0.267,4.0,11.0,15.0,0.0,0.0,43.292,5.361,4.0,0.0,penurie (vide)
le-velo,Marseille,9673c07ceca25ba027166adda49d985e,Longchamp - Grobet,0.056,1.0,17.0,18.0,0.0,0.0,43.303,5.392,1.0,0.0,penurie (vide)
le-velo,Marseille,97947d14d754f3d4c0b6892364f9456c,Foch - Fayolle,0.0,0.0,20.0,20.0,1.0,0.0,43.301,5.399,0.0,1.0,penurie (vide)
le-velo,Marseille,9856a5256410c56160570d763139c35e,Hôpital Sainte-Marguerite,1.0,29.0,0.0,29.0,0.0,1.0,43.259,5.409,29.0,1.0,saturation (pleine)
le-velo,Marseille,987ae706a8fcd5c97b48d98a4839aacd,Entrée du parc national des calanques,0.1,3.0,27.0,30.0,0.0,0.0,43.231,5.355,3.0,0.0,penurie (vide)
le-velo,Marseille,995d8dacbcec0b98b58d14ac6cfa7279,Rouet,0.167,3.0,15.0,18.0,0.0,0.0,43.284,5.386,3.0,0.0,penurie (vide)
le-velo,Marseille,9ba22a76bfc6ee0955eec9ab073de85b,Sormiou,0.273,6.0,16.0,22.0,0.0,0.0,43.232,5.4,6.0,0.0,penurie (vide)
le-velo,Marseille,9cb974822a39da98f9d34f29f8e651cb,Cité Radieuse,0.25,5.0,15.0,20.0,0.0,0.0,43.265,5.395,5.0,0.0,penurie (vide)
le-velo,Marseille,9f99a2220340197018ad3391f6ef9020,Zenatti - Malrieu,0.35,7.0,13.0,20.0,0.0,0.0,43.246,5.389,7.0,0.0,penurie (vide)
le-velo,Marseille,9fefb4d50b506b1af2ea3ce814566e97,Saint-Jean du Désert,0.545,6.0,5.0,11.0,0.0,0.0,43.299,5.436,6.0,0.0,penurie (vide)
le-velo,Marseille,a0514c95f0890eab60ba5a538c3c9c5b,Mazargues - Huveaune,0.05,1.0,19.0,20.0,0.0,0.0,43.266,5.39,1.0,0.0,penurie (vide)
le-velo,Marseille,a0c244bfb419fb367fc1a360cd71bf42,Chutes Lavie - Guigou,0.095,2.0,19.0,21.0,0.0,0.0,43.313,5.397,2.0,0.0,penurie (vide)
le-velo,Marseille,a1249698f34046578de4ade206089636,Blancarde - Botinelly,0.0,0.0,20.0,20.0,1.0,0.0,43.303,5.404,0.0,1.0,penurie (vide)
le-velo,Marseille,a143450d42c4a7f1df24a8684bf29f33,Joliette - Dunkerque,1.0,31.0,0.0,31.0,0.0,1.0,43.305,5.367,31.0,1.0,saturation (pleine)
le-velo,Marseille,a15e1fdc35118d87be39b51fbd767689,Obélisque de Mazargues,0.312,5.0,11.0,16.0,0.0,0.0,43.251,5.403,5.0,0.0,penurie (vide)
le-velo,Marseille,a20f0e35e64c2efa027b123dd39d8c93,Luminy - Parc National des Calanques,0.316,12.0,26.0,38.0,0.0,0.0,43.232,5.437,12.0,0.0,penurie (vide)
le-velo,Marseille,a2f3689edf6bf5e7d54ff8df048714ab,National - Hoche,0.1,2.0,18.0,20.0,0.0,0.0,43.311,5.378,2.0,0.0,penurie (vide)
le-velo,Marseille,a35a1de7a0f223847cd7f652be9632b6,Saint-Pierre - Hugueny,0.125,2.0,14.0,16.0,0.0,0.0,43.292,5.393,2.0,0.0,penurie (vide)
le-velo,Marseille,a6e39cfc24e05eba6c9d548ce1a90849,Romain Rolland,0.167,5.0,25.0,30.0,0.0,0.0,43.275,5.416,5.0,0.0,penurie (vide)
le-velo,Marseille,a926316107049d443cb6b13796f321c9,Rolland - Platanes,0.188,3.0,13.0,16.0,0.0,0.0,43.272,5.41,3.0,0.0,penurie (vide)
le-velo,Marseille,a9cd39ae4dff7940f15a6ef4a1a4d723,Mazargues - Almeras,0.111,2.0,16.0,18.0,0.0,0.0,43.251,5.395,2.0,0.0,penurie (vide)
le-velo,Marseille,aa2c0ad654c031814ec063e29c5fe7e4,Valmont - Redon,0.211,4.0,15.0,19.0,0.0,0.0,43.245,5.425,4.0,0.0,penurie (vide)
le-velo,Marseille,ac71ae4864e32a0b73fe9d0c3ee07057,Auphan - Vaillant,0.5,10.0,10.0,20.0,0.0,0.0,43.317,5.377,10.0,0.0,penurie (vide)
le-velo,Marseille,acf373850b3b8318178397260619f49d,Perrin - Le Moulin,0.0,0.0,19.0,19.0,1.0,0.0,43.319,5.408,0.0,1.0,penurie (vide)
le-velo,Marseille,b341b00e224fa0e67828a7f67a5bbeaf,Tassigny - Mazargues,0.138,4.0,25.0,29.0,0.0,0.0,43.25,5.405,4.0,0.0,penurie (vide)
le-velo,Marseille,b3af35da27380fb9e6aebea352c79695,Place de Lenche,0.053,1.0,18.0,19.0,0.0,0.0,43.297,5.366,1.0,0.0,penurie (vide)
le-velo,Marseille,b5e94bc755e0a26c1fd6178ebdc952ca,La Gaye,0.75,15.0,5.0,20.0,0.0,0.0,43.257,5.411,15.0,0.0,penurie (vide)
le-velo,Marseille,b7a5f869e8c47f326beaf235441a56bd,Boulevard Urbain Sud - Pont de Vivaux,0.579,11.0,8.0,19.0,0.0,0.0,43.282,5.426,11.0,0.0,penurie (vide)
le-velo,Marseille,b7f448b5ad5c20295027d7a3e2106f7d,Pont de Vivaux,0.105,2.0,17.0,19.0,0.0,0.0,43.28,5.417,2.0,0.0,penurie (vide)
le-velo,Marseille,b859bd2d494459e0d7f4a4c8559e5e1e,Base Nautique Roucas Blanc,0.278,10.0,26.0,36.0,0.0,0.0,43.266,5.373,10.0,0.0,penurie (vide)
le-velo,Marseille,b8ef923faba09d21750b27308a0672fd,Mendès France Huveaune,0.176,3.0,14.0,17.0,0.0,0.0,43.26,5.375,3.0,0.0,penurie (vide)
le-velo,Marseille,b9ebc8dac410bb58bd2ed841439a5225,Lancier - Savary,0.875,7.0,1.0,8.0,0.0,0.0,43.246,5.395,7.0,0.0,penurie (vide)
le-velo,Marseille,bc340f474d9a268df33095d174aa0eff,Paradis - Escat,0.067,1.0,14.0,15.0,0.0,0.0,43.284,5.381,1.0,0.0,penurie (vide)
le-velo,Marseille,be4cd845a71732cfae3aca4ae1f7daa4,Jean Moulin - Hôpital La Timone,0.579,11.0,8.0,19.0,0.0,0.0,43.29,5.4,11.0,0.0,penurie (vide)
le-velo,Marseille,c0c575159a9e8721ea7dfdc92e9ce56c,Allar,1.0,25.0,0.0,25.0,0.0,1.0,43.325,5.366,25.0,1.0,saturation (pleine)
le-velo,Marseille,c200257e9f4e9bbb612fa27cec560d55,Carthage - Engaliere,0.375,12.0,20.0,32.0,0.0,0.0,43.238,5.366,12.0,0.0,penurie (vide)
le-velo,Marseille,c20dfe24fe25df0a80f96930f63aca8d,Corniche - Malmousque,0.034,1.0,28.0,29.0,0.0,0.0,43.284,5.35,1.0,0.0,penurie (vide)
le-velo,Marseille,c2f9ffae128f76f17d82055960dd2be3,École Nationale Supérieure Maritime,0.538,14.0,12.0,26.0,0.0,0.0,43.239,5.375,14.0,0.0,penurie (vide)
le-velo,Marseille,c59d3d8f957565e445ca29fc004b3cdc,Sainte Marguerite Schloesing,0.056,1.0,17.0,18.0,0.0,0.0,43.269,5.403,1.0,0.0,penurie (vide)
le-velo,Marseille,c5a3da30f294565cc6ac9f5040804642,Montolivet,0.0,0.0,20.0,20.0,1.0,0.0,43.317,5.424,0.0,1.0,penurie (vide)
le-velo,Marseille,c63511f2b11b4c13aaa15e8203fca9d2,Lycée Jean-Perrin,0.286,8.0,20.0,28.0,0.0,0.0,43.275,5.425,8.0,0.0,penurie (vide)
le-velo,Marseille,c711a9e654e4a64d20eb639a13a61e2c,Lyon - Zoccola,0.5,10.0,10.0,20.0,0.0,0.0,43.323,5.368,10.0,0.0,penurie (vide)
le-velo,Marseille,c75e173ecaaec4a0898ab2bf76c85b5f,Sibie - Curiol,0.053,1.0,18.0,19.0,0.0,0.0,43.295,5.386,1.0,0.0,penurie (vide)
le-velo,Marseille,c8f230cbeb62fa37667bf653e7fcfbcd,République - Joliette,1.0,23.0,0.0,23.0,0.0,1.0,43.303,5.369,23.0,1.0,saturation (pleine)
le-velo,Marseille,c9b6909c24c546e5c5353ee348efc3c6,Pierre Roux,0.05,1.0,19.0,20.0,0.0,0.0,43.286,5.395,1.0,0.0,penurie (vide)
le-velo,Marseille,cae0afc361e63877341bfd4a4abb2e07,Huveaune - Curtel,0.533,8.0,7.0,15.0,0.0,0.0,43.278,5.407,8.0,0.0,penurie (vide)
le-velo,Marseille,cbd6a829199dfd5245c8d08491d683a4,Saména,0.1,2.0,18.0,20.0,0.0,0.0,43.229,5.354,2.0,0.0,penurie (vide)
le-velo,Marseille,ce27b1816dfe2b4d85fe1b140dd976b4,Zoccola,0.619,13.0,8.0,21.0,0.0,0.0,43.321,5.368,13.0,0.0,penurie (vide)
le-velo,Marseille,cf085f978e816050217d6ee3d9b9b344,Canebiere - Beauvau,0.357,10.0,18.0,28.0,0.0,0.0,43.295,5.375,10.0,0.0,penurie (vide)
le-velo,Marseille,cfebb6008d61c71bfc5669e6450ffe96,Cours Julien - Frères Barthelemy,0.053,1.0,18.0,19.0,0.0,0.0,43.293,5.384,1.0,0.0,penurie (vide)
le-velo,Marseille,d04b1b18fdf15b99847c7bc2be840d48,Bastide Cazaulx,0.684,13.0,6.0,19.0,0.0,0.0,43.298,5.441,13.0,0.0,penurie (vide)
le-velo,Marseille,d1ef7db3de18c3dd970470b1ed90070c,Saint-Just - Le Dôme,0.118,2.0,15.0,17.0,0.0,0.0,43.317,5.405,2.0,0.0,penurie (vide)
le-velo,Marseille,d298e577c45fca57ad31ee5001d296b0,Réformés Canebière,0.074,2.0,25.0,27.0,0.0,0.0,43.3,5.385,2.0,0.0,penurie (vide)
le-velo,Marseille,d5f8d2c79131ae78624a10e1cc6491d0,Toulon - Menpenti,0.0,0.0,18.0,18.0,1.0,0.0,43.284,5.392,0.0,1.0,penurie (vide)
le-velo,Marseille,d67c418d385cf7cdf12ab84ae86225f7,Grand Rue,0.421,8.0,11.0,19.0,0.0,0.0,43.298,5.371,8.0,0.0,penurie (vide)
le-velo,Marseille,d69b86066f0d72ded65159143344d587,La rouvière,0.552,16.0,13.0,29.0,0.0,0.0,43.253,5.422,16.0,0.0,penurie (vide)
le-velo,Marseille,d6b9effa31e7408e294843fb16227a26,Prado - Michelet,0.256,10.0,29.0,39.0,0.0,0.0,43.272,5.392,10.0,0.0,penurie (vide)
le-velo,Marseille,d74960ffcea6c80ec1ed6d681c9d259c,Escale Borély,0.113,6.0,47.0,53.0,0.0,0.0,43.255,5.376,6.0,0.0,penurie (vide)
le-velo,Marseille,d93adaaffb75bf1ae42aa3e50c41355a,Sakakini - Saint-Pierre,0.125,2.0,14.0,16.0,0.0,0.0,43.293,5.401,2.0,0.0,penurie (vide)
le-velo,Marseille,d9dcb8d56d7e90c89b56243631310845,Hambourg Rond Point Guerre,1.0,15.0,0.0,15.0,0.0,1.0,43.25,5.389,15.0,1.0,saturation (pleine)
le-velo,Marseille,dbac21531c3f10610ac86c75a5d2f493,Jean Moulin - Sainte Baume,0.35,7.0,13.0,20.0,0.0,0.0,43.287,5.4,7.0,0.0,penurie (vide)
le-velo,Marseille,dc21f54ed7e1d5025dff893bc62530a5,National - Guibal,0.5,10.0,10.0,20.0,0.0,0.0,43.305,5.384,10.0,0.0,penurie (vide)
le-velo,Marseille,dc58b8957851ce2eb50dfc948cda1da2,Quai du Port,0.0,0.0,20.0,20.0,1.0,0.0,43.296,5.367,0.0,1.0,penurie (vide)
le-velo,Marseille,ddbb130119aae1c1cbb4e4cf9bae6c29,Liandier - Rouet,0.158,3.0,16.0,19.0,0.0,0.0,43.278,5.392,3.0,0.0,penurie (vide)
le-velo,Marseille,de3b76b11809e4b8ff7d52e7b4648b5f,Place Caire,0.211,4.0,15.0,19.0,0.0,0.0,43.304,5.419,4.0,0.0,penurie (vide)
le-velo,Marseille,deedd658be63073d4c66adf44f793376,Chutes Lavie - Dahdah,0.5,10.0,10.0,20.0,0.0,0.0,43.309,5.397,10.0,0.0,penurie (vide)
le-velo,Marseille,e17487e598b6f4385b60f17b0391dc33,Jean Moulin - Saint Etienne,1.0,3.0,0.0,3.0,0.0,1.0,43.286,5.399,3.0,1.0,saturation (pleine)
le-velo,Marseille,e18021e2f1570ee2dd3b8fcdcf178f2f,Baille - Vertus,0.1,2.0,18.0,20.0,0.0,0.0,43.288,5.393,2.0,0.0,penurie (vide)
le-velo,Marseille,e21077724473ab1a2708f226ed6954fb,Livon - Pasteur,0.25,4.0,12.0,16.0,0.0,0.0,43.292,5.358,4.0,0.0,penurie (vide)
le-velo,Marseille,e3d8069b03f9d671f43c4f905306a584,Rome - Salvator,0.0,0.0,26.0,26.0,1.0,0.0,43.291,5.381,0.0,1.0,penurie (vide)
le-velo,Marseille,e515177ebfa676862d457ff0eb724eff,Saint-Barnabé - Haguenau,0.4,4.0,6.0,10.0,0.0,0.0,43.304,5.413,4.0,0.0,penurie (vide)
le-velo,Marseille,e6cbffd040cf0264468973fd87c1ff14,Sainte - Notre-Dame,0.211,4.0,15.0,19.0,0.0,0.0,43.292,5.372,4.0,0.0,penurie (vide)
le-velo,Marseille,e6fbaa88ed2704353c210855a5570147,Negresko - Paulet,0.579,11.0,8.0,19.0,0.0,0.0,43.269,5.389,11.0,0.0,penurie (vide)
le-velo,Marseille,e7c6805f264ecf259527349cc42ac6d1,Station éphémère - Les goudes,0.01,1.0,96.0,97.0,0.0,0.0,43.217,5.346,1.0,0.0,penurie (vide)
le-velo,Marseille,e8fcb0e058f4e15e5d5b0f6859e886aa,Place aux huiles,1.0,15.0,0.0,15.0,0.0,1.0,43.293,5.372,15.0,1.0,saturation (pleine)
le-velo,Marseille,e90708c8c8ae0953ae51a6dfb1b658d9,Gibbes - Calvet,0.158,3.0,16.0,19.0,0.0,0.0,43.325,5.383,3.0,0.0,penurie (vide)
le-velo,Marseille,eb7442bbfbe673da632575bcdddcc52e,Huveaune - Borely,0.321,9.0,19.0,28.0,0.0,0.0,43.262,5.379,9.0,0.0,penurie (vide)
le-velo,Marseille,f0cc3eeabf32c4afd1643998e9ac43c3,Roy d'Espagne - Floralia,1.0,18.0,0.0,18.0,0.0,1.0,43.242,5.397,18.0,1.0,saturation (pleine)
le-velo,Marseille,f21af6bc62e36810a65de5866302587f,Place Dalmas,0.053,1.0,18.0,19.0,0.0,0.0,43.323,5.383,1.0,0.0,penurie (vide)
le-velo,Marseille,f23b5fcfda5eaa499c2a6bc4f170f53b,Canebiere Reine Elisabeth,0.714,10.0,4.0,14.0,0.0,0.0,43.296,5.375,10.0,0.0,penurie (vide)
le-velo,Marseille,f3f6136eb7ba7bfa3597be7643c1d2f5,Vallon de l’Oriol,0.158,3.0,16.0,19.0,0.0,0.0,43.276,5.361,3.0,0.0,penurie (vide)
le-velo,Marseille,f4b4c6894dabe7367ff7068c977d8e7c,Jean Bouin,0.15,3.0,17.0,20.0,0.0,0.0,43.266,5.403,3.0,0.0,penurie (vide)
le-velo,Marseille,f54baf441b4ab151e0706737a71cf9e6,Hôpital Européen,0.167,3.0,15.0,18.0,0.0,0.0,43.309,5.372,3.0,0.0,penurie (vide)
le-velo,Marseille,f559ffed92a2db6c99b633afaa3ea847,Arenc - Chanterac,0.54,27.0,23.0,50.0,0.0,0.0,43.312,5.369,27.0,0.0,penurie (vide)
le-velo,Marseille,f7f128083098dc9f98668ebaa1bdf6fd,Coutellerie,0.15,3.0,17.0,20.0,0.0,0.0,43.297,5.373,3.0,0.0,penurie (vide)
le-velo,Marseille,faa47c60c85a64c170d976fca2cbe428,Saint-Ferréol - Davso,1.0,10.0,0.0,10.0,0.0,1.0,43.294,5.378,10.0,1.0,saturation (pleine)
le-velo,Marseille,fba01fc740ee7193327661777bc52ed2,Clot Bey,0.119,5.0,37.0,42.0,0.0,0.0,43.262,5.388,5.0,0.0,penurie (vide)
le-velo,Marseille,fba122ee5c437dc23096e5a3ecadc9e7,La Major,0.0,0.0,19.0,19.0,1.0,0.0,43.299,5.366,0.0,1.0,penurie (vide)
le-velo,Marseille,fbe9a2ca8899621bc02dc337dfbbe2ed,Duparc - Brossolette,0.05,1.0,19.0,20.0,0.0,0.0,43.306,5.401,1.0,0.0,penurie (vide)
le-velo,Marseille,fcff6c5b82ace50a5dc66c8d6515e030,Vieille Chapelle,0.261,6.0,17.0,23.0,0.0,0.0,43.248,5.374,6.0,0.0,penurie (vide)
le-velo,Marseille,fdb426d203a2c2310f67a146e8bfa40c,Promenade Pompidou David,0.316,6.0,13.0,19.0,0.0,0.0,43.262,5.375,6.0,0.0,penurie (vide)
le-velo,Marseille,fdd45ee6abd73eab3593abbb0d59e2ae,L'Escalette,0.5,10.0,10.0,20.0,0.0,0.0,43.225,5.348,10.0,0.0,penurie (vide)
le-velo,Marseille,fe11e0248c4797fe170ec2b9499b5dc7,Prado - Gabes,1.0,24.0,0.0,24.0,0.0,1.0,43.267,5.383,24.0,1.0,saturation (pleine)
le-velo,Marseille,fe85b2dc1743dfdc6498fd94690fb924,Paradis - Lord Duveen,0.421,8.0,11.0,19.0,0.0,0.0,43.276,5.384,8.0,0.0,penurie (vide)
le-velo-star,Rennes,02004b9d311b0dc5be9880ce59b03d16,Jacques Cartier,0.0,0.0,24.0,24.0,1.0,0.0,48.098,-1.675,0.0,1.0,penurie (vide)
le-velo-star,Rennes,02a9f180f5d5b787c8950ac7d1d3c347,Pont de Nantes,0.35,7.0,13.0,20.0,0.0,0.0,48.102,-1.684,7.0,0.0,penurie (vide)
le-velo-star,Rennes,04c6a6474c4b5a9fd449a2502ec789f9,Cucillé - Frac,0.28,7.0,18.0,25.0,0.0,0.0,48.129,-1.698,7.0,0.0,penurie (vide)
le-velo-star,Rennes,07cf0c9bbc410bfc2f6fa6c8ce34b2a4,Metz - Sévigné,0.062,1.0,15.0,16.0,0.0,0.0,48.116,-1.658,1.0,0.0,penurie (vide)
le-velo-star,Rennes,0885402995ada2c490d03d19951ae41c,Pontchaillou,0.444,12.0,15.0,27.0,0.0,0.0,48.121,-1.693,12.0,0.0,penurie (vide)
le-velo-star,Rennes,1d8bb1b9ba88505f22757d75dfcf41ee,Les Gayeulles,0.1,3.0,27.0,30.0,0.0,0.0,48.129,-1.658,3.0,0.0,penurie (vide)
le-velo-star,Rennes,21cacc753c89cff77e5c4619bd94587e,Villejean-Université,0.346,9.0,17.0,26.0,0.0,0.0,48.121,-1.704,9.0,0.0,penurie (vide)
le-velo-star,Rennes,23bf65b1952f8a2f8d42bede7778e294,Robidou,0.15,3.0,17.0,20.0,0.0,0.0,48.11,-1.659,3.0,0.0,penurie (vide)
le-velo-star,Rennes,31a68b1690019882cceafa239c1adaeb,La Courrouze,0.5,10.0,10.0,20.0,0.0,0.0,48.099,-1.695,10.0,0.0,penurie (vide)
le-velo-star,Rennes,36ce7a0da2243dfe9fb98727c6458668,Armorique,0.75,18.0,6.0,24.0,0.0,0.0,48.13,-1.676,18.0,0.0,penurie (vide)
le-velo-star,Rennes,37da7ebcbd29e23ece28e3f4c3f8384d,Painlevé,0.172,5.0,24.0,29.0,0.0,0.0,48.123,-1.66,5.0,0.0,penurie (vide)
le-velo-star,Rennes,3a8f5a5368ef659db86f62f83e115dfe,Bourgeois,0.375,9.0,15.0,24.0,0.0,0.0,48.098,-1.655,9.0,0.0,penurie (vide)
le-velo-star,Rennes,3b91416346ea8807873ffc957c5c6a8e,Charles de Gaulle,0.375,9.0,15.0,24.0,0.0,0.0,48.105,-1.677,9.0,0.0,penurie (vide)
le-velo-star,Rennes,462b81fd2e7f6b90c5dc6eb6f48c124d,Pont de Strasbourg,0.35,7.0,13.0,20.0,0.0,0.0,48.11,-1.656,7.0,0.0,penurie (vide)
le-velo-star,Rennes,4a4351abb8a00c4c179b6ceaff725102,Chèques Postaux,0.207,6.0,23.0,29.0,0.0,0.0,48.109,-1.693,6.0,0.0,penurie (vide)
le-velo-star,Rennes,4a8b06d7ba482e925fea930bbb87b257,Cité Judiciaire,0.375,9.0,15.0,24.0,0.0,0.0,48.105,-1.684,9.0,0.0,penurie (vide)
le-velo-star,Rennes,4d0ea71ab62f8da949eb0b4bf5a0ae73,Champs Manceaux,0.389,7.0,11.0,18.0,0.0,0.0,48.091,-1.682,7.0,0.0,penurie (vide)
le-velo-star,Rennes,5047faa036e7d6a835a04a39509c6106,Sainte-Anne,0.75,18.0,6.0,24.0,0.0,0.0,48.114,-1.681,18.0,0.0,penurie (vide)
le-velo-star,Rennes,520525a4d05db19c1c77dc2a666c83b7,Marbeuf,0.35,7.0,13.0,20.0,0.0,0.0,48.112,-1.702,7.0,0.0,penurie (vide)
le-velo-star,Rennes,568ef5eb9b29441ea2643973a4c23cc4,Beaulieu - Université,0.433,13.0,17.0,30.0,0.0,0.0,48.122,-1.64,13.0,0.0,penurie (vide)
le-velo-star,Rennes,622cce2b20d2909ed337f31f503335f1,Bonnets Rouges,0.25,6.0,18.0,24.0,0.0,0.0,48.107,-1.666,6.0,0.0,penurie (vide)
le-velo-star,Rennes,6247ed70bfaa37809be52236d5b4f96b,Oberthur,0.414,12.0,17.0,29.0,0.0,0.0,48.114,-1.662,12.0,0.0,penurie (vide)
le-velo-star,Rennes,6317ad38479f02dad93c01406a922cb3,Brest Verdun,0.5,12.0,12.0,24.0,0.0,0.0,48.113,-1.693,12.0,0.0,penurie (vide)
le-velo-star,Rennes,658596d3c000e61d12947a01d9aa6c35,Bréquigny Piscine,0.292,7.0,17.0,24.0,0.0,0.0,48.09,-1.69,7.0,0.0,penurie (vide)
le-velo-star,Rennes,6a02972de2f02c84bbd61cef3a586e5b,Champs Libres,0.167,4.0,20.0,24.0,0.0,0.0,48.106,-1.674,4.0,0.0,penurie (vide)
le-velo-star,Rennes,6d26bace800719860e71ae8c528044af,Croix Saint-Hélier,0.05,1.0,19.0,20.0,0.0,0.0,48.103,-1.662,1.0,0.0,penurie (vide)
le-velo-star,Rennes,6f335eb2ad85592d504891c6b0988bfa,Les Lices,0.0,0.0,25.0,25.0,1.0,0.0,48.113,-1.685,0.0,1.0,penurie (vide)
le-velo-star,Rennes,6f6f97ee3bc271fe1741075fbedeba64,Paul Bert,0.125,2.0,14.0,16.0,0.0,0.0,48.11,-1.67,2.0,0.0,penurie (vide)
le-velo-star,Rennes,7afc2c065d81f783eb7fac7fd79bd9c9,Musée Beaux-Arts,0.375,6.0,10.0,16.0,0.0,0.0,48.11,-1.674,6.0,0.0,penurie (vide)
le-velo-star,Rennes,7b9ead8f839c276e389d6151a42f67b3,République,0.0,0.0,45.0,45.0,1.0,0.0,48.11,-1.678,0.0,1.0,penurie (vide)
le-velo-star,Rennes,7c5d8c2292e2e0558f3041e865939b57,Département 35,0.185,5.0,22.0,27.0,0.0,0.0,48.128,-1.694,5.0,0.0,penurie (vide)
le-velo-star,Rennes,84e38a7c16820be7b920517b29a0f083,Colombier,0.458,11.0,13.0,24.0,0.0,0.0,48.106,-1.68,11.0,0.0,penurie (vide)
le-velo-star,Rennes,94526e2f4a95022ae98bac4bea8a7383,Hôtel Dieu,0.577,15.0,11.0,26.0,0.0,0.0,48.118,-1.678,15.0,0.0,penurie (vide)
le-velo-star,Rennes,9b4f9c17f7a2c102b038ea31591836d6,Mabilais,0.52,13.0,12.0,25.0,0.0,0.0,48.105,-1.693,13.0,0.0,penurie (vide)
le-velo-star,Rennes,9e4381a20398574714ca4fbf7323833f,La Rotonde,0.5,10.0,10.0,20.0,0.0,0.0,48.107,-1.687,10.0,0.0,penurie (vide)
le-velo-star,Rennes,9f34041af96b24dd8f8afcff076fe956,Saint-Georges Piscine,0.556,10.0,8.0,18.0,0.0,0.0,48.112,-1.674,10.0,0.0,penurie (vide)
le-velo-star,Rennes,a2cee7f7b1c14c219c3f17808c0ef7ea,Auberge de Jeunesse,0.31,9.0,20.0,29.0,0.0,0.0,48.121,-1.682,9.0,0.0,penurie (vide)
le-velo-star,Rennes,a5a3260596442dc2363b997c25ef58df,Gros-Chêne,0.722,13.0,5.0,18.0,0.0,0.0,48.125,-1.665,13.0,0.0,penurie (vide)
le-velo-star,Rennes,a774f2023fce2bbb82093061492a493e,Plaine de Baud,0.417,10.0,14.0,24.0,0.0,0.0,48.113,-1.644,10.0,0.0,penurie (vide)
le-velo-star,Rennes,ab96534e0184d415fd4990f6ed0650f6,Berger,0.429,6.0,8.0,14.0,0.0,0.0,48.116,-1.705,6.0,0.0,penurie (vide)
le-velo-star,Rennes,afa43fd1d58d4776e66b1423cc95861e,Joliot-Curie - Chateaubriand,0.467,14.0,16.0,30.0,0.0,0.0,48.124,-1.651,14.0,0.0,penurie (vide)
le-velo-star,Rennes,b410cee4b6b45b55e7224d26733967da,Beaulieu Chimie,0.433,13.0,17.0,30.0,0.0,0.0,48.116,-1.634,13.0,0.0,penurie (vide)
le-velo-star,Rennes,c16690eb3c8ff8e116740bbc05b5acc5,Jules Ferry,0.548,17.0,14.0,31.0,0.0,0.0,48.118,-1.671,17.0,0.0,penurie (vide)
le-velo-star,Rennes,c7301b4bd55562b51796a0762dfbbaf9,Clemenceau,0.182,4.0,18.0,22.0,0.0,0.0,48.093,-1.674,4.0,0.0,penurie (vide)
le-velo-star,Rennes,cfe5b85ca5bd65d800d211869da82550,Gares,0.06,3.0,47.0,50.0,0.0,0.0,48.104,-1.673,3.0,0.0,penurie (vide)
le-velo-star,Rennes,d2f15bb44ce6b41e01fd2786da36dfa7,Anatole France,0.143,4.0,24.0,28.0,0.0,0.0,48.118,-1.689,4.0,0.0,penurie (vide)
le-velo-star,Rennes,d56ddd6648d0aea2e6fa505800cd6ea6,Place Hoche,0.718,28.0,11.0,39.0,0.0,0.0,48.115,-1.677,28.0,0.0,penurie (vide)
le-velo-star,Rennes,d74710fd94387b373867326058428b98,Place de Bretagne,0.205,8.0,31.0,39.0,0.0,0.0,48.11,-1.684,8.0,0.0,penurie (vide)
le-velo-star,Rennes,e3f27e8d3d60c68b9a989ab3e8fd3b11,TNB,0.429,12.0,16.0,28.0,0.0,0.0,48.108,-1.674,12.0,0.0,penurie (vide)
le-velo-star,Rennes,e9e6a288af677f38f0523a3f62886218,La Poterie,0.45,9.0,11.0,20.0,0.0,0.0,48.087,-1.644,9.0,0.0,penurie (vide)
le-velo-star,Rennes,f1e7562ccefbae93a1a890d1027590b0,Horizons,0.182,4.0,18.0,22.0,0.0,0.0,48.112,-1.69,4.0,0.0,penurie (vide)
le-velo-star,Rennes,f42a9e7d8db0ad6405e6e6b153bb6d4a,Mairie - Opéra,0.826,19.0,4.0,23.0,0.0,0.0,48.112,-1.679,19.0,0.0,penurie (vide)
le-velo-star,Rennes,f7b91768d934b261fe6990cd27167901,Binquenais,0.188,3.0,13.0,16.0,0.0,0.0,48.092,-1.667,3.0,0.0,penurie (vide)
le-velo-star,Rennes,f9f6a0e46570ccb0988377eda3c7fada,Pont de Châteaudun,0.0,0.0,20.0,20.0,1.0,0.0,48.11,-1.664,0.0,1.0,penurie (vide)
le-velo-star,Rennes,f9fc41a8ee045bfef4a6ee4266ab882a,Gare Sud Féval,0.625,15.0,9.0,24.0,0.0,0.0,48.102,-1.674,15.0,0.0,penurie (vide)
le-velo-star,Rennes,fc295667e5a921dc782df37f1728bb2f,Sainte-Thérèse,0.417,5.0,7.0,12.0,0.0,0.0,48.095,-1.664,5.0,0.0,penurie (vide)
le-velo-star,Rennes,fe629879fbdca5e7b3dd42a0d45ce9de,Baud Chardonnet,0.333,8.0,16.0,24.0,0.0,0.0,48.11,-1.648,8.0,0.0,penurie (vide)
libelo,Valence,013d8522654ffcfd6d499a33f400e0d2,Quai de l'Isère,0.5,4.0,4.0,8.0,0.0,0.0,45.042,5.052,4.0,0.0,penurie (vide)
libelo,Valence,02cf79924a83c99e8352c64c0191a62f,Gare TGV,0.0,0.0,12.0,12.0,1.0,0.0,44.992,4.98,0.0,1.0,penurie (vide)
libelo,Valence,04d4f5121459c9949828df280c5a94b2,45ème parallèle,0.625,5.0,3.0,8.0,0.0,0.0,44.999,4.984,5.0,0.0,penurie (vide)
libelo,Valence,04f0996012d60d3a0b155513ae457eac,Couleures,0.7,7.0,3.0,10.0,0.0,0.0,44.953,4.93,7.0,0.0,penurie (vide)
libelo,Valence,082ae60f2d50d7adbd1f6a01dcce37ca,Chamberlière,0.25,3.0,9.0,12.0,0.0,0.0,44.945,4.912,3.0,0.0,penurie (vide)
libelo,Valence,0869a1c6b97a821b14c937e19eb86436,Montplaisir,0.214,3.0,11.0,14.0,0.0,0.0,44.929,4.908,3.0,0.0,penurie (vide)
libelo,Valence,09ee7b52295a87da8fb486ae98a1fb7c,Bellevue,0.167,2.0,10.0,12.0,0.0,0.0,44.956,4.91,2.0,0.0,penurie (vide)
libelo,Valence,0c849a8caf7fab834172798b577b48a4,Saint-Péray République,0.25,3.0,9.0,12.0,0.0,0.0,44.946,4.847,3.0,0.0,penurie (vide)
libelo,Valence,0da0845ef10f287e6baa566d4447dbd7,Maladière,0.727,8.0,3.0,11.0,0.0,0.0,44.945,4.857,8.0,0.0,penurie (vide)
libelo,Valence,10778839a3b624121b1d1581aa438ab6,St-Marcel Mairie,0.429,3.0,4.0,7.0,0.0,0.0,44.971,4.955,3.0,0.0,penurie (vide)
libelo,Valence,1388ac8bd16a1fa29d15d8072c718512,Complexe Vercors,0.5,5.0,5.0,10.0,0.0,0.0,45.038,5.056,5.0,0.0,penurie (vide)
libelo,Valence,13b667597e53a133da9fb102fc4f9eb4,Marques Avenue,0.417,5.0,7.0,12.0,0.0,0.0,45.046,5.058,5.0,0.0,penurie (vide)
libelo,Valence,15dd7b33543a4855c45baa38025ffc0b,Marguerite ,0.25,2.0,6.0,8.0,0.0,0.0,44.925,4.889,2.0,0.0,penurie (vide)
libelo,Valence,183d387e7b92148644f55f8c56b877c2,Fontlozier,0.667,8.0,4.0,12.0,0.0,0.0,44.908,4.886,8.0,0.0,penurie (vide)
libelo,Valence,1d078846a09b39873c1b15b66293be81,La Bayot Nord,0.3,3.0,7.0,10.0,0.0,0.0,44.928,4.932,3.0,0.0,penurie (vide)
libelo,Valence,1d52ec469f9a5dab9af993965738be3a,Gare,0.471,8.0,9.0,17.0,0.0,0.0,44.928,4.893,8.0,0.0,penurie (vide)
libelo,Valence,23c2be5d4377cb8d6f6df3d6960c00d0,Guilherand Mairie,0.25,3.0,9.0,12.0,0.0,0.0,44.932,4.873,3.0,0.0,penurie (vide)
libelo,Valence,3aaa0413ef776b123b672bb2271fd176,Valensolles,0.333,2.0,4.0,6.0,0.0,0.0,44.915,4.883,2.0,0.0,penurie (vide)
libelo,Valence,3afa2c14297dc61791be88fc9b379474,Jean Jaurès,0.273,3.0,8.0,11.0,0.0,0.0,45.046,5.05,3.0,0.0,penurie (vide)
libelo,Valence,3c1f09cb241d485349e71891be1a3eb2,Valence Mairie,0.467,7.0,8.0,15.0,0.0,0.0,44.934,4.892,7.0,0.0,penurie (vide)
libelo,Valence,3c3d68420ed555955244da964ac1d3ba,La Bayot,0.417,5.0,7.0,12.0,0.0,0.0,44.923,4.932,5.0,0.0,penurie (vide)
libelo,Valence,3c40f7ca35a4db5210de6689b0fbd9e9,Petit Charran,0.154,2.0,11.0,13.0,0.0,0.0,44.93,4.918,2.0,0.0,penurie (vide)
libelo,Valence,3d0c9091c7bc31cf7d9c1d63f148dd13,Montalivet,0.667,6.0,3.0,9.0,0.0,0.0,44.934,4.896,6.0,0.0,penurie (vide)
libelo,Valence,40f216d7a8c23a6d1d591d95e14b6296,Pasteur,0.25,3.0,9.0,12.0,0.0,0.0,44.951,4.9,3.0,0.0,penurie (vide)
libelo,Valence,45a17d3e5db6d1516f23da36804e07ee,Les Méannes,0.375,3.0,5.0,8.0,0.0,0.0,45.056,5.055,3.0,0.0,penurie (vide)
libelo,Valence,47863305b545bf77b8a6593ebc1bc218,Cornas,0.3,3.0,7.0,10.0,0.0,0.0,44.961,4.848,3.0,0.0,penurie (vide)
libelo,Valence,4893968693a41b439256cfa41401ee4d,Grangeneuve,0.5,5.0,5.0,10.0,0.0,0.0,44.89,4.88,5.0,0.0,penurie (vide)
libelo,Valence,48cdfaa84005a846c2add8b2202863ba,Montgolfier,0.222,2.0,7.0,9.0,0.0,0.0,44.923,4.906,2.0,0.0,penurie (vide)
libelo,Valence,494c5903c74d179547a07ebf12bc3b99,Manouchian,0.5,4.0,4.0,8.0,0.0,0.0,44.933,4.894,4.0,0.0,penurie (vide)
libelo,Valence,4b4779f9a09ba806066ccf48bf9a7e39,Alpes,0.364,4.0,7.0,11.0,0.0,0.0,44.926,4.902,4.0,0.0,penurie (vide)
libelo,Valence,52f5d94bd2a9a41598a42f534ec3aead,Épervière,0.167,3.0,15.0,18.0,0.0,0.0,44.92,4.876,3.0,0.0,penurie (vide)
libelo,Valence,55b66c1f553dc7788756df7d712e05e4,Jacques Brel,0.444,4.0,5.0,9.0,0.0,0.0,44.927,4.923,4.0,0.0,penurie (vide)
libelo,Valence,58d2dae80bb7c6ceeeeb7d679d2bae4d,Pôle Bus,0.125,3.0,21.0,24.0,0.0,0.0,44.931,4.894,3.0,0.0,penurie (vide)
libelo,Valence,5d459c8ac89437cf883c2411589f6da7,Danton,0.143,2.0,12.0,14.0,0.0,0.0,44.92,4.886,2.0,0.0,penurie (vide)
libelo,Valence,6c455e7834011e22160b077ea7809f52,Châteauvert,0.429,3.0,4.0,7.0,0.0,0.0,44.918,4.899,3.0,0.0,penurie (vide)
libelo,Valence,7f2e7d6e614c1af96d29d97ea11c925b,Roure,0.3,3.0,7.0,10.0,0.0,0.0,45.05,5.045,3.0,0.0,penurie (vide)
libelo,Valence,82c5733b1a98e8a9005b70d1bb264cb3,Place de la Paix,0.286,2.0,5.0,7.0,0.0,0.0,44.925,4.895,2.0,0.0,penurie (vide)
libelo,Valence,841646db24c8551718d755d5d4eb245c,Briffaut,0.111,2.0,16.0,18.0,0.0,0.0,44.917,4.916,2.0,0.0,penurie (vide)
libelo,Valence,88774aad7927ca5143eeb93ae9925822,Baumes,0.778,7.0,2.0,9.0,0.0,0.0,44.916,4.891,7.0,0.0,penurie (vide)
libelo,Valence,8fdbbcb7f5839c6438b8785d29845d33,Portes Mairie,0.333,4.0,8.0,12.0,0.0,0.0,44.876,4.877,4.0,0.0,penurie (vide)
libelo,Valence,900fb57a35e542d31683f541f590140d,Basse Ville,0.333,4.0,8.0,12.0,0.0,0.0,44.933,4.888,4.0,0.0,penurie (vide)
libelo,Valence,99c6c1231c627bc81d7e6650c73d9a0e,République,0.5,6.0,6.0,12.0,0.0,0.0,44.931,4.89,6.0,0.0,penurie (vide)
libelo,Valence,9c3e677f0dc20ee0a73677fd1fb2754c,Duchesne,0.571,4.0,3.0,7.0,0.0,0.0,45.046,5.046,4.0,0.0,penurie (vide)
libelo,Valence,9d0aabaa24e31c4137f6d8bd269d1c2e,Romans Gare,0.167,2.0,10.0,12.0,0.0,0.0,45.049,5.05,2.0,0.0,penurie (vide)
libelo,Valence,9f6db3ef88130ea114c6f07455e50b91,Guilherand Centre,0.3,3.0,7.0,10.0,0.0,0.0,44.934,4.879,3.0,0.0,penurie (vide)
libelo,Valence,a10dc3f491e6840100a144fafa7a6c66,Pont Vieux,0.5,4.0,4.0,8.0,0.0,0.0,45.041,5.048,4.0,0.0,penurie (vide)
libelo,Valence,ac2b0e843f47083daad56d4a50860b8d,Palais des Congrès,0.182,2.0,9.0,11.0,0.0,0.0,44.934,4.9,2.0,0.0,penurie (vide)
libelo,Valence,af74864fe984de3c7f1e6b20bcd45b75,Mindelheim,0.4,4.0,6.0,10.0,0.0,0.0,45.03,5.06,4.0,0.0,penurie (vide)
libelo,Valence,b51e7aef8e788e17817bfbdc06dcff71,Hôpital,0.2,2.0,8.0,10.0,0.0,0.0,44.912,4.905,2.0,0.0,penurie (vide)
libelo,Valence,c42db7058224c10969b0797b1d5b207f,Jaurès,0.7,7.0,3.0,10.0,0.0,0.0,44.94,4.896,7.0,0.0,penurie (vide)
libelo,Valence,c590c33f8c9085ac88a47612e8289552,La Paillère,0.6,6.0,4.0,10.0,0.0,0.0,45.043,5.03,6.0,0.0,penurie (vide)
libelo,Valence,c59daa81ad822fc501a8f9eabf54181c,Grand Charran,0.333,3.0,6.0,9.0,0.0,0.0,44.926,4.908,3.0,0.0,penurie (vide)
libelo,Valence,c69bff0dc3301ab33198a19cb64ef210,Les Aureats,0.333,2.0,4.0,6.0,0.0,0.0,44.893,4.881,2.0,0.0,penurie (vide)
libelo,Valence,cee53bd4eaa5a9043fc7f51ea22d43b2,Poids des farines,0.4,4.0,6.0,10.0,0.0,0.0,45.044,5.047,4.0,0.0,penurie (vide)
libelo,Valence,e3b7333266ca7afb374033cc5e6e5dbb,Cartoucherie,0.417,5.0,7.0,12.0,0.0,0.0,44.942,4.901,5.0,0.0,penurie (vide)
libelo,Valence,e42b04e9dc058d1849609a014df36a7b,Latour Maubourg,0.222,4.0,14.0,18.0,0.0,0.0,44.934,4.904,4.0,0.0,penurie (vide)
libelo,Valence,ed6536486ea2e700c7874b5755e1d9e2,Champ de Mars,0.5,6.0,6.0,12.0,0.0,0.0,44.929,4.889,6.0,0.0,penurie (vide)
libelo,Valence,f0294b483e956c1bb457efd4d6b5bedd,Trinitaires,0.444,4.0,5.0,9.0,0.0,0.0,44.922,4.884,4.0,0.0,penurie (vide)
libelo,Valence,f0dac2d4bd443acb9ab5be0dd4a3e4fb,Malissard Mairie,0.444,4.0,5.0,9.0,0.0,0.0,44.901,4.956,4.0,0.0,penurie (vide)
libelo,Valence,f104fabb041d049c1fb62f19ef0909d5,Bourg Mairie,0.5,5.0,5.0,10.0,0.0,0.0,44.947,4.894,5.0,0.0,penurie (vide)
libelo,Valence,f26e225a96134c6226e49de51b699f30,Guilherand C. Cial,0.167,2.0,10.0,12.0,0.0,0.0,44.939,4.864,2.0,0.0,penurie (vide)
libelo,Valence,f40c871f7cd3b07e2a1ad9dbb2d01272,Dunkerque,0.167,1.0,5.0,6.0,0.0,0.0,44.937,4.899,1.0,0.0,penurie (vide)
libelo,Valence,f526ca49abf4c0f0c116384b824f063a,Cité de la Musique,0.417,5.0,7.0,12.0,0.0,0.0,45.043,5.044,5.0,0.0,penurie (vide)
libelo,Valence,f91ab2e7127d396704d5598766a91489,St-Peray Mairie,0.8,4.0,1.0,5.0,0.0,0.0,44.944,4.841,4.0,0.0,penurie (vide)
libelo,Valence,f9efb85556a6a24d4661955ea08f46ac,Hugo,0.688,11.0,5.0,16.0,0.0,0.0,44.913,4.885,11.0,0.0,penurie (vide)
libelo,Valence,faf8fcff08856a41a41b76a415b08a30,Pompidou,0.0,0.0,7.0,7.0,1.0,0.0,44.942,4.918,0.0,1.0,penurie (vide)
libelo,Valence,fc65e98560638e92cc8f630a7f6f3f1e,Faventines,1.0,9.0,0.0,9.0,0.0,1.0,44.929,4.898,9.0,1.0,saturation (pleine)
libelo,Valence,fca9ea3e1ca1ca24e2cd6566150eb3ed,Lautagne,0.625,5.0,3.0,8.0,0.0,0.0,44.906,4.903,5.0,0.0,penurie (vide)
lovelolibreservice,Rouen,01927e46984384dd3cd1a9bdca9ab67a,117 - ROSA BONHEUR,0.5,4.0,4.0,8.0,0.0,0.0,49.402,1.039,4.0,0.0,penurie (vide)
lovelolibreservice,Rouen,03ea33ade72ef70eea1c01350b0a5495,135 - CHASSELIEVRE,0.5,4.0,4.0,8.0,0.0,0.0,49.452,1.074,4.0,0.0,penurie (vide)
lovelolibreservice,Rouen,070eb3f2e92a703235048004b5bd43f1,106 - LA GIRAFE,0.125,1.0,7.0,8.0,0.0,0.0,49.449,1.151,1.0,0.0,penurie (vide)
lovelolibreservice,Rouen,0c4c6a99c3ead392c14becc25e92840d,114 - CANADIENS,0.625,5.0,3.0,8.0,0.0,0.0,49.402,1.065,5.0,0.0,penurie (vide)
lovelolibreservice,Rouen,0e52a14b89f8b5217c989afb869a5c17,55 - GERMONT,0.4,8.0,12.0,20.0,0.0,0.0,49.441,1.107,8.0,0.0,penurie (vide)
lovelolibreservice,Rouen,124a013ee5678c0b27a6924a4a50f960,116 - GEORGES BRAQUE,0.375,3.0,5.0,8.0,0.0,0.0,49.4,1.043,3.0,0.0,penurie (vide)
lovelolibreservice,Rouen,177fd2e46857a19bceeab94f034ec456,74 - STADE JEAN ADRET,0.917,11.0,1.0,12.0,0.0,0.0,49.406,1.098,11.0,0.0,penurie (vide)
lovelolibreservice,Rouen,1ea0f7459cf21d3693e439bd8e3c2fef,23 - BIOPOLIS,0.214,3.0,11.0,14.0,0.0,0.0,49.437,1.113,3.0,0.0,penurie (vide)
lovelolibreservice,Rouen,220cebcd2b7ba89c6d15efe2d4a41752,113 - DE LALANDE,0.125,1.0,7.0,8.0,0.0,0.0,49.406,1.063,1.0,0.0,penurie (vide)
lovelolibreservice,Rouen,2457447e5e4143108ae10eb9211694e4,53 - SAINT MARC NORD,0.5,5.0,5.0,10.0,0.0,0.0,49.439,1.102,5.0,0.0,penurie (vide)
lovelolibreservice,Rouen,24c3b31e7524b44093c71fc82d41a2c7,72 - VOLTAIRE,0.5,6.0,6.0,12.0,0.0,0.0,49.423,1.089,6.0,0.0,penurie (vide)
lovelolibreservice,Rouen,2b896241f4ba491620f1a55ea4149f1d,92 - GYMNASE TALBOT,0.125,1.0,7.0,8.0,0.0,0.0,49.411,1.12,1.0,0.0,penurie (vide)
lovelolibreservice,Rouen,2f17e1f8be13bb31e65c3e58f09a899a,115 - QUEBEC,0.5,3.0,3.0,6.0,0.0,0.0,49.401,1.057,3.0,0.0,penurie (vide)
lovelolibreservice,Rouen,2f92ba682618602433d99411435f5bb4,134 - CHAMP DE MARS,0.417,5.0,7.0,12.0,0.0,0.0,49.437,1.104,5.0,0.0,penurie (vide)
lovelolibreservice,Rouen,30f36467fd856d2312f0e78ab0e33550,37 - MONT-RIBOUDET,0.75,9.0,3.0,12.0,0.0,0.0,49.448,1.065,9.0,0.0,penurie (vide)
lovelolibreservice,Rouen,320d2f9f6d9daf7203bc0a86709a4fcf,44 - EUROPE - ELBEUF,1.0,10.0,0.0,10.0,0.0,1.0,49.427,1.084,10.0,1.0,saturation (pleine)
lovelolibreservice,Rouen,3687360be80f2fc245fd3c1e80f98a82,103 - MAIRIE DARNETAL,0.0,0.0,7.0,7.0,1.0,0.0,49.441,1.145,0.0,1.0,penurie (vide)
lovelolibreservice,Rouen,36fb886db32b45e5f367db80b8f28f1b,65 - FULTON,0.857,6.0,1.0,7.0,0.0,0.0,49.413,1.099,6.0,0.0,penurie (vide)
lovelolibreservice,Rouen,3c75b0220873fc2d254ec66e6f3ca232,127 - PLACE CARNOT,0.8,8.0,2.0,10.0,0.0,0.0,49.433,1.091,8.0,0.0,penurie (vide)
lovelolibreservice,Rouen,3d78d638eeac4fb020c37145a7b8d484,139 - CLINIQUE MATHILDE,0.125,1.0,7.0,8.0,0.0,0.0,49.429,1.097,1.0,0.0,penurie (vide)
lovelolibreservice,Rouen,3d8c27ee8c4dde7876fe6499d404a293,17 - HENRI IV,0.583,7.0,5.0,12.0,0.0,0.0,49.441,1.085,7.0,0.0,penurie (vide)
lovelolibreservice,Rouen,413929d1267be8a6fd74d42880abbe33,110 - KENNEDY,0.25,2.0,6.0,8.0,0.0,0.0,49.409,1.05,2.0,0.0,penurie (vide)
lovelolibreservice,Rouen,41b4cd9d1b0cc27f5771f32c19232ece,97 - VERT BUISSON,0.0,0.0,8.0,8.0,1.0,0.0,49.433,1.151,0.0,1.0,penurie (vide)
lovelolibreservice,Rouen,462bfd166cd1d87beb36d7c81302eef0,125 - HANGAR 105,0.333,4.0,8.0,12.0,0.0,0.0,49.44,1.076,4.0,0.0,penurie (vide)
lovelolibreservice,Rouen,489993a0a0ecc43a1295b2924f834325,22 - SAINT-EXUPERY,0.273,3.0,8.0,11.0,0.0,0.0,49.439,1.116,3.0,0.0,penurie (vide)
lovelolibreservice,Rouen,4abd9db8038085bf20a5e3f9f1a44115,8 - BOULINGRIN,0.0,0.0,11.0,11.0,1.0,0.0,49.447,1.107,0.0,1.0,penurie (vide)
lovelolibreservice,Rouen,4b6084b1a25b05f48c26293d34917790,91 - SAINT HILAIRE,0.0,0.0,12.0,12.0,1.0,0.0,49.442,1.112,0.0,1.0,penurie (vide)
lovelolibreservice,Rouen,4e7238de86ce77ac41bbb86d0b398f1c,93 - MONT ST REMY,1.0,8.0,0.0,8.0,0.0,1.0,49.396,1.126,8.0,1.0,saturation (pleine)
lovelolibreservice,Rouen,51752245d9e2b9aa9dc3388f450774ae,119 - CENTRE BOURG,0.375,3.0,5.0,8.0,0.0,0.0,49.414,1.034,3.0,0.0,penurie (vide)
lovelolibreservice,Rouen,51bfd47764b2b73ce8f6e3c78075eb40,111 - PROVINCES,0.0,0.0,9.0,9.0,1.0,0.0,49.411,1.053,0.0,1.0,penurie (vide)
lovelolibreservice,Rouen,566c6c79f1f176b4726afefc32d98659,108 - LEON BLUM,0.25,2.0,6.0,8.0,0.0,0.0,49.407,1.045,2.0,0.0,penurie (vide)
lovelolibreservice,Rouen,581a858b1b6685ca5082ad0f4c1c142f,61 - SAINT JULIEN,0.5,6.0,6.0,12.0,0.0,0.0,49.426,1.075,6.0,0.0,penurie (vide)
lovelolibreservice,Rouen,591099545f76f5fb48247be25506c6af,39 - LYCEE PASCAL,1.0,10.0,0.0,10.0,0.0,1.0,49.433,1.086,10.0,1.0,saturation (pleine)
lovelolibreservice,Rouen,5cd07a17cee425453c422c758f1420c9,31 - GUY BOISSIERE,0.917,11.0,1.0,12.0,0.0,0.0,49.431,1.104,11.0,0.0,penurie (vide)
lovelolibreservice,Rouen,5fe6b163f803f946978aaa481204303b,14 - PALAIS DE JUSTICE,0.2,3.0,12.0,15.0,0.0,0.0,49.442,1.091,3.0,0.0,penurie (vide)
lovelolibreservice,Rouen,63f615cc590d44ad3ddc41840ccbab00,109 - SESAM,0.125,1.0,7.0,8.0,0.0,0.0,49.41,1.043,1.0,0.0,penurie (vide)
lovelolibreservice,Rouen,65e53fe72dfc86293cb55dd8f612d212,4 - LIEUTENANT AUBERT,0.083,1.0,11.0,12.0,0.0,0.0,49.441,1.099,1.0,0.0,penurie (vide)
lovelolibreservice,Rouen,65ebaec29fe257206ddd00981c4acee7,50 - EUROPE LESSARD,0.583,7.0,5.0,12.0,0.0,0.0,49.428,1.095,7.0,0.0,penurie (vide)
lovelolibreservice,Rouen,671ce866c1393c5ca32693aebb9603d2,63 - JEAN JAURES,0.471,8.0,9.0,17.0,0.0,0.0,49.415,1.091,8.0,0.0,penurie (vide)
lovelolibreservice,Rouen,6854aec83ea48352a11be67e1d9c5173,41 - LAFAYETTE,1.0,12.0,0.0,12.0,0.0,1.0,49.431,1.087,12.0,1.0,saturation (pleine)
lovelolibreservice,Rouen,68593dfed5276a5b7a7024bc036d8d12,123 - PORT DE PLAISANCE,1.0,8.0,0.0,8.0,0.0,1.0,49.448,1.059,8.0,1.0,saturation (pleine)
lovelolibreservice,Rouen,69442062c1a2bc2b1c451bd3b0d21a8b,120 - BROSSOLETTE,0.125,1.0,7.0,8.0,0.0,0.0,49.415,1.042,1.0,0.0,penurie (vide)
lovelolibreservice,Rouen,6c60f25b33c01139fc3566798b6da99f,77 - CH DU ROUVRAY,1.0,8.0,0.0,8.0,0.0,1.0,49.4,1.1,8.0,1.0,saturation (pleine)
lovelolibreservice,Rouen,707826c8886ead3bacb915200a514bb1,118 - LYCEE VAL DE SEINE,1.0,8.0,0.0,8.0,0.0,1.0,49.398,1.038,8.0,1.0,saturation (pleine)
lovelolibreservice,Rouen,746ccfd6cac76d8a898b1512a55dea2b,18 - REPUBLIQUE,0.0,0.0,12.0,12.0,1.0,0.0,49.439,1.097,0.0,1.0,penurie (vide)
lovelolibreservice,Rouen,746dd88badaf9415564fd8154b57effb,25 - BELGES,0.909,10.0,1.0,11.0,0.0,0.0,49.442,1.084,10.0,0.0,penurie (vide)
lovelolibreservice,Rouen,7486613ffe4a9213757a52400148744d,102 - CAP DARNETAL,0.0,0.0,7.0,7.0,1.0,0.0,49.437,1.148,0.0,1.0,penurie (vide)
lovelolibreservice,Rouen,74a01e1f0137a4cab649a993a0185dc0,34 - FAC DE DROIT,0.423,11.0,15.0,26.0,0.0,0.0,49.444,1.078,11.0,0.0,penurie (vide)
lovelolibreservice,Rouen,7c49300779a9f5f24afd5f4d690b8081,32 - HANGAR 108,1.0,14.0,0.0,14.0,0.0,1.0,49.441,1.072,14.0,1.0,saturation (pleine)
lovelolibreservice,Rouen,7d20047ae5ba15e6ae9038f5dff67a86,43 - EUROPE - SAINT-JULIEN,0.571,4.0,3.0,7.0,0.0,0.0,49.428,1.082,4.0,0.0,penurie (vide)
lovelolibreservice,Rouen,7eb52a131886353d6a9d8835af21e79c,10 - MUSEE DES BEAUX ARTS,0.067,1.0,14.0,15.0,0.0,0.0,49.444,1.094,1.0,0.0,penurie (vide)
lovelolibreservice,Rouen,804d07d34b3ded35366d3ae7fc45d886,128 - PROFESSEUR STEWART,1.0,16.0,0.0,16.0,0.0,1.0,49.438,1.109,16.0,1.0,saturation (pleine)
lovelolibreservice,Rouen,81970a96c64cf9bf7cdd57a28bd62e40,30 - CHASTELLAIN,0.917,11.0,1.0,12.0,0.0,0.0,49.434,1.099,11.0,0.0,penurie (vide)
lovelolibreservice,Rouen,83c27bc50434d1447d3c1edcde208fed,13 - VIEUX MARCHE NORD,0.059,1.0,16.0,17.0,0.0,0.0,49.443,1.089,1.0,0.0,penurie (vide)
lovelolibreservice,Rouen,852e8bc33d353cc1ab21ca424e605dd5,89 - ECOLE DE MUSIQUE (PT-QUEVILLY),0.25,2.0,6.0,8.0,0.0,0.0,49.414,1.067,2.0,0.0,penurie (vide)
lovelolibreservice,Rouen,874a0bcfe0b25c75476a9fe44929c52f,35 - LUCILINE - PUTMAN,1.0,8.0,0.0,8.0,0.0,1.0,49.446,1.068,8.0,1.0,saturation (pleine)
lovelolibreservice,Rouen,87a547ad8f55fc1b4ef7f1a5da5180c1,121 - COOPERATIVE,0.125,1.0,7.0,8.0,0.0,0.0,49.422,1.044,1.0,0.0,penurie (vide)
lovelolibreservice,Rouen,892d66032b425426c13b870697e3a1d9,28 - QUAI JEAN MOULIN,0.65,13.0,7.0,20.0,0.0,0.0,49.436,1.09,13.0,0.0,penurie (vide)
lovelolibreservice,Rouen,8bc9e0ea6aa347e6a7f490f3e3d7f4da,29 - PONT CORNEILLE,0.0,0.0,12.0,12.0,1.0,0.0,49.435,1.096,0.0,1.0,penurie (vide)
lovelolibreservice,Rouen,8c11731fec4923bde604a69dae79c89a,47 - EUROPE - RONDEAUX,0.636,7.0,4.0,11.0,0.0,0.0,49.435,1.077,7.0,0.0,penurie (vide)
lovelolibreservice,Rouen,8e95f2aa54534019c1d2cb6cc0517bbd,79 - PARC DES BRUYERES / DIOCHON,0.455,5.0,6.0,11.0,0.0,0.0,49.41,1.072,5.0,0.0,penurie (vide)
lovelolibreservice,Rouen,8fa76dcbf9ac05e7a37d73eef5b862d5,5 - SAINT VIVIEN,0.0,0.0,12.0,12.0,1.0,0.0,49.441,1.103,0.0,1.0,penurie (vide)
lovelolibreservice,Rouen,8fdcf3394e98900fe726c9a02bac033d,60 - CHU,0.667,12.0,6.0,18.0,0.0,0.0,49.439,1.107,12.0,0.0,penurie (vide)
lovelolibreservice,Rouen,90c925d5ea16a34728bd906defe3a738,52 - DELBO,0.625,5.0,3.0,8.0,0.0,0.0,49.423,1.07,5.0,0.0,penurie (vide)
lovelolibreservice,Rouen,96bb32021835b7437e363725786c447c,6 - EAU DE ROBEC,0.286,2.0,5.0,7.0,0.0,0.0,49.442,1.106,2.0,0.0,penurie (vide)
lovelolibreservice,Rouen,96ee2f3d75b07a26eebc6fce36225ca0,70 - RIOT,0.75,6.0,2.0,8.0,0.0,0.0,49.409,1.095,6.0,0.0,penurie (vide)
lovelolibreservice,Rouen,986d4ddfddc24d9fb4a6394fe7db0ae5,98 - INDUSTRIE,0.286,2.0,5.0,7.0,0.0,0.0,49.431,1.164,2.0,0.0,penurie (vide)
lovelolibreservice,Rouen,99328f9f813f7901fbbcb93c9a31c039,38 - BRETAGNE,0.833,5.0,1.0,6.0,0.0,0.0,49.434,1.086,5.0,0.0,penurie (vide)
lovelolibreservice,Rouen,9ad29021f913d3be6f3d1267de224a8f,54 - DUFAY,1.0,10.0,0.0,10.0,0.0,1.0,49.423,1.078,10.0,1.0,saturation (pleine)
lovelolibreservice,Rouen,9b470edc245bd7daf058e0d6a55d6624,9 - LYCEE CORNEILLE,0.0,0.0,12.0,12.0,1.0,0.0,49.445,1.1,0.0,1.0,penurie (vide)
lovelolibreservice,Rouen,a03644c4ca8cb3b63654d3abaacaee11,20 - MARNE,0.091,1.0,10.0,11.0,0.0,0.0,49.448,1.094,1.0,0.0,penurie (vide)
lovelolibreservice,Rouen,a04c4489a95b38d07f62836e15ac26bb,1 - GENERAL DE GAULLE,0.182,2.0,9.0,11.0,0.0,0.0,49.443,1.099,2.0,0.0,penurie (vide)
lovelolibreservice,Rouen,a50515c12c51b6f96b7165576e7bcf79,100 - ECOLE D'ARCHI,0.125,1.0,7.0,8.0,0.0,0.0,49.439,1.136,1.0,0.0,penurie (vide)
lovelolibreservice,Rouen,a5362cdcbedbee7d6267c34479318bc4,2 - ROUGEMARE,0.0,0.0,8.0,8.0,1.0,0.0,49.445,1.099,0.0,1.0,penurie (vide)
lovelolibreservice,Rouen,abd3d85f5b8729f289dd71a09c1559c5,7 - CONSERVATOIRE,0.0,0.0,12.0,12.0,1.0,0.0,49.444,1.106,0.0,1.0,penurie (vide)
lovelolibreservice,Rouen,ae14a8b19bba14016ddd60fe167c0d96,99 - Onze Novembre,0.75,6.0,2.0,8.0,0.0,0.0,49.418,1.07,6.0,0.0,penurie (vide)
lovelolibreservice,Rouen,ae4245c493323a612b31c17a342bbdb9,36 - LENGLEN,0.667,8.0,4.0,12.0,0.0,0.0,49.448,1.073,8.0,0.0,penurie (vide)
lovelolibreservice,Rouen,ae82959ec6418f3cd4ca126766a00e7b,11 - CATHEDRALE,0.333,4.0,8.0,12.0,0.0,0.0,49.441,1.094,4.0,0.0,penurie (vide)
lovelolibreservice,Rouen,afb29b84b2353aa8b08147f3b0d3b90e,107 - CENTRE VILLE (GQ),0.429,3.0,4.0,7.0,0.0,0.0,49.407,1.05,3.0,0.0,penurie (vide)
lovelolibreservice,Rouen,b008158bfa6efe82414d344f4966cfcb,27 - QUAI DE PARIS,0.167,2.0,10.0,12.0,0.0,0.0,49.437,1.097,2.0,0.0,penurie (vide)
lovelolibreservice,Rouen,b02680e36a74b2edec9d38ac010b133f,137 - TRIBUNAL ADMINISTRATIF,0.375,3.0,5.0,8.0,0.0,0.0,49.445,1.083,3.0,0.0,penurie (vide)
lovelolibreservice,Rouen,b4d5e8cc2c4ad55edb5b84799b0fdd8d,19 - SAINT MARC SUD,0.519,14.0,13.0,27.0,0.0,0.0,49.438,1.101,14.0,0.0,penurie (vide)
lovelolibreservice,Rouen,b6d603a6364bd2e7c28a0b4e1de18459,131 - CALENDE,0.417,5.0,7.0,12.0,0.0,0.0,49.439,1.095,5.0,0.0,penurie (vide)
lovelolibreservice,Rouen,ba8192edda1e8cce7cf2cbb0428cbc97,138 - MARTAINVILLE,0.25,2.0,6.0,8.0,0.0,0.0,49.438,1.104,2.0,0.0,penurie (vide)
lovelolibreservice,Rouen,bcd178925870c8069891f53463b9d10c,96 - AUBETTE MAIRIE,0.375,3.0,5.0,8.0,0.0,0.0,49.433,1.158,3.0,0.0,penurie (vide)
lovelolibreservice,Rouen,beb66ab4bbda53abec0e4d84f6999fad,3 - SAINT OUEN,0.0,0.0,10.0,10.0,1.0,0.0,49.443,1.098,0.0,1.0,penurie (vide)
lovelolibreservice,Rouen,bf279b7dfc0a14c64e2fee1c37e4fa25,101 - CARVILLE,0.75,6.0,2.0,8.0,0.0,0.0,49.438,1.142,6.0,0.0,penurie (vide)
lovelolibreservice,Rouen,c003195e97c3bc54e52883943ab75525,124 - PLACE CAUCHOISE,0.316,6.0,13.0,19.0,0.0,0.0,49.446,1.086,6.0,0.0,penurie (vide)
lovelolibreservice,Rouen,c139bad28486180706311202d75b64f2,49 - EUROPE - SOTTEVILLE,1.0,9.0,0.0,9.0,0.0,1.0,49.426,1.087,9.0,1.0,saturation (pleine)
lovelolibreservice,Rouen,ca24d1c4e83706da9e81373cb1130a1b,59 - BECQUEREL,0.286,4.0,10.0,14.0,0.0,0.0,49.438,1.106,4.0,0.0,penurie (vide)
lovelolibreservice,Rouen,cba4326bb39b3d099b18e85f1f8f8afe,42 - AMIRAL CECILLE,0.778,7.0,2.0,9.0,0.0,0.0,49.432,1.083,7.0,0.0,penurie (vide)
lovelolibreservice,Rouen,cd53aaee7ad49e6bbbdc6b513a07079c,21 - GARE ROUEN RIVE DROITE,0.476,20.0,22.0,42.0,0.0,0.0,49.449,1.095,20.0,0.0,penurie (vide)
lovelolibreservice,Rouen,cd6efd6eb7fc9ed162853e79edd06faf,62 - HOTEL DE VILLE (SLR),0.25,2.0,6.0,8.0,0.0,0.0,49.414,1.089,2.0,0.0,penurie (vide)
lovelolibreservice,Rouen,cd944b698763ec3766122fbfa7db15ed,45 - HARKIS,0.375,6.0,10.0,16.0,0.0,0.0,49.43,1.079,6.0,0.0,penurie (vide)
lovelolibreservice,Rouen,cdd0f0495160f8ba29fdf57b47de02d7,75 - COLLEGE JEAN ZAY,0.25,2.0,6.0,8.0,0.0,0.0,49.404,1.086,2.0,0.0,penurie (vide)
lovelolibreservice,Rouen,cfcfceaae8e7fb12bd245d5fb2af128f,16 - GRAINDOR,0.714,10.0,4.0,14.0,0.0,0.0,49.441,1.088,10.0,0.0,penurie (vide)
lovelolibreservice,Rouen,d36392486d94481039227d04a4785be1,15 - THEATRE DES ARTS,0.864,19.0,3.0,22.0,0.0,0.0,49.439,1.089,19.0,0.0,penurie (vide)
lovelolibreservice,Rouen,d71849b9401e0bc5fc013c48743d2461,126 - GRAND COURS,0.417,5.0,7.0,12.0,0.0,0.0,49.426,1.106,5.0,0.0,penurie (vide)
lovelolibreservice,Rouen,d8d7c19e278371067a2da49ba4c8893c,56 - MARQUIS,0.545,6.0,5.0,11.0,0.0,0.0,49.425,1.084,6.0,0.0,penurie (vide)
lovelolibreservice,Rouen,d8ffa1c1704676f56d530c0da87b1ff7,78 - MAISON CITOYENNE BUISSON,0.25,2.0,6.0,8.0,0.0,0.0,49.4,1.082,2.0,0.0,penurie (vide)
lovelolibreservice,Rouen,dba3a045180a4ddaa26bc02625bda0c8,46 - ORLEANS,0.692,9.0,4.0,13.0,0.0,0.0,49.437,1.078,9.0,0.0,penurie (vide)
lovelolibreservice,Rouen,df49809a63c4cd8b3f62484943df597d,57 - AUBERGE DE JEUNESSE,0.0,0.0,12.0,12.0,1.0,0.0,49.441,1.12,0.0,1.0,penurie (vide)
lovelolibreservice,Rouen,e2389e1a8e3c2756c124d15125f34e74,129 - LYCEE DES BRUYERES,0.583,7.0,5.0,12.0,0.0,0.0,49.412,1.073,7.0,0.0,penurie (vide)
lovelolibreservice,Rouen,e4637b71f9ee12c64ea6e840b2dd14cb,26 - CAVELIER DE LA SALLE,0.273,3.0,8.0,11.0,0.0,0.0,49.439,1.08,3.0,0.0,penurie (vide)
lovelolibreservice,Rouen,eb7769b5fb5ad396e3ac5b89429b7bb8,132 - JARDIN DES PLANTES,0.789,15.0,4.0,19.0,0.0,0.0,49.42,1.078,15.0,0.0,penurie (vide)
lovelolibreservice,Rouen,ef7cdec923c87250376b5d0d34a427e7,95 - SIMONE SIGNORET,0.5,4.0,4.0,8.0,0.0,0.0,49.399,1.124,4.0,0.0,penurie (vide)
lovelolibreservice,Rouen,f0dcee5b479ed19b8fdc14b85f2e1e16,71 - TRIANON,0.857,6.0,1.0,7.0,0.0,0.0,49.408,1.089,6.0,0.0,penurie (vide)
lovelolibreservice,Rouen,f11f4479638790fcd0fd04e16de16236,76 - DOCK 76,0.929,13.0,1.0,14.0,0.0,0.0,49.445,1.064,13.0,0.0,penurie (vide)
lovelolibreservice,Rouen,f13d786f16d8fb3f8a6fa9b2a6ab0169,122 - ZENITH,0.667,8.0,4.0,12.0,0.0,0.0,49.392,1.058,8.0,0.0,penurie (vide)
lovelolibreservice,Rouen,f14534cf5eaaa80f41484b1da1ab021c,112 - MARYSE BASTIE,0.0,0.0,6.0,6.0,1.0,0.0,49.41,1.058,0.0,1.0,penurie (vide)
lovelolibreservice,Rouen,f819a1276523b707fe1f8d1528f400e8,40 - PLACE SAINT SEVER,1.0,11.0,0.0,11.0,0.0,1.0,49.431,1.085,11.0,1.0,saturation (pleine)
lovelolibreservice,Rouen,f92cf2367ab326982d54a4b960e08d48,94 - PLACE DU MARCHE,0.375,3.0,5.0,8.0,0.0,0.0,49.404,1.123,3.0,0.0,penurie (vide)
lovelolibreservice,Rouen,fa1096a56809e4779c8c131f057339d2,33 - PAVILLONS DES TRANSITIONS,0.833,10.0,2.0,12.0,0.0,0.0,49.442,1.077,10.0,0.0,penurie (vide)
lovelolibreservice,Rouen,fd2c0ec47bce33b5fb61fc5d107b1770,24 - MARIE CURIE,0.364,4.0,7.0,11.0,0.0,0.0,49.438,1.115,4.0,0.0,penurie (vide)
marseillan,Marseillan,295a3ff28fdaf6924cc554fac5e0fed6,Port,0.0,0.0,6.0,6.0,1.0,0.0,43.354,3.53,0.0,1.0,penurie (vide)
marseillan,Marseillan,2c61232f49f32da4a8ff6067e515334e,Mairie,0.0,0.0,6.0,6.0,1.0,0.0,43.356,3.527,0.0,1.0,penurie (vide)
marseillan,Marseillan,daa3bff06b35ebd4e68669ea77d8b083,Plage,0.0,0.0,7.0,7.0,1.0,0.0,43.318,3.547,0.0,1.0,penurie (vide)
nemovelo,Nîmes,0e5c31833c71041d0d90e697864e1207,Sainte-Perpétue,0.643,9.0,5.0,14.0,0.0,0.0,43.836,4.376,9.0,0.0,penurie (vide)
nemovelo,Nîmes,15399ff243225b4e8d6d8fb7038fae1e,Gambetta,0.125,1.0,7.0,8.0,0.0,0.0,43.84,4.357,1.0,0.0,penurie (vide)
nemovelo,Nîmes,1b89ba0773d5f41cf889c8208673cc11,Paloma,0.474,9.0,10.0,19.0,0.0,0.0,43.856,4.404,9.0,0.0,penurie (vide)
nemovelo,Nîmes,281888f9e6f9712e6da38f5b9871a381,Dhuoda,0.125,1.0,7.0,8.0,0.0,0.0,43.827,4.356,1.0,0.0,penurie (vide)
nemovelo,Nîmes,296b6522cae4712362c7c28e317582a8,Kilomètre Delta,0.7,7.0,3.0,10.0,0.0,0.0,43.81,4.334,7.0,0.0,penurie (vide)
nemovelo,Nîmes,2dec46817161ff02fbc7cbd5940e3128,IUT,0.375,9.0,15.0,24.0,0.0,0.0,43.818,4.331,9.0,0.0,penurie (vide)
nemovelo,Nîmes,2f36cf3f166631c4d00afd861f5658f0,G Besse - Maupas,0.462,6.0,7.0,13.0,0.0,0.0,43.823,4.37,6.0,0.0,penurie (vide)
nemovelo,Nîmes,2fdd4eedbae4e1470c0a2333a1c3e598,Hoche,0.0,0.0,10.0,10.0,1.0,0.0,43.845,4.371,0.0,1.0,penurie (vide)
nemovelo,Nîmes,35111e1a122df249115241159f2d201f,Camargue,0.0,0.0,10.0,10.0,1.0,0.0,43.825,4.354,0.0,1.0,penurie (vide)
nemovelo,Nîmes,355ac320e71e19a479163f340e85051a,Jardin de la fontaine,0.0,0.0,10.0,10.0,1.0,0.0,43.838,4.35,0.0,1.0,penurie (vide)
nemovelo,Nîmes,3a42b1f245e73ac317f65c6a5775054f,Arènes,0.077,1.0,12.0,13.0,0.0,0.0,43.835,4.358,1.0,0.0,penurie (vide)
nemovelo,Nîmes,3b7a528db6bc9a9c4b1dc5a43b2f3328,Cigale,0.125,1.0,7.0,8.0,0.0,0.0,43.841,4.341,1.0,0.0,penurie (vide)
nemovelo,Nîmes,3c726717bc618b2dd75f47f7a789aaba,G Besse - Wiener,0.5,8.0,8.0,16.0,0.0,0.0,43.822,4.367,8.0,0.0,penurie (vide)
nemovelo,Nîmes,3ed5638dd1eb5037645b2b8943552637,Questel,0.1,1.0,9.0,10.0,0.0,0.0,43.837,4.356,1.0,0.0,penurie (vide)
nemovelo,Nîmes,4b003655290e486dca4bf42af3dbf5a3,Romanité,0.444,8.0,10.0,18.0,0.0,0.0,43.832,4.358,8.0,0.0,penurie (vide)
nemovelo,Nîmes,4d46cc9f09519cbd38ae461995e91822,Gare Feuchères,0.231,3.0,10.0,13.0,0.0,0.0,43.833,4.366,3.0,0.0,penurie (vide)
nemovelo,Nîmes,54b490f41534652b1b08f2cb580eec27,Fac de médecine,0.167,2.0,10.0,12.0,0.0,0.0,43.821,4.319,2.0,0.0,penurie (vide)
nemovelo,Nîmes,5e96522ca290d11c369c214e5f0d8714,Mas des Abeilles,0.417,5.0,7.0,12.0,0.0,0.0,43.813,4.371,5.0,0.0,penurie (vide)
nemovelo,Nîmes,6032dd5fa279614edbc7dd0c474c8424,Bonfa,0.0,0.0,5.0,5.0,1.0,0.0,43.846,4.362,0.0,1.0,penurie (vide)
nemovelo,Nîmes,70d7330b1082f18144b37add63593d1e,Grézan,0.25,1.0,3.0,4.0,0.0,0.0,43.837,4.422,1.0,0.0,penurie (vide)
nemovelo,Nîmes,7b73cc92304fd244e2ebb08917b8f324,Paul Valéry,0.783,18.0,5.0,23.0,0.0,0.0,43.846,4.349,18.0,0.0,penurie (vide)
nemovelo,Nîmes,82b11574822407598d4a84f36440c9d0,Vauban,0.286,2.0,5.0,7.0,0.0,0.0,43.841,4.357,2.0,0.0,penurie (vide)
nemovelo,Nîmes,868f7ff7ce5019cb7b4dd61403b870e2,Esplanade,0.0,0.0,10.0,10.0,1.0,0.0,43.836,4.363,0.0,1.0,penurie (vide)
nemovelo,Nîmes,881bd0443bb6d36802c1b58c028043ac,Philippe Lamour,0.565,13.0,10.0,23.0,0.0,0.0,43.833,4.385,13.0,0.0,penurie (vide)
nemovelo,Nîmes,882fb732ec461e19b00b27240a7d0c88,Halle des sports,0.655,19.0,10.0,29.0,0.0,0.0,43.81,4.356,19.0,0.0,penurie (vide)
nemovelo,Nîmes,8912acdc0d4149c67b2b0f830d9deacc,Sully,0.111,1.0,8.0,9.0,0.0,0.0,43.845,4.368,1.0,0.0,penurie (vide)
nemovelo,Nîmes,8ab651fa062574a88dd97a37dcf0c268,Pablo Néruda,0.125,1.0,7.0,8.0,0.0,0.0,43.832,4.353,1.0,0.0,penurie (vide)
nemovelo,Nîmes,8c9c91859d0e48f2b37853c93ff60240,Square du 11 Novembre,0.167,1.0,5.0,6.0,0.0,0.0,43.834,4.362,1.0,0.0,penurie (vide)
nemovelo,Nîmes,8eb9a657eeea6de48fea0d39463cdb69,Route de Sauve,0.0,0.0,5.0,5.0,1.0,0.0,43.837,4.329,0.0,1.0,penurie (vide)
nemovelo,Nîmes,8ed4c6eb587ea0978b0c347bd89f95df,Observance,0.0,0.0,8.0,8.0,1.0,0.0,43.841,4.374,0.0,1.0,penurie (vide)
nemovelo,Nîmes,95ba827ed8a02312452f4e15286215fa,Sainte-Anne,0.167,2.0,10.0,12.0,0.0,0.0,43.835,4.351,2.0,0.0,penurie (vide)
nemovelo,Nîmes,97d3de6418f62de22e0c31e513f5507e,Les Halles,0.0,0.0,7.0,7.0,1.0,0.0,43.839,4.358,0.0,1.0,penurie (vide)
nemovelo,Nîmes,9f27337b1304f2e95ba8d994b3bbe9f4,Albert Camus,0.25,3.0,9.0,12.0,0.0,0.0,43.836,4.346,3.0,0.0,penurie (vide)
nemovelo,Nîmes,9fda479d34309e404e83d7f618e42e02,Marronniers,0.286,4.0,10.0,14.0,0.0,0.0,43.823,4.365,4.0,0.0,penurie (vide)
nemovelo,Nîmes,aaa5cdff50e0b3f55951a1f968a71c5b,Gare triaire ,0.0,0.0,10.0,10.0,1.0,0.0,43.832,4.367,0.0,1.0,penurie (vide)
nemovelo,Nîmes,ad31de3afc472f7de3ab2ad99029e717,Castanet,0.375,6.0,10.0,16.0,0.0,0.0,43.84,4.319,6.0,0.0,penurie (vide)
nemovelo,Nîmes,af38b7869d92fefde72d2d6116a6b2d2,Parnasse,0.526,10.0,9.0,19.0,0.0,0.0,43.817,4.361,10.0,0.0,penurie (vide)
nemovelo,Nîmes,be8ff8dc2a3470aae6f310bca9a602ce,CHU,0.412,7.0,10.0,17.0,0.0,0.0,43.824,4.321,7.0,0.0,penurie (vide)
nemovelo,Nîmes,c1da20156897893d24a303b372a6c7a7,Valmy,0.286,2.0,5.0,7.0,0.0,0.0,43.848,4.363,2.0,0.0,penurie (vide)
nemovelo,Nîmes,ca002062f0842948c6f209ef8b5259ab,Chalvidan,0.632,12.0,7.0,19.0,0.0,0.0,43.837,4.394,12.0,0.0,penurie (vide)
nemovelo,Nîmes,ca1c39968534de88bc174dc5048186a9,Severine,0.0,0.0,5.0,5.0,1.0,0.0,43.831,4.352,0.0,1.0,penurie (vide)
nemovelo,Nîmes,cb1227aa493b231dea103676e813a262,CMA,0.5,8.0,8.0,16.0,0.0,0.0,43.82,4.346,8.0,0.0,penurie (vide)
nemovelo,Nîmes,cd9f85789bcffe8e9af04c63008bb216,Mont Duplan,0.125,1.0,7.0,8.0,0.0,0.0,43.846,4.365,1.0,0.0,penurie (vide)
nemovelo,Nîmes,ce1c4d93714907ace355a7e9058319c6,Porte Auguste,0.0,0.0,5.0,5.0,1.0,0.0,43.839,4.364,0.0,1.0,penurie (vide)
nemovelo,Nîmes,d0e1d3b213bd0a2313f7d390d3440967,Laënnec,0.5,7.0,7.0,14.0,0.0,0.0,43.819,4.321,7.0,0.0,penurie (vide)
nemovelo,Nîmes,d62b9421e2bf7052646329ca3b11b65f,Tour Magne,0.286,2.0,5.0,7.0,0.0,0.0,43.843,4.349,2.0,0.0,penurie (vide)
nemovelo,Nîmes,d66858980150646cc72039caf80a1da3,Bois des Espeisses,0.364,4.0,7.0,11.0,0.0,0.0,43.857,4.324,4.0,0.0,penurie (vide)
nemovelo,Nîmes,dba28da44d795d4fc01f3256ecada2f5,Courbessac,0.5,5.0,5.0,10.0,0.0,0.0,43.869,4.405,5.0,0.0,penurie (vide)
nemovelo,Nîmes,df2860724f05aa0ad16ab176165d53a5,L'eau Bouillie,0.615,8.0,5.0,13.0,0.0,0.0,43.853,4.342,8.0,0.0,penurie (vide)
nemovelo,Nîmes,e67b1e4634b6908c9ea4778b0ebf6143,Liberté,0.3,3.0,7.0,10.0,0.0,0.0,43.821,4.356,3.0,0.0,penurie (vide)
nemovelo,Nîmes,ec8f09333c336c102c263b12daeb54c9,Multiplexe,0.375,6.0,10.0,16.0,0.0,0.0,43.815,4.368,6.0,0.0,penurie (vide)
nemovelo,Nîmes,f1ccde92baf6bfab4292438f7ae0d377,Route d'Uzès,0.444,4.0,5.0,9.0,0.0,0.0,43.854,4.379,4.0,0.0,penurie (vide)
optymo,Belfort,112190edd69cb14b293ae79ec274eb11,Offemont Romaine,0.2,2.0,8.0,10.0,0.0,0.0,47.661,6.871,2.0,0.0,penurie (vide)
optymo,Belfort,1c03de146609ec6c8edc4de62f8b5ed6,Offemont Mairie,0.5,5.0,5.0,10.0,0.0,0.0,47.663,6.879,5.0,0.0,penurie (vide)
optymo,Belfort,1d1e27e93cf336043c8573e1dd3a9695,Marché des Vosges,0.1,2.0,18.0,20.0,0.0,0.0,47.652,6.851,2.0,0.0,penurie (vide)
optymo,Belfort,299ab19c5b036ccaf76d6b92e5fbb337,Bohn,0.65,13.0,7.0,20.0,0.0,0.0,47.648,6.847,13.0,0.0,penurie (vide)
optymo,Belfort,2a38c3c348e455693eda6493295d88a8,Essert Carrières,0.4,4.0,6.0,10.0,0.0,0.0,47.635,6.829,4.0,0.0,penurie (vide)
optymo,Belfort,35c3d229651f42e5b035296ba040116c,Gare,0.225,9.0,31.0,40.0,0.0,0.0,47.634,6.854,9.0,0.0,penurie (vide)
optymo,Belfort,4c0d435f7c795eee1a5f7b86c90cdb64,Valdoie Turenne,0.9,9.0,1.0,10.0,0.0,0.0,47.668,6.842,9.0,0.0,penurie (vide)
optymo,Belfort,5858a75a3ba0d6d22abc61d4174222ca,Bibliothèque,0.5,10.0,10.0,20.0,0.0,0.0,47.639,6.856,10.0,0.0,penurie (vide)
optymo,Belfort,5858dd9aea2c8beadff42c0c767d96f2,RTTB ,0.5,5.0,5.0,10.0,0.0,0.0,47.623,6.857,5.0,0.0,penurie (vide)
optymo,Belfort,598e88e213e5a6c7af2691f8774f41e9,Laurencie,1.0,11.0,0.0,11.0,0.0,1.0,47.639,6.875,11.0,1.0,saturation (pleine)
optymo,Belfort,5c014b46661010c4bc0ec26966a1eed2,1re armée,0.15,3.0,17.0,20.0,0.0,0.0,47.654,6.847,3.0,0.0,penurie (vide)
optymo,Belfort,63a46c46b3b9054aa5e18c9aa1322414,Sevenans UTBM,0.2,4.0,16.0,20.0,0.0,0.0,47.588,6.866,4.0,0.0,penurie (vide)
optymo,Belfort,6b4721f2427e5de34106dcfc6987d106,Techn'hom Découverte,0.455,5.0,6.0,11.0,0.0,0.0,47.652,6.837,5.0,0.0,penurie (vide)
optymo,Belfort,6cc9babf6f88aee4e4490cd148a56ced,Pépinière,,0.0,0.0,0.0,1.0,1.0,47.626,6.854,,1.0,penurie (vide)
optymo,Belfort,6d18ecd19fb24f494a8df719e4e06213,Conservatoire,0.35,7.0,13.0,20.0,0.0,0.0,47.639,6.85,7.0,0.0,penurie (vide)
optymo,Belfort,795f8b95f75e391fd3522606dd1081c7,Étang des Forges,0.273,3.0,8.0,11.0,0.0,0.0,47.653,6.864,3.0,0.0,penurie (vide)
optymo,Belfort,83b62449d9e7a93cc3b26a832a0293df,République,0.8,16.0,4.0,20.0,0.0,0.0,47.64,6.861,16.0,0.0,penurie (vide)
optymo,Belfort,89cc52ec82d5cdbc95f2618d64c742e7,Valdoie Mairie,0.3,3.0,7.0,10.0,0.0,0.0,47.665,6.841,3.0,0.0,penurie (vide)
optymo,Belfort,8f470162633146a6fc8729060cdff2e7,Techn'hom IUT,0.65,26.0,14.0,40.0,0.0,0.0,47.643,6.841,26.0,0.0,penurie (vide)
optymo,Belfort,9e87f7d1dfe9f61004f0ae9acce45fa4,Rabin,0.125,5.0,35.0,40.0,0.0,0.0,47.642,6.857,5.0,0.0,penurie (vide)
optymo,Belfort,a2d0a4c7da965973e2f9246a267f5269,Courbet,0.5,10.0,10.0,20.0,0.0,0.0,47.654,6.855,10.0,0.0,penurie (vide)
optymo,Belfort,a976a32b07877503f4aeae879358bcda,Kennedy,0.2,2.0,8.0,10.0,0.0,0.0,47.634,6.84,2.0,0.0,penurie (vide)
optymo,Belfort,b0d068037402133ef6a093b3c4c0177f,Madrid,0.25,5.0,15.0,20.0,0.0,0.0,47.635,6.846,5.0,0.0,penurie (vide)
optymo,Belfort,b5058b4a4d77db18dbc03a0ab156b599,Sainte-Thérèse,0.556,5.0,4.0,9.0,0.0,0.0,47.641,6.838,5.0,0.0,penurie (vide)
optymo,Belfort,b824daf25273207ca9a81302521a3c43,Essert Mairie,0.5,5.0,5.0,10.0,0.0,0.0,47.633,6.818,5.0,0.0,penurie (vide)
optymo,Belfort,c01727a3177267a00bd193775accf4fe,Techn'hom Étang,0.967,29.0,1.0,30.0,0.0,0.0,47.644,6.845,29.0,0.0,penurie (vide)
optymo,Belfort,c24423928227bdbaae715f00518a6512,Maison du Peuple,0.45,9.0,11.0,20.0,0.0,0.0,47.641,6.852,9.0,0.0,penurie (vide)
optymo,Belfort,c26efdcee244051c9ef1ea018302bea8,Carnot,0.333,5.0,10.0,15.0,0.0,0.0,47.638,6.859,5.0,0.0,penurie (vide)
optymo,Belfort,d28ce5bf9825c945152d6cf68e6966cf,Bavilliers,0.5,5.0,5.0,10.0,0.0,0.0,47.621,6.834,5.0,0.0,penurie (vide)
optymo,Belfort,d2bbfef291a2ac956a0ca58a862abfd6,Multiplexe,0.35,7.0,13.0,20.0,0.0,0.0,47.629,6.862,7.0,0.0,penurie (vide)
optymo,Belfort,eb70966b43714ed22e1a8052f81ed169,ATRIA,0.6,12.0,8.0,20.0,0.0,0.0,47.641,6.863,12.0,0.0,penurie (vide)
optymo,Belfort,f7d254e156eb48bd03200bd8e19acc09,Corbis,0.15,3.0,17.0,20.0,0.0,0.0,47.637,6.858,3.0,0.0,penurie (vide)
perivelo,Grand Périgueux,044927a4a0c9531fa8fce257d40241d9,Gare de Périgueux - Parvis,0.231,3.0,10.0,13.0,0.0,0.0,45.187,0.708,3.0,0.0,penurie (vide)
perivelo,Grand Périgueux,204ceda9cf983ef5e47c3cafe5db2097,Place Bugeaud,0.375,6.0,10.0,16.0,0.0,0.0,45.184,0.718,6.0,0.0,penurie (vide)
perivelo,Grand Périgueux,75000f9d781753a0fcf26512a61e4c30,Halte Ferroviaire - Boulazac,0.091,1.0,10.0,11.0,0.0,0.0,45.172,0.773,1.0,0.0,penurie (vide)
petites-reines,Les Sables d'Olonne,012c828aa996f3ad74644954d392782d,Sablière,0.357,5.0,9.0,14.0,0.0,0.0,46.506,-1.789,5.0,0.0,penurie (vide)
petites-reines,Les Sables d'Olonne,206086daddb2bd03c110a6da2149d713,Parc de la Jarrie,0.5,4.0,4.0,8.0,0.0,0.0,46.534,-1.773,4.0,0.0,penurie (vide)
petites-reines,Les Sables d'Olonne,267fee10c679d7dc27563d668895d8d2,Arundel,0.375,3.0,5.0,8.0,0.0,0.0,46.494,-1.796,3.0,0.0,penurie (vide)
petites-reines,Les Sables d'Olonne,377ab66643683288255a11306b6983de,Vendée Globe,0.375,6.0,10.0,16.0,0.0,0.0,46.503,-1.787,6.0,0.0,penurie (vide)
petites-reines,Les Sables d'Olonne,3f11a1fe3d6bdce1f1bbd4388c957394,Promenade G Clemenceau,0.6,12.0,8.0,20.0,0.0,0.0,46.494,-1.779,12.0,0.0,penurie (vide)
petites-reines,Les Sables d'Olonne,42401206fef45e5a506e4612d10390d9,Tanchet,0.308,4.0,9.0,13.0,0.0,0.0,46.48,-1.76,4.0,0.0,penurie (vide)
petites-reines,Les Sables d'Olonne,648ede26e84721a5b41bb6c2467aa04d,Bourg de la Pironnière,0.545,6.0,5.0,11.0,0.0,0.0,46.477,-1.745,6.0,0.0,penurie (vide)
petites-reines,Les Sables d'Olonne,65e8cff346846ec2015688977d92e5c3,Hôtel de Ville,0.286,2.0,5.0,7.0,0.0,0.0,46.498,-1.783,2.0,0.0,penurie (vide)
petites-reines,Les Sables d'Olonne,6f9e845de9149375bcab013079dd0195,Passeur Quai Guiné,0.583,7.0,5.0,12.0,0.0,0.0,46.496,-1.795,7.0,0.0,penurie (vide)
petites-reines,Les Sables d'Olonne,76e90767f645f8ea85a1848d17e1f3d3,Atlantes,0.5,8.0,8.0,16.0,0.0,0.0,46.494,-1.792,8.0,0.0,penurie (vide)
petites-reines,Les Sables d'Olonne,8133a0badb18e713cbf2ab5ca69430f2,Présidents,0.444,4.0,5.0,9.0,0.0,0.0,46.489,-1.77,4.0,0.0,penurie (vide)
petites-reines,Les Sables d'Olonne,850bb89d3a547d92e8c19d089a816101,Capitainerie,0.429,6.0,8.0,14.0,0.0,0.0,46.499,-1.797,6.0,0.0,penurie (vide)
petites-reines,Les Sables d'Olonne,954e6e39f0b3a0badc3c96a39843e0fd,Parking Centre Ville Gare,0.286,2.0,5.0,7.0,0.0,0.0,46.499,-1.782,2.0,0.0,penurie (vide)
petites-reines,Les Sables d'Olonne,aab7cf9906f90c881a9fbae4de36e43c,Arago,0.444,4.0,5.0,9.0,0.0,0.0,46.495,-1.775,4.0,0.0,penurie (vide)
petites-reines,Les Sables d'Olonne,c214824f26c534d3bbdad0d25f4226eb,Mairie annexe du Château,0.615,8.0,5.0,13.0,0.0,0.0,46.505,-1.739,8.0,0.0,penurie (vide)
petites-reines,Les Sables d'Olonne,ddeb43af9979a4daaa3d619314235d33,Gare SNCF,0.375,3.0,5.0,8.0,0.0,0.0,46.5,-1.78,3.0,0.0,penurie (vide)
petites-reines,Les Sables d'Olonne,e7ca2836422e930a74caee8056795da8,Poissonnerie Pilote,0.0,0.0,5.0,5.0,1.0,0.0,46.498,-1.786,0.0,1.0,penurie (vide)
rubis-velo,Bourg-en-Bresse,098e20f51c39ed387e6cb0d5ec82937d,CAP EMERAUDE,0.286,2.0,5.0,7.0,0.0,0.0,46.221,5.244,2.0,0.0,penurie (vide)
rubis-velo,Bourg-en-Bresse,098e230f27f954271fcab0d6bd73bd64,QUARTIER DES LYCÉES,0.0,0.0,8.0,8.0,1.0,0.0,46.2,5.226,0.0,1.0,penurie (vide)
rubis-velo,Bourg-en-Bresse,19cff8d76567b0891177b246999436b5,BERTHELOT,0.0,0.0,5.0,5.0,1.0,0.0,46.194,5.214,0.0,1.0,penurie (vide)
rubis-velo,Bourg-en-Bresse,23a8ad1a7a56e50adf87d1ac30619d5f,D'ARSONVAL JACQUARD,0.444,4.0,5.0,9.0,0.0,0.0,46.222,5.22,4.0,0.0,penurie (vide)
rubis-velo,Bourg-en-Bresse,2f5f564dcb770ef2810aa50d74dc6d32,BOUVENT,0.286,2.0,5.0,7.0,0.0,0.0,46.192,5.257,2.0,0.0,penurie (vide)
rubis-velo,Bourg-en-Bresse,335f29b716f6d315f54a2ed5bb014c06,PARC DE LA MADELEINE,0.273,3.0,8.0,11.0,0.0,0.0,46.201,5.219,3.0,0.0,penurie (vide)
rubis-velo,Bourg-en-Bresse,441d881ea998eb94f1e6b9fde75bae06,MÉDIATHÈQUE CÉSAIRE,0.0,0.0,6.0,6.0,1.0,0.0,46.211,5.232,0.0,1.0,penurie (vide)
rubis-velo,Bourg-en-Bresse,46458a2a50271c35650f5c947b3a14ee,CHARMETTES,0.444,4.0,5.0,9.0,0.0,0.0,46.194,5.239,4.0,0.0,penurie (vide)
rubis-velo,Bourg-en-Bresse,474f63ba9eb160edd1aa2485df72e3a1,HÔPITAL FLEYRIAT,0.462,6.0,7.0,13.0,0.0,0.0,46.223,5.211,6.0,0.0,penurie (vide)
rubis-velo,Bourg-en-Bresse,4b774658add59fde995bb5b32e94c8ca,LA NEUVE,0.286,4.0,10.0,14.0,0.0,0.0,46.215,5.215,4.0,0.0,penurie (vide)
rubis-velo,Bourg-en-Bresse,560be1a9a64d5cd4fbf8c44cc35fa770,KENNEDY,0.286,2.0,5.0,7.0,0.0,0.0,46.207,5.239,2.0,0.0,penurie (vide)
rubis-velo,Bourg-en-Bresse,5aa70dd62b2dd38aaa3692f6a20f96ab,CHARITE UNIVERSITE,0.333,5.0,10.0,15.0,0.0,0.0,46.208,5.22,5.0,0.0,penurie (vide)
rubis-velo,Bourg-en-Bresse,601e70d83dbc236e34aaf7287cdb927c,PERRINCHE,0.286,2.0,5.0,7.0,0.0,0.0,46.239,5.229,2.0,0.0,penurie (vide)
rubis-velo,Bourg-en-Bresse,652bb6fdd30f24c75e190548052fcc3e,TYRANDES,0.444,4.0,5.0,9.0,0.0,0.0,46.185,5.207,4.0,0.0,penurie (vide)
rubis-velo,Bourg-en-Bresse,65ea6148510b572802716e17a74e5334,SEMARD GARE,0.423,11.0,15.0,26.0,0.0,0.0,46.2,5.215,11.0,0.0,penurie (vide)
rubis-velo,Bourg-en-Bresse,6d7d84ed082512aeea61cb55d152075a,CENTRE HIPPIQUE,0.286,2.0,5.0,7.0,0.0,0.0,46.187,5.233,2.0,0.0,penurie (vide)
rubis-velo,Bourg-en-Bresse,6ee875d90a858d784e12ef8de16bf467,CPA,0.375,3.0,5.0,8.0,0.0,0.0,46.228,5.23,3.0,0.0,penurie (vide)
rubis-velo,Bourg-en-Bresse,6f734ba5fec290495f69e71defcafc97,VIARDS,0.375,3.0,5.0,8.0,0.0,0.0,46.207,5.198,3.0,0.0,penurie (vide)
rubis-velo,Bourg-en-Bresse,7811ab0c06d06a19bc879bbf8ec83bad,PERONNAS MAIRIE,0.444,4.0,5.0,9.0,0.0,0.0,46.181,5.204,4.0,0.0,penurie (vide)
rubis-velo,Bourg-en-Bresse,7d7b57e7555901bd13d64baa26df4bd0,CARRE AMIOT,0.444,8.0,10.0,18.0,0.0,0.0,46.207,5.228,8.0,0.0,penurie (vide)
rubis-velo,Bourg-en-Bresse,7e1c377c89addd2aafb6890b57048f66,GRENOUILLÈRE,0.4,4.0,6.0,10.0,0.0,0.0,46.208,5.225,4.0,0.0,penurie (vide)
rubis-velo,Bourg-en-Bresse,800c4103fe8521c85a5dfd0a99aff205,CLINIQUE CONVERT,0.5,5.0,5.0,10.0,0.0,0.0,46.212,5.254,5.0,0.0,penurie (vide)
rubis-velo,Bourg-en-Bresse,88ec7f93706b56705a59292303171a9a,CENTRE NAUTIQUE,0.222,2.0,7.0,9.0,0.0,0.0,46.209,5.239,2.0,0.0,penurie (vide)
rubis-velo,Bourg-en-Bresse,892856753fe57a5e3ebbc5b64d54d311,EKINOX AINTEREXPO,0.333,4.0,8.0,12.0,0.0,0.0,46.188,5.246,4.0,0.0,penurie (vide)
rubis-velo,Bourg-en-Bresse,893d57d6cfca88bfb83f17b214587895,CROIX-BLANCHE,0.615,8.0,5.0,13.0,0.0,0.0,46.203,5.243,8.0,0.0,penurie (vide)
rubis-velo,Bourg-en-Bresse,89638e7ee6ef9d5084e8e8e7be7bab37,JULES FERRY,0.375,3.0,5.0,8.0,0.0,0.0,46.196,5.221,3.0,0.0,penurie (vide)
rubis-velo,Bourg-en-Bresse,8d886e4c5917e198843a493e42dc8c63,PONT DES CHÈVRES,0.143,1.0,6.0,7.0,0.0,0.0,46.21,5.221,1.0,0.0,penurie (vide)
rubis-velo,Bourg-en-Bresse,8df60f82436b6ff5de0c3a8426f259a6,ALAGNIER,0.0,0.0,5.0,5.0,1.0,0.0,46.195,5.273,0.0,1.0,penurie (vide)
rubis-velo,Bourg-en-Bresse,8f13c71116374de04ffc18bb97b76ecd,THÉÂTRE,0.364,4.0,7.0,11.0,0.0,0.0,46.206,5.225,4.0,0.0,penurie (vide)
rubis-velo,Bourg-en-Bresse,8f9d0640cc68c5bf33811cb9a843d156,DÎMES,0.167,1.0,5.0,6.0,0.0,0.0,46.208,5.244,1.0,0.0,penurie (vide)
rubis-velo,Bourg-en-Bresse,945958d1d95da5ae415261d1e1572b1f,VENNES MONTESQUIEU,0.222,2.0,7.0,9.0,0.0,0.0,46.189,5.228,2.0,0.0,penurie (vide)
rubis-velo,Bourg-en-Bresse,94c557dfe4982c8b092828930cf977b1,CHALLES,0.444,4.0,5.0,9.0,0.0,0.0,46.208,5.232,4.0,0.0,penurie (vide)
rubis-velo,Bourg-en-Bresse,9dda9fd318a4ec6862abdba638e06f14,PRINTEMPS,0.167,1.0,5.0,6.0,0.0,0.0,46.201,5.203,1.0,0.0,penurie (vide)
rubis-velo,Bourg-en-Bresse,a701abdbdaea19c8c97a0b04d9a52e2a,ROND-POINT DU STAND,0.25,2.0,6.0,8.0,0.0,0.0,46.195,5.23,2.0,0.0,penurie (vide)
rubis-velo,Bourg-en-Bresse,af7054484802df8b2058a3f7d7d2c670,GARE - DÉPOSE MINUTE,0.6,12.0,8.0,20.0,0.0,0.0,46.2,5.215,12.0,0.0,penurie (vide)
rubis-velo,Bourg-en-Bresse,b4b7bd6afeb181cde80c44acc27c0445,CHARLES DE GAULLE,0.2,1.0,4.0,5.0,0.0,0.0,46.2,5.24,1.0,0.0,penurie (vide)
rubis-velo,Bourg-en-Bresse,ca29d310fe843528c94cb00ecd2df3ca,SAINT-DENIS CENTRE,0.286,2.0,5.0,7.0,0.0,0.0,46.202,5.191,2.0,0.0,penurie (vide)
rubis-velo,Bourg-en-Bresse,ce88059c195da73bb15f84f4c347583d,CUVIER,0.375,3.0,5.0,8.0,0.0,0.0,46.219,5.228,3.0,0.0,penurie (vide)
rubis-velo,Bourg-en-Bresse,d07c0c5dcd791186c2b0d4c409e281c4,PREFECTURE,0.333,5.0,10.0,15.0,0.0,0.0,46.203,5.222,5.0,0.0,penurie (vide)
rubis-velo,Bourg-en-Bresse,d3889bc2d51e0b4088fe41405f9ac9c3,BONS ENFANTS,0.4,4.0,6.0,10.0,0.0,0.0,46.205,5.228,4.0,0.0,penurie (vide)
rubis-velo,Bourg-en-Bresse,d60aab6c6794a4ba30ff3c6291bb1989,COLLÈGE DE BROU,0.25,2.0,6.0,8.0,0.0,0.0,46.202,5.232,2.0,0.0,penurie (vide)
rubis-velo,Bourg-en-Bresse,e087b23de16f9ef301b5873ff9d30e11,MAQUIS,0.167,1.0,5.0,6.0,0.0,0.0,46.206,5.234,1.0,0.0,penurie (vide)
rubis-velo,Bourg-en-Bresse,f1e6cddc33ab0196e532c828e50b4f05,PELOUX GARE,0.25,2.0,6.0,8.0,0.0,0.0,46.199,5.214,2.0,0.0,penurie (vide)
rubis-velo,Bourg-en-Bresse,f6d241af2e76aaccf5c635f1bc5d6f48,VIRIAT MAIRIE,0.375,3.0,5.0,8.0,0.0,0.0,46.253,5.217,3.0,0.0,penurie (vide)
rubis-velo,Bourg-en-Bresse,f9b35952dc5832ee9913bc53f471bc67,MONASTERE DE BROU,0.125,1.0,7.0,8.0,0.0,0.0,46.198,5.235,1.0,0.0,penurie (vide)
rubis-velo,Bourg-en-Bresse,fb4e82136eb58573056045a776787d00,ALIMENTEC,0.412,7.0,10.0,17.0,0.0,0.0,46.215,5.243,7.0,0.0,penurie (vide)
semo,Communauté d'agglomération Seine-Eure,03e4cb7e9bfb6fd1cded7117040d96b9,Mairie Incarville,0.375,3.0,5.0,8.0,0.0,0.0,49.235,1.182,3.0,0.0,penurie (vide)
semo,Communauté d'agglomération Seine-Eure,068cede4c4373324fcd2ff1ab4432176,Place des Chalands,0.3,3.0,7.0,10.0,0.0,0.0,49.271,1.213,3.0,0.0,penurie (vide)
semo,Communauté d'agglomération Seine-Eure,097714c41bdc3070d9ad48cd5068fdb6,Mairie Courcelles-sur-Seine,0.444,4.0,5.0,9.0,0.0,0.0,49.183,1.358,4.0,0.0,penurie (vide)
semo,Communauté d'agglomération Seine-Eure,0b64ce7f1a9d2b35f2edc4cdc4a2584e,Place Aristide Briand,0.333,2.0,4.0,6.0,0.0,0.0,49.303,1.156,2.0,0.0,penurie (vide)
semo,Communauté d'agglomération Seine-Eure,10165cc26ec2b27995b1ff8ed768e05c,Mairie Le Val d'Hazey,0.455,5.0,6.0,11.0,0.0,0.0,49.174,1.336,5.0,0.0,penurie (vide)
semo,Communauté d'agglomération Seine-Eure,183d97e3edd1ece3ceb6e4161ded9e63,Janssen,0.4,2.0,3.0,5.0,0.0,0.0,49.258,1.186,2.0,0.0,penurie (vide)
semo,Communauté d'agglomération Seine-Eure,1d543b630d5f1c31b500daf2fa2a5a48,Centre Commercial du Becquet,0.4,4.0,6.0,10.0,0.0,0.0,49.209,1.182,4.0,0.0,penurie (vide)
semo,Communauté d'agglomération Seine-Eure,1dbf32c9211f9fd0a9e02fa1173d5e15,Notre Dame,0.444,4.0,5.0,9.0,0.0,0.0,49.258,1.208,4.0,0.0,penurie (vide)
semo,Communauté d'agglomération Seine-Eure,20b90517834381051b7591f2f6448e1d,Champs Chouette,0.4,2.0,3.0,5.0,0.0,0.0,49.14,1.315,2.0,0.0,penurie (vide)
semo,Communauté d'agglomération Seine-Eure,297c453161d2f967d3f3d5f37c983f69,Parking Paul Doumer,0.375,3.0,5.0,8.0,0.0,0.0,49.16,1.333,3.0,0.0,penurie (vide)
semo,Communauté d'agglomération Seine-Eure,2d4065146858c06831f242b3a4501a82,Pasteur,0.5,4.0,4.0,8.0,0.0,0.0,49.237,1.171,4.0,0.0,penurie (vide)
semo,Communauté d'agglomération Seine-Eure,39df219465b556606cf650a6aacac913,Gailloncel,0.286,2.0,5.0,7.0,0.0,0.0,49.156,1.341,2.0,0.0,penurie (vide)
semo,Communauté d'agglomération Seine-Eure,4bdd62fa11f5d501e1f08d69287394c0,Place des 4 Saisons,0.2,1.0,4.0,5.0,0.0,0.0,49.27,1.21,1.0,0.0,penurie (vide)
semo,Communauté d'agglomération Seine-Eure,5170435eb0efc204b8d20c2dd5058765,PLAINE DES LOISIRS,0.2,1.0,4.0,5.0,0.0,0.0,49.215,1.179,1.0,0.0,penurie (vide)
semo,Communauté d'agglomération Seine-Eure,541bfc9242b6086a241ee5ef4c70f6bd,Les Clouets,0.4,2.0,3.0,5.0,0.0,0.0,49.25,1.183,2.0,0.0,penurie (vide)
semo,Communauté d'agglomération Seine-Eure,62c82e9adfdbf445e69cc8bc270fab21,Conservatoire,0.2,1.0,4.0,5.0,0.0,0.0,49.275,1.212,1.0,0.0,penurie (vide)
semo,Communauté d'agglomération Seine-Eure,752d9d3f14c87bd96c751be88e166493,Le HUB,0.333,3.0,6.0,9.0,0.0,0.0,49.226,1.169,3.0,0.0,penurie (vide)
semo,Communauté d'agglomération Seine-Eure,7f6063441f96de0c8eba8a58d921972e,Gare de Pont-de-l'Arche - Alizay,0.333,3.0,6.0,9.0,0.0,0.0,49.317,1.159,3.0,0.0,penurie (vide)
semo,Communauté d'agglomération Seine-Eure,8365e4eaa9b644d6a6ca5a5a4e7406cf,Mairie Poses,0.333,2.0,4.0,6.0,0.0,0.0,49.304,1.245,2.0,0.0,penurie (vide)
semo,Communauté d'agglomération Seine-Eure,89375bcaf46400c6ead78a081403597e,Cimetière d'Igoville,0.429,3.0,4.0,7.0,0.0,0.0,49.32,1.142,3.0,0.0,penurie (vide)
semo,Communauté d'agglomération Seine-Eure,8eea16cbc7ecb421005015c2e9a735f7,Lycée André Malraux,0.3,3.0,7.0,10.0,0.0,0.0,49.166,1.346,3.0,0.0,penurie (vide)
semo,Communauté d'agglomération Seine-Eure,94533dc0021f6c23519f1b3ad9b92b56,Mairie Pinterville,0.2,1.0,4.0,5.0,0.0,0.0,49.192,1.176,1.0,0.0,penurie (vide)
semo,Communauté d'agglomération Seine-Eure,9b9ba67488a33d230bce0d9bd99fb1bd,Centre Commercial des Falaises,0.364,4.0,7.0,11.0,0.0,0.0,49.267,1.204,4.0,0.0,penurie (vide)
semo,Communauté d'agglomération Seine-Eure,abbc6159594a77714fbf2d0912b2b23f,Bois Rollon,0.25,1.0,3.0,4.0,0.0,0.0,49.264,1.214,1.0,0.0,penurie (vide)
semo,Communauté d'agglomération Seine-Eure,c306442c73fc56eb28bd7e649b3eebaf,Mairie St-Aubin-sur-Gaillon ,0.429,3.0,4.0,7.0,0.0,0.0,49.147,1.33,3.0,0.0,penurie (vide)
semo,Communauté d'agglomération Seine-Eure,c35ebac116b16445f0abb18353a3d34d,Parc des Sports,0.429,3.0,4.0,7.0,0.0,0.0,49.272,1.197,3.0,0.0,penurie (vide)
semo,Communauté d'agglomération Seine-Eure,c4b5ef50d6759d51d19eac91b751503a,Les Vignettes,0.2,1.0,4.0,5.0,0.0,0.0,49.284,1.223,1.0,0.0,penurie (vide)
semo,Communauté d'agglomération Seine-Eure,c5bff9a96ffc6cd5ae86f4dee708cf29,La Pommeraie,0.333,2.0,4.0,6.0,0.0,0.0,49.303,1.141,2.0,0.0,penurie (vide)
semo,Communauté d'agglomération Seine-Eure,c806dd9895441fb385f9f97e9ec20e86,Voie Babeurre,0.25,1.0,3.0,4.0,0.0,0.0,49.246,1.174,1.0,0.0,penurie (vide)
semo,Communauté d'agglomération Seine-Eure,ccf55aae334bc1de75253c1d29158042,PARVIS A BELTRAME,0.0,0.0,7.0,7.0,1.0,0.0,49.209,1.156,0.0,1.0,penurie (vide)
semo,Communauté d'agglomération Seine-Eure,d4a8e93c680e6e85e028e08446056568,Mairie Léry,0.333,2.0,4.0,6.0,0.0,0.0,49.286,1.206,2.0,0.0,penurie (vide)
semo,Communauté d'agglomération Seine-Eure,d79609c644f545274e8722fe019d0e5a,Gare SNCF Gaillon Aubevoye,0.333,4.0,8.0,12.0,0.0,0.0,49.175,1.352,4.0,0.0,penurie (vide)
semo,Communauté d'agglomération Seine-Eure,d92a8abe68927076f3aaa7d24ee51a7a,Gare SNCF Val-de-Reuil,0.417,5.0,7.0,12.0,0.0,0.0,49.276,1.224,5.0,0.0,penurie (vide)
semo,Communauté d'agglomération Seine-Eure,d9f94852064035fd3825c5a13ee9fc3b,Le Cavé,0.286,2.0,5.0,7.0,0.0,0.0,49.256,1.195,2.0,0.0,penurie (vide)
semo,Communauté d'agglomération Seine-Eure,dd9222d272d2945bceab2c06adaefbc6,PLACE THOREL,0.3,3.0,7.0,10.0,0.0,0.0,49.215,1.169,3.0,0.0,penurie (vide)
semo,Communauté d'agglomération Seine-Eure,e6366c147bc164ca933a7a3101e2edff,Mairie St-Pierre-du-Vauvray,0.4,2.0,3.0,5.0,0.0,0.0,49.232,1.221,2.0,0.0,penurie (vide)
semo,Communauté d'agglomération Seine-Eure,e6bd5174e8636d235a27338c20cbf175,Collège Suzanne Lipinska,0.0,0.0,4.0,4.0,1.0,0.0,49.201,1.192,0.0,1.0,penurie (vide)
semo,Communauté d'agglomération Seine-Eure,ee817aa9ee18882c5a324ba4a2f23576,Jeufosse,0.429,3.0,4.0,7.0,0.0,0.0,49.149,1.35,3.0,0.0,penurie (vide)
semo,Communauté d'agglomération Seine-Eure,f3ccfb867d185a314af6f4115fa6613f,Centre Commercial Alizay,0.429,3.0,4.0,7.0,0.0,0.0,49.32,1.18,3.0,0.0,penurie (vide)
semo,Communauté d'agglomération Seine-Eure,fc7779d54d0f99e0f41f4befd96b021b,Foch,0.286,2.0,5.0,7.0,0.0,0.0,49.211,1.171,2.0,0.0,penurie (vide)
tanlib,Niort,02263cabec6478eec4ecba1c1251492f,PYTHAGORE,0.474,9.0,10.0,19.0,0.0,0.0,46.332,-0.486,9.0,0.0,penurie (vide)
tanlib,Niort,068e82023207ac7d2ec01ad7d842a477,Bessines Mairie,0.0,0.0,8.0,8.0,1.0,0.0,46.302,-0.515,0.0,1.0,penurie (vide)
tanlib,Niort,158f4950382aa6389965db0c99661969,SAINT-LIGUAIRE,0.111,1.0,8.0,9.0,0.0,0.0,46.326,-0.512,1.0,0.0,penurie (vide)
tanlib,Niort,162a49894537c12c463d41315337d386,PLAINE,0.429,6.0,8.0,14.0,0.0,0.0,46.31,-0.452,6.0,0.0,penurie (vide)
tanlib,Niort,17ad1574ab77aeb92f6bb9421266aeed,SOUCHE EGLISE,0.333,4.0,8.0,12.0,0.0,0.0,46.327,-0.424,4.0,0.0,penurie (vide)
tanlib,Niort,2134fce6d0bb49217c95ee7c880e71b1,HOTEL DE VILLE,0.571,8.0,6.0,14.0,0.0,0.0,46.324,-0.464,8.0,0.0,penurie (vide)
tanlib,Niort,22020c3f242f0b1ca53bd9fb23668770,TREVINS,0.231,3.0,10.0,13.0,0.0,0.0,46.349,-0.376,3.0,0.0,penurie (vide)
tanlib,Niort,22b8db8876ea109c45c091bf666ad24b,Victor Hugo,0.273,3.0,8.0,11.0,0.0,0.0,46.293,-0.424,3.0,0.0,penurie (vide)
tanlib,Niort,267ea7e22a0ff2ee6ec638d6f00090f5,SAINT-FLORENT,0.462,6.0,7.0,13.0,0.0,0.0,46.313,-0.466,6.0,0.0,penurie (vide)
tanlib,Niort,297fb7d6a1c628e5406f160438aa9c12,ARANDELLES,0.273,3.0,8.0,11.0,0.0,0.0,46.356,-0.381,3.0,0.0,penurie (vide)
tanlib,Niort,29e4bd13f80d221a66d4f3a6a0fef81a,BELLUNE,0.231,3.0,10.0,13.0,0.0,0.0,46.326,-0.449,3.0,0.0,penurie (vide)
tanlib,Niort,2a0b3d6b93c7713d06d6e687fbd7f302,MAISONS ROUGES,0.0,0.0,10.0,10.0,1.0,0.0,46.336,-0.425,0.0,1.0,penurie (vide)
tanlib,Niort,2a4968ed3be093d4c0fbfe96e042fdc2,BATELIERS,0.429,6.0,8.0,14.0,0.0,0.0,46.362,-0.362,6.0,0.0,penurie (vide)
tanlib,Niort,2f7726d80764e5f8b1f705bbe5f639bb,VILLON,0.333,3.0,6.0,9.0,0.0,0.0,46.334,-0.472,3.0,0.0,penurie (vide)
tanlib,Niort,30fa325907c983b159a79f93e95981ba,CHOLETTE,0.182,2.0,9.0,11.0,0.0,0.0,46.343,-0.457,2.0,0.0,penurie (vide)
tanlib,Niort,3686266d0a566ea5b0d59acae64beaba,POLE ATLANTIQUE,0.435,10.0,13.0,23.0,0.0,0.0,46.317,-0.483,10.0,0.0,penurie (vide)
tanlib,Niort,3953a397e535605e6794865afc039b8f,Petit Fief,0.385,5.0,8.0,13.0,0.0,0.0,46.298,-0.431,5.0,0.0,penurie (vide)
tanlib,Niort,39af847feb3f139005d68d2206156a80,ESPACE OUEST,0.333,5.0,10.0,15.0,0.0,0.0,46.342,-0.489,5.0,0.0,penurie (vide)
tanlib,Niort,3af5a217dfe1cd0401b9be68da2586cb,CHAMPCLAIROT,0.467,7.0,8.0,15.0,0.0,0.0,46.32,-0.442,7.0,0.0,penurie (vide)
tanlib,Niort,3f2ec4b87a88b87e12b67879d959d830,TARDY,0.333,5.0,10.0,15.0,0.0,0.0,46.312,-0.477,5.0,0.0,penurie (vide)
tanlib,Niort,3f524336a186d1fc2753a388a5dd20fb,GAVACHERIE,0.364,4.0,7.0,11.0,0.0,0.0,46.325,-0.479,4.0,0.0,penurie (vide)
tanlib,Niort,4025ca7467b7fda4fba07cdb7d196540,MOULIN DU MILIEU,0.286,4.0,10.0,14.0,0.0,0.0,46.326,-0.465,4.0,0.0,penurie (vide)
tanlib,Niort,4b8a7e4591e85d447afa7e24722ad71c,CHÂTEAU DRIGUET,0.2,2.0,8.0,10.0,0.0,0.0,46.366,-0.377,2.0,0.0,penurie (vide)
tanlib,Niort,50cb82939120aff8789081d7926dfa74,PIED DE FOND,0.267,4.0,11.0,15.0,0.0,0.0,46.307,-0.486,4.0,0.0,penurie (vide)
tanlib,Niort,543dac2fc1943454260dffb4d3282880,SCHOFFENGRUND,0.333,4.0,8.0,12.0,0.0,0.0,46.359,-0.377,4.0,0.0,penurie (vide)
tanlib,Niort,6171d6486effba2b177c91cb87a62c98,POINCARE,0.333,4.0,8.0,12.0,0.0,0.0,46.316,-0.432,4.0,0.0,penurie (vide)
tanlib,Niort,647c209129ba62072eedcdb1f67f76a3,PORT BOINOT,0.294,5.0,12.0,17.0,0.0,0.0,46.325,-0.47,5.0,0.0,penurie (vide)
tanlib,Niort,69ef1380b639fd523ad02769d92d48b9,POLE UNIVERSITAIRE,0.333,6.0,12.0,18.0,0.0,0.0,46.327,-0.49,6.0,0.0,penurie (vide)
tanlib,Niort,6c3c9fb9013b5c5a20c6bde06c24cba6,LEO LAGRANGE,0.462,6.0,7.0,13.0,0.0,0.0,46.318,-0.471,6.0,0.0,penurie (vide)
tanlib,Niort,6cc1e3c4c9df1ead6908c9c448b9d87c,PUYRAJOUX,0.5,5.0,5.0,10.0,0.0,0.0,46.319,-0.45,5.0,0.0,penurie (vide)
tanlib,Niort,6e1f5c87f0c058c6566fc7c63988901e,PISSARDANT,0.2,2.0,8.0,10.0,0.0,0.0,46.301,-0.426,2.0,0.0,penurie (vide)
tanlib,Niort,7c769c01e3547518211b2b9356e6749c,Plantes,0.111,1.0,8.0,9.0,0.0,0.0,46.289,-0.408,1.0,0.0,penurie (vide)
tanlib,Niort,7d77783c4743d390c5984b4b08759639,CAILLARD,0.385,5.0,8.0,13.0,0.0,0.0,46.34,-0.439,5.0,0.0,penurie (vide)
tanlib,Niort,816324809f5d981f001d62a25e5ff5a2,JACQUES VANDIER,0.286,4.0,10.0,14.0,0.0,0.0,46.31,-0.482,4.0,0.0,penurie (vide)
tanlib,Niort,82bd9e0d2b7e0a25fce5f6ce2f711ea3,COUBERTIN,0.364,4.0,7.0,11.0,0.0,0.0,46.335,-0.457,4.0,0.0,penurie (vide)
tanlib,Niort,8598e7f805dc2ce592187989bab6e99a,CHABAN,0.2,2.0,8.0,10.0,0.0,0.0,46.346,-0.398,2.0,0.0,penurie (vide)
tanlib,Niort,8af8063b1a9331375fac839d963cd386,TELOUZE,0.4,6.0,9.0,15.0,0.0,0.0,46.347,-0.483,6.0,0.0,penurie (vide)
tanlib,Niort,8b176bbaecb3fa91dfb34a29900edbf2,LEVEE DE SEVREAU,0.2,2.0,8.0,10.0,0.0,0.0,46.319,-0.515,2.0,0.0,penurie (vide)
tanlib,Niort,95e510a6fea78a394302290289e7156f,MUSEE,0.0,0.0,7.0,7.0,1.0,0.0,46.321,-0.454,0.0,1.0,penurie (vide)
tanlib,Niort,96bc96938f9dda2eb9b8ae65a3694498,GARE,0.355,11.0,20.0,31.0,0.0,0.0,46.319,-0.455,11.0,0.0,penurie (vide)
tanlib,Niort,97dcb6d6fddd30453cfd480e7a1d8ff6,BRECHE,0.458,22.0,26.0,48.0,0.0,0.0,46.323,-0.459,22.0,0.0,penurie (vide)
tanlib,Niort,99ac3bd8d3efacb4c40f7033fc243267,Château Musset ,0.444,8.0,10.0,18.0,0.0,0.0,46.341,-0.417,8.0,0.0,penurie (vide)
tanlib,Niort,a10795ad330ec41779251664fe807424,THOMASSERIE,0.167,2.0,10.0,12.0,0.0,0.0,46.308,-0.47,2.0,0.0,penurie (vide)
tanlib,Niort,ac11a2db81e7b53912704b7f362d3f1c,PARPIN,0.5,8.0,8.0,16.0,0.0,0.0,46.362,-0.372,8.0,0.0,penurie (vide)
tanlib,Niort,ad526eaa00296449d39e654f88017c91,Portes du Marais,0.333,5.0,10.0,15.0,0.0,0.0,46.302,-0.491,5.0,0.0,penurie (vide)
tanlib,Niort,b58ff3d64a276b34cdb773abd19d1b24,AIFFRES MAIRIE ,0.0,0.0,8.0,8.0,1.0,0.0,46.286,-0.416,0.0,1.0,penurie (vide)
tanlib,Niort,b83a6f1e8c10eeb9aa26f1b3cbddab20,NERVAL,0.273,3.0,8.0,11.0,0.0,0.0,46.308,-0.441,3.0,0.0,penurie (vide)
tanlib,Niort,bae19f143a9830d375a1b12f704d0e9a,CENTRE-AQUATIQUE,0.5,8.0,8.0,16.0,0.0,0.0,46.359,-0.384,8.0,0.0,penurie (vide)
tanlib,Niort,baeac72bde6cbc3be3507359eb0825ac,SAINT-ANDRE,0.3,3.0,7.0,10.0,0.0,0.0,46.328,-0.447,3.0,0.0,penurie (vide)
tanlib,Niort,cc26e659bfd3a5afbd08116279037592,JEAN MACE,0.13,3.0,20.0,23.0,0.0,0.0,46.331,-0.469,3.0,0.0,penurie (vide)
tanlib,Niort,d4b451182178fa239957dfb86f60ddb7,PREVERT,0.091,1.0,10.0,11.0,0.0,0.0,46.343,-0.397,1.0,0.0,penurie (vide)
tanlib,Niort,d5923613ca7d4a674e3658a24463fa43,HERSE,0.333,4.0,8.0,12.0,0.0,0.0,46.339,-0.448,4.0,0.0,penurie (vide)
tanlib,Niort,df20c282386f1b2bacfa1624c2eddfcc,SOUCHECO,0.333,4.0,8.0,12.0,0.0,0.0,46.328,-0.438,4.0,0.0,penurie (vide)
tanlib,Niort,e7ee3681f55fa97d2e8a073255b5920c,PAUL GUERIN,0.31,9.0,20.0,29.0,0.0,0.0,46.315,-0.443,9.0,0.0,penurie (vide)
tanlib,Niort,ee3b48091a8e7780a03b4a7ee004d376,HOPITAL,0.562,9.0,7.0,16.0,0.0,0.0,46.317,-0.457,9.0,0.0,penurie (vide)
tanlib,Niort,efcde49ba103a22e1112da7afd4a600c,THOMAS JEAN MAIN,0.429,6.0,8.0,14.0,0.0,0.0,46.342,-0.477,6.0,0.0,penurie (vide)
tanlib,Niort,f8fe6ede9127cec5a4d7bdb503a48e42,ESPERANCE,0.167,2.0,10.0,12.0,0.0,0.0,46.316,-0.502,2.0,0.0,penurie (vide)
tanlib,Niort,fc76d6891ecc215d109e3624cc862901,DENFERT ROCHEREAU,0.3,3.0,7.0,10.0,0.0,0.0,46.33,-0.46,3.0,0.0,penurie (vide)
tempo-velo,Agen,02f742ed3dfc8876d13fd45be2b13c48,GARE,0.318,7.0,15.0,22.0,0.0,0.0,44.208,0.621,7.0,0.0,penurie (vide)
tempo-velo,Agen,13f426ded09ea3bdd9a5571b37a73831,JAYAN,0.444,4.0,5.0,9.0,0.0,0.0,44.201,0.621,4.0,0.0,penurie (vide)
tempo-velo,Agen,23acc789c24fac95d84811eb97cb0cf6,PREFECTURE,0.375,3.0,5.0,8.0,0.0,0.0,44.201,0.616,3.0,0.0,penurie (vide)
tempo-velo,Agen,3166a6c78e9727908fecbbe532726a95,BON ENCONTRE MAIRIE,0.5,5.0,5.0,10.0,0.0,0.0,44.186,0.668,5.0,0.0,penurie (vide)
tempo-velo,Agen,36b7f8b1096069aa1e47cafbb36a8f2c,PIN,0.0,0.0,5.0,5.0,1.0,0.0,44.205,0.627,0.0,1.0,penurie (vide)
tempo-velo,Agen,3fd714ecda32b1b2759d19c93b2e3e16,GRAVIER,0.444,4.0,5.0,9.0,0.0,0.0,44.2,0.611,4.0,0.0,penurie (vide)
tempo-velo,Agen,6c81d1ba41aec3b0ce1ad7c9177cf23c,TOUSSAINT,0.444,4.0,5.0,9.0,0.0,0.0,44.199,0.637,4.0,0.0,penurie (vide)
tempo-velo,Agen,6d066ab7e3064d980ff50ecf1ed7a566,PONT DU CASSE,0.5,5.0,5.0,10.0,0.0,0.0,44.232,0.681,5.0,0.0,penurie (vide)
tempo-velo,Agen,89fba8365063034e75ce784d549e44de,STADE,0.286,2.0,5.0,7.0,0.0,0.0,44.192,0.617,2.0,0.0,penurie (vide)
tempo-velo,Agen,b8ad69e9c2f7c5670bcecf19c01817b3,JASMIN,0.5,5.0,5.0,10.0,0.0,0.0,44.204,0.612,5.0,0.0,penurie (vide)
tempo-velo,Agen,b8bb6618286f71a6282325e79facb8e7,PLACE DES LAITIERS,0.444,4.0,5.0,9.0,0.0,0.0,44.205,0.617,4.0,0.0,penurie (vide)
tempo-velo,Agen,c0a8976021e02cf0651828e78204d551,LE PASSAGE - POSTE,0.444,4.0,5.0,9.0,0.0,0.0,44.195,0.603,4.0,0.0,penurie (vide)
tempo-velo,Agen,c52bebbd56ec350ebcab9be8f9d20205,DUVERGÉ,0.4,2.0,3.0,5.0,0.0,0.0,44.205,0.61,2.0,0.0,penurie (vide)
tempo-velo,Agen,c9cf558041149c8e674d1dff353368d6,SCHUMAN,0.286,2.0,5.0,7.0,0.0,0.0,44.208,0.634,2.0,0.0,penurie (vide)
tempo-velo,Agen,d47f4c365948c2806e4979337a30d3f2,UNIVERSITE,0.5,7.0,7.0,14.0,0.0,0.0,44.184,0.626,7.0,0.0,penurie (vide)
tempo-velo,Agen,f7bba985dc63b58cf4f141d6d17ea382,PARC CHABAUD,0.5,5.0,5.0,10.0,0.0,0.0,44.195,0.64,5.0,0.0,penurie (vide)
ti-velo,Landernau,245de4cd00750b6cb2a755d097105e5b,Hypermarché Leclerc,0.5,5.0,5.0,10.0,0.0,0.0,48.465,-4.264,5.0,0.0,penurie (vide)
ti-velo,Landernau,250a7e13b67c7482f0adab9be0ad1df7,Quai du Léon,0.214,3.0,11.0,14.0,0.0,0.0,48.449,-4.252,3.0,0.0,penurie (vide)
ti-velo,Landernau,2a50e258a086d0a482e1702ee0d59d5a,Pencran,0.9,9.0,1.0,10.0,0.0,0.0,48.439,-4.232,9.0,0.0,penurie (vide)
ti-velo,Landernau,2ae7411beda42e04c9021fe57e83275e,Fonds Leclerc,0.133,2.0,13.0,15.0,0.0,0.0,48.453,-4.254,2.0,0.0,penurie (vide)
ti-velo,Landernau,547f3f80b48fdb0cdbaf30456b871771,Mescoat – Hôtel d’entreprises,0.3,3.0,7.0,10.0,0.0,0.0,48.458,-4.272,3.0,0.0,penurie (vide)
ti-velo,Landernau,78c64d2d6c058067192c28f5976758d2,Plouedern,0.0,0.0,10.0,10.0,1.0,0.0,48.484,-4.247,0.0,1.0,penurie (vide)
ti-velo,Landernau,9087eb6c07468b42859aa839a27eb359,Gare,0.0,0.0,15.0,15.0,1.0,0.0,48.453,-4.256,0.0,1.0,penurie (vide)
ti-velo,Landernau,9f09335b3e2779fc3ed7f8fea021da61,Hôpital,0.5,7.0,7.0,14.0,0.0,0.0,48.448,-4.235,7.0,0.0,penurie (vide)
ti-velo,Landernau,a6752db21462e8644e752c89d37f4c79,La Forest-Landerneau,0.2,2.0,8.0,10.0,0.0,0.0,48.428,-4.316,2.0,0.0,penurie (vide)
ti-velo,Landernau,b9b87ce43476f8327c305d3c79774428,Aqualorn,0.667,10.0,5.0,15.0,0.0,0.0,48.444,-4.261,10.0,0.0,penurie (vide)
ti-velo,Landernau,d4292a8bf942f385c891ca18e4315d9f,Base de canoë-kayak,0.2,2.0,8.0,10.0,0.0,0.0,48.457,-4.24,2.0,0.0,penurie (vide)
ti-velo,Landernau,e7a576f449695e248ab6fccf17321c68,Kergreis Commerces,0.467,7.0,8.0,15.0,0.0,0.0,48.453,-4.278,7.0,0.0,penurie (vide)
ti-velo,Landernau,e7b5e7ba7f76c201e42bf939b52873c0,Maison des services publics,0.5,5.0,5.0,10.0,0.0,0.0,48.451,-4.258,5.0,0.0,penurie (vide)
ti-velo,Landernau,fea1f67282cd22d8ec638ed0d7e26627,Belhommet,0.04,1.0,24.0,25.0,0.0,0.0,48.449,-4.245,1.0,0.0,penurie (vide)
tlp-velo,"Tarbes, Lourdes",06bb44b777715899826a3a58d9f93e54,HOPITAL,0.286,2.0,5.0,7.0,0.0,0.0,43.222,0.056,2.0,0.0,penurie (vide)
tlp-velo,"Tarbes, Lourdes",1344e6e269f3831f40dd327860cf9e3a,ALSTOM,0.375,3.0,5.0,8.0,0.0,0.0,43.218,0.097,3.0,0.0,penurie (vide)
tlp-velo,"Tarbes, Lourdes",134d46e212bbfa7f4a9470d1e3500d94,STAPS,0.375,3.0,5.0,8.0,0.0,0.0,43.222,0.047,3.0,0.0,penurie (vide)
tlp-velo,"Tarbes, Lourdes",1fc3614f5c7317ef0cfcc0bc5fbfd2af,UNIVERSITE,0.222,2.0,7.0,9.0,0.0,0.0,43.228,0.05,2.0,0.0,penurie (vide)
tlp-velo,"Tarbes, Lourdes",2708070dba89a40ff27442b7f7d2f501,PISCINE / ROBERT HOSSEIN,0.143,1.0,6.0,7.0,0.0,0.0,43.102,-0.043,1.0,0.0,penurie (vide)
tlp-velo,"Tarbes, Lourdes",27503c7cbe53e80ec901f48c288856bb,TARBES - GARE SNCF,0.273,3.0,8.0,11.0,0.0,0.0,43.24,0.069,3.0,0.0,penurie (vide)
tlp-velo,"Tarbes, Lourdes",390d0b239e3cab127d1989898923b4d1,LOURDES - GARE SNCF,0.25,2.0,6.0,8.0,0.0,0.0,43.1,-0.043,2.0,0.0,penurie (vide)
tlp-velo,"Tarbes, Lourdes",3de87c621a00fffed4f76bf1216eaff0,COGNAC,0.333,1.0,2.0,3.0,0.0,0.0,43.238,0.045,1.0,0.0,penurie (vide)
tlp-velo,"Tarbes, Lourdes",50f0d6012beab2dae215437aeaa03317,LAC DE LOURDES,0.333,1.0,2.0,3.0,0.0,0.0,43.106,-0.078,1.0,0.0,penurie (vide)
tlp-velo,"Tarbes, Lourdes",571981bd5a2cad6e290c3c8f9346ce92,VERDUN,0.2,2.0,8.0,10.0,0.0,0.0,43.233,0.073,2.0,0.0,penurie (vide)
tlp-velo,"Tarbes, Lourdes",88aa51e507a4ab714f1c91f552c18857,ORMEAU,0.444,4.0,5.0,9.0,0.0,0.0,43.222,0.078,4.0,0.0,penurie (vide)
tlp-velo,"Tarbes, Lourdes",89f511482fc4318d9ae0c6478a396965,BRAUHAUBAN,0.091,1.0,10.0,11.0,0.0,0.0,43.231,0.075,1.0,0.0,penurie (vide)
tlp-velo,"Tarbes, Lourdes",ac4ba3a84741d01d6e8d7cf55f89f51f,PONT VIEUX,0.3,3.0,7.0,10.0,0.0,0.0,43.095,-0.052,3.0,0.0,penurie (vide)
tlp-velo,"Tarbes, Lourdes",c5a69437233bb5b1582f780949a2ff69,ARSENAL,0.444,4.0,5.0,9.0,0.0,0.0,43.241,0.079,4.0,0.0,penurie (vide)
tlp-velo,"Tarbes, Lourdes",c5b50dfdf6392d10957f0b1207d5df98,HALLES,0.167,2.0,10.0,12.0,0.0,0.0,43.093,-0.046,2.0,0.0,penurie (vide)
tlp-velo,"Tarbes, Lourdes",d0b86ec62feb14e24627730526b890df,ENI,0.375,6.0,10.0,16.0,0.0,0.0,43.225,0.053,6.0,0.0,penurie (vide)
tlp-velo,"Tarbes, Lourdes",ea9be628733324af1445e42183bbfdce,PRADEAU,0.5,5.0,5.0,10.0,0.0,0.0,43.233,0.065,5.0,0.0,penurie (vide)
tlp-velo,"Tarbes, Lourdes",ef9736dd2e14f8ca7185223f5478bffa,PIC DU JER,0.333,1.0,2.0,3.0,0.0,0.0,43.084,-0.044,1.0,0.0,penurie (vide)
tlp-velo,"Tarbes, Lourdes",f89fb2bb61443a87140e466a8f2c54c8,MARCADIEU,0.333,5.0,10.0,15.0,0.0,0.0,43.232,0.084,5.0,0.0,penurie (vide)
twisto-velo,Caen,063a8160e6492818ee9a2b53f9b20818,Caen Demi-Lune,0.5,5.0,5.0,10.0,0.0,0.0,49.174,-0.338,5.0,0.0,penurie (vide)
twisto-velo,Caen,07f80f62c90da639c5f5f2d85255edf8,Lebisey,0.1,1.0,9.0,10.0,0.0,0.0,49.2,-0.354,1.0,0.0,penurie (vide)
twisto-velo,Caen,08529d61303278bfbf5223e3a967d25f,Carpiquet Mairie,0.5,4.0,4.0,8.0,0.0,0.0,49.184,-0.441,4.0,0.0,penurie (vide)
twisto-velo,Caen,140b2e5253b62d000f79ee035253df83,Hérouville Fonderie ,0.556,5.0,4.0,9.0,0.0,0.0,49.21,-0.335,5.0,0.0,penurie (vide)
twisto-velo,Caen,14b9fce199bece5136a93a4b31a7dd5d,Saint-Jean-Eudes,0.0,0.0,10.0,10.0,1.0,0.0,49.191,-0.342,0.0,1.0,penurie (vide)
twisto-velo,Caen,153d2c3d852e52ac9306ca53d83b5740,Port - Place Courtonne,0.105,2.0,17.0,19.0,0.0,0.0,49.184,-0.356,2.0,0.0,penurie (vide)
twisto-velo,Caen,157eac0f4f5aeb9b4230c7b120c86003,Épron Orée du Golf,0.25,2.0,6.0,8.0,0.0,0.0,49.222,-0.364,2.0,0.0,penurie (vide)
twisto-velo,Caen,1936da52f6518e211e9a0782cbcb6cea,Abbaye-aux-Hommes ,0.1,1.0,9.0,10.0,0.0,0.0,49.182,-0.371,1.0,0.0,penurie (vide)
twisto-velo,Caen,1c3224d63f3fb82f2411664a7ea2842a,Colombelles Effiscience,1.0,19.0,0.0,19.0,0.0,1.0,49.188,-0.307,19.0,1.0,saturation (pleine)
twisto-velo,Caen,246d16156be183c56a924a97c6372f16,Giberville Pierre de Coubertin ,0.909,10.0,1.0,11.0,0.0,0.0,49.182,-0.283,10.0,0.0,penurie (vide)
twisto-velo,Caen,2556d0fbc0745fb53cda852fd99f7fd5,Blainville-sur-Orne Médiathèque,0.4,4.0,6.0,10.0,0.0,0.0,49.227,-0.303,4.0,0.0,penurie (vide)
twisto-velo,Caen,25777e2d0125de64517270f0ffd6fb9b,Fleury-sur-Orne Hauts de l'Orne,0.0,0.0,8.0,8.0,1.0,0.0,49.153,-0.361,0.0,1.0,penurie (vide)
twisto-velo,Caen,2622b214fa99f595a53b883649aa76b7,CHU - Entrée sud,0.789,15.0,4.0,19.0,0.0,0.0,49.204,-0.359,15.0,0.0,penurie (vide)
twisto-velo,Caen,27595910fef3f9d0527978c0263290c1,Ifs Jean Vilar,0.111,1.0,8.0,9.0,0.0,0.0,49.15,-0.351,1.0,0.0,penurie (vide)
twisto-velo,Caen,2949740de193efe00c1967d46e1cf745,Foch,0.0,0.0,9.0,9.0,1.0,0.0,49.179,-0.36,0.0,1.0,penurie (vide)
twisto-velo,Caen,2d01870335b62fb504128bbed6351566,Planitre,0.111,1.0,8.0,9.0,0.0,0.0,49.187,-0.402,1.0,0.0,penurie (vide)
twisto-velo,Caen,2d3da6836eae3bf56940890618644d6a,Fontaine Venoise ,0.143,1.0,6.0,7.0,0.0,0.0,49.175,-0.401,1.0,0.0,penurie (vide)
twisto-velo,Caen,346380c7e16f34bec315f1025fe50342,Clemenceau,0.0,0.0,10.0,10.0,1.0,0.0,49.188,-0.352,0.0,1.0,penurie (vide)
twisto-velo,Caen,3487f3ccc16ef39ac2198babdcccc74c,Mountbatten,0.889,8.0,1.0,9.0,0.0,0.0,49.2,-0.394,8.0,0.0,penurie (vide)
twisto-velo,Caen,3b62150999351a9468337744f267213b,Fleury-sur-Orne Bourg,0.0,0.0,10.0,10.0,1.0,0.0,49.149,-0.375,0.0,1.0,penurie (vide)
twisto-velo,Caen,3e092ee2165d503884a4b073e6d2e62c,Saint-Ouen,0.5,5.0,5.0,10.0,0.0,0.0,49.175,-0.377,5.0,0.0,penurie (vide)
twisto-velo,Caen,41447dca99e2696223c29aafe302b64f,Campus 2 - ENSICAEN,0.263,5.0,14.0,19.0,0.0,0.0,49.214,-0.367,5.0,0.0,penurie (vide)
twisto-velo,Caen,436fab51b19462c886b2a4dc66a416e5,Presqu'ile - Bibliothèque,0.7,7.0,3.0,10.0,0.0,0.0,49.183,-0.35,7.0,0.0,penurie (vide)
twisto-velo,Caen,47ca041b4a22c7045dfbd91ebf843255,Campus 1 - Esplanade,0.0,0.0,20.0,20.0,1.0,0.0,49.189,-0.364,0.0,1.0,penurie (vide)
twisto-velo,Caen,4b95b959d5c511c1a641548884167d85,Saint-Pierre,0.053,1.0,18.0,19.0,0.0,0.0,49.184,-0.36,1.0,0.0,penurie (vide)
twisto-velo,Caen,51efdb15f75c1d99a4ce60e3a2fc059a,Folie-Couvrechef - Sainte-Ursule,0.3,3.0,7.0,10.0,0.0,0.0,49.201,-0.381,3.0,0.0,penurie (vide)
twisto-velo,Caen,53a4f93626fd6c2a757b04532afb8793,Résistance,0.05,1.0,19.0,20.0,0.0,0.0,49.18,-0.356,1.0,0.0,penurie (vide)
twisto-velo,Caen,564cffa988daccce4ed92507112fe3ca,Hérouville Château d'Eau,0.05,1.0,19.0,20.0,0.0,0.0,49.203,-0.341,1.0,0.0,penurie (vide)
twisto-velo,Caen,5c49bdca067477cf0c4bbd83bd0ec9c9,Campus 4 et 5,0.3,6.0,14.0,20.0,0.0,0.0,49.21,-0.356,6.0,0.0,penurie (vide)
twisto-velo,Caen,5c7e35a9e11a6a9d66b2bcad6f435729,République,0.0,0.0,20.0,20.0,1.0,0.0,49.181,-0.364,0.0,1.0,penurie (vide)
twisto-velo,Caen,5fe211326df82dc62bd1045bb1921e00,Parc expo-Zénith,0.35,7.0,13.0,20.0,0.0,0.0,49.172,-0.381,7.0,0.0,penurie (vide)
twisto-velo,Caen,622580b0475e0b2b160bc27256f06a60,Pierre Heuzé - Champlain,0.1,1.0,9.0,10.0,0.0,0.0,49.198,-0.347,1.0,0.0,penurie (vide)
twisto-velo,Caen,62702ad7d257aa5be35208267b2a5bef,Chemin Vert - Schuman,0.0,0.0,10.0,10.0,1.0,0.0,49.192,-0.391,0.0,1.0,penurie (vide)
twisto-velo,Caen,63f528241264a599fad698cdbab0e39d,Lyautey,0.0,0.0,10.0,10.0,1.0,0.0,49.168,-0.361,0.0,1.0,penurie (vide)
twisto-velo,Caen,6796ab067c05c73cc0c58fea44a8c086,Caen Aviation,0.1,1.0,9.0,10.0,0.0,0.0,49.163,-0.35,1.0,0.0,penurie (vide)
twisto-velo,Caen,69d2395f2b6e93790e08f89728a57452,Ouistreham Eglise,0.6,6.0,4.0,10.0,0.0,0.0,49.276,-0.258,6.0,0.0,penurie (vide)
twisto-velo,Caen,74664445e5b58c3b2541359a6e0175a0,Institut Lemonnier,0.0,0.0,10.0,10.0,1.0,0.0,49.193,-0.353,0.0,1.0,penurie (vide)
twisto-velo,Caen,76c4b3daee22c8e96dc4207ad1789f1f,Mondeville centre,0.5,5.0,5.0,10.0,0.0,0.0,49.176,-0.323,5.0,0.0,penurie (vide)
twisto-velo,Caen,7b4bbe64eb4b53cf65bb6cd93de7492b,Louvigny Long Cours,0.4,4.0,6.0,10.0,0.0,0.0,49.161,-0.4,4.0,0.0,penurie (vide)
twisto-velo,Caen,815574b43515786d2f96de19baf8894b,Caen Saint-Jean Église,0.0,0.0,10.0,10.0,1.0,0.0,49.181,-0.359,0.0,1.0,penurie (vide)
twisto-velo,Caen,84a537a2d8daa01464641a7e0b709ad1,Caen Place Villers,0.0,0.0,9.0,9.0,1.0,0.0,49.179,-0.379,0.0,1.0,penurie (vide)
twisto-velo,Caen,85c075105147077750b974a8564e78b4,Ouistreham Plage,0.8,16.0,4.0,20.0,0.0,0.0,49.289,-0.258,16.0,0.0,penurie (vide)
twisto-velo,Caen,88c40e06edd291f0c479366ddb7bb521,Bretteville-sur-Odon Eglise,0.25,2.0,6.0,8.0,0.0,0.0,49.167,-0.413,2.0,0.0,penurie (vide)
twisto-velo,Caen,8a36d1e0f74f3f96862d2eb36bcc0aff,Saint-Germain Mairie,0.0,0.0,10.0,10.0,1.0,0.0,49.189,-0.41,0.0,1.0,penurie (vide)
twisto-velo,Caen,8aac12d1e4992a73d9759e516bc69f00,Cormelles-le-Royal Drakkars,0.6,6.0,4.0,10.0,0.0,0.0,49.161,-0.336,6.0,0.0,penurie (vide)
twisto-velo,Caen,8ed08a14c25d1b57a2bb6f348c5b673c,Caen Place du Canada,0.5,5.0,5.0,10.0,0.0,0.0,49.186,-0.372,5.0,0.0,penurie (vide)
twisto-velo,Caen,9a1e9686d93afde6471d2a1c185e08ad,Colombelles Mairie,0.6,6.0,4.0,10.0,0.0,0.0,49.204,-0.297,6.0,0.0,penurie (vide)
twisto-velo,Caen,a5d7288b12d53ef4263189145942bb1d,Place Bouchard,0.3,6.0,14.0,20.0,0.0,0.0,49.183,-0.364,6.0,0.0,penurie (vide)
twisto-velo,Caen,a7f38ba1421457418cfa91942f7d7175,Detolle,0.1,1.0,9.0,10.0,0.0,0.0,49.182,-0.387,1.0,0.0,penurie (vide)
twisto-velo,Caen,a899962d92fa01a5c8eca774213b3cda,Grâce de Dieu - Place du Commerce,0.0,0.0,10.0,10.0,1.0,0.0,49.161,-0.36,0.0,1.0,penurie (vide)
twisto-velo,Caen,ab7dcd7db003c23b3d1bda5329fed2eb,Colleville Plage,0.625,5.0,3.0,8.0,0.0,0.0,49.293,-0.283,5.0,0.0,penurie (vide)
twisto-velo,Caen,aef73ca2da7de674d5036c6848efedec,Caen Saint-Gabriel,0.0,0.0,7.0,7.0,1.0,0.0,49.188,-0.378,0.0,1.0,penurie (vide)
twisto-velo,Caen,b04b6e53ff16b9642e74dde8bf02a7c5,Côte de Nacre,0.35,7.0,13.0,20.0,0.0,0.0,49.21,-0.367,7.0,0.0,penurie (vide)
twisto-velo,Caen,b98a1a9008c9eb716cdeb05839de3656,Hermanville Plage,0.0,0.0,9.0,9.0,1.0,0.0,49.298,-0.303,0.0,1.0,penurie (vide)
twisto-velo,Caen,badfee65abcf3abd9551a722329fefb7,Sainte-Thérèse,0.0,0.0,10.0,10.0,1.0,0.0,49.171,-0.34,0.0,1.0,penurie (vide)
twisto-velo,Caen,c10ac5488fa252e21b91673937063042,Ifs Debussy,0.125,1.0,7.0,8.0,0.0,0.0,49.14,-0.355,1.0,0.0,penurie (vide)
twisto-velo,Caen,c16ce1c5222bf7f63062f14271e777d7,Hérouville Collège-lycée expérimental,0.0,0.0,8.0,8.0,1.0,0.0,49.2,-0.337,0.0,1.0,penurie (vide)
twisto-velo,Caen,c268d37fb6b2f05c1036135d3357bc5c,Hérouville Café des images,0.143,3.0,18.0,21.0,0.0,0.0,49.202,-0.333,3.0,0.0,penurie (vide)
twisto-velo,Caen,c8ad5e64393be7e13764e636c802d3bf,Rue de Vaucelles,0.0,0.0,10.0,10.0,1.0,0.0,49.175,-0.354,0.0,1.0,penurie (vide)
twisto-velo,Caen,c8b1bcadda7f8dbcaa7132f5f5dbef39,Gare nord ,0.833,25.0,5.0,30.0,0.0,0.0,49.177,-0.349,25.0,0.0,penurie (vide)
twisto-velo,Caen,ca9c67adbfb099daff466a8e179f51b6,Chemin Vert - Coty,0.0,0.0,6.0,6.0,1.0,0.0,49.192,-0.395,0.0,1.0,penurie (vide)
twisto-velo,Caen,cd65fdcb78d7067eb65d013b936d470e,Beaulieu,0.0,0.0,20.0,20.0,1.0,0.0,49.182,-0.401,0.0,1.0,penurie (vide)
twisto-velo,Caen,dc1f582edbf22af5b036a99070c9d19f,Hérouville Citis,0.278,5.0,13.0,18.0,0.0,0.0,49.213,-0.355,5.0,0.0,penurie (vide)
twisto-velo,Caen,dd7b4f3625ef0ffa52ebb4b0f7afde1d,Saint-Contest La Folie,0.111,1.0,8.0,9.0,0.0,0.0,49.202,-0.4,1.0,0.0,penurie (vide)
twisto-velo,Caen,df0b68feae61b0e6824c35f9a04884a3,Claude Decaen,0.0,0.0,10.0,10.0,1.0,0.0,49.168,-0.347,0.0,1.0,penurie (vide)
twisto-velo,Caen,e0f8df60fa4306c5fc4f13053827bb29,CHU - Entrée nord,0.353,6.0,11.0,17.0,0.0,0.0,49.206,-0.357,6.0,0.0,penurie (vide)
twisto-velo,Caen,e1c5e5c0f77396c4186996ed52b474a9,Mondeville Espace Letellier,0.0,0.0,10.0,10.0,1.0,0.0,49.168,-0.325,0.0,1.0,penurie (vide)
twisto-velo,Caen,e231ef2013c8d7c3596ea8a727bc8663,Bénouville Mairie,0.5,5.0,5.0,10.0,0.0,0.0,49.243,-0.278,5.0,0.0,penurie (vide)
twisto-velo,Caen,e5933991414c90ef19c03e6593d5d2cd,Anciennes Boucheries,0.0,0.0,5.0,5.0,1.0,0.0,49.183,-0.375,0.0,1.0,penurie (vide)
twisto-velo,Caen,e67b7bb06a7a2f49fa0423c903b99a52,Stade Nautique,0.167,3.0,15.0,18.0,0.0,0.0,49.177,-0.368,3.0,0.0,penurie (vide)
twisto-velo,Caen,ebc978ab16d799fea1b98ba7e1c7ff17,Hérouville Montmorency,0.2,1.0,4.0,5.0,0.0,0.0,49.195,-0.328,1.0,0.0,penurie (vide)
twisto-velo,Caen,ecc73bb96005a9476641997d606e2acf,Gare sud,0.75,15.0,5.0,20.0,0.0,0.0,49.176,-0.348,15.0,0.0,penurie (vide)
twisto-velo,Caen,f7e2605223cf609ed964e2729835455b,Calvaire St Pierre - Défense passive,0.125,1.0,7.0,8.0,0.0,0.0,49.199,-0.364,1.0,0.0,penurie (vide)
twisto-velo,Caen,f8d3aa8dca88dedf48660c112f8436e4,Lion-sur-Mer Plage,0.333,3.0,6.0,9.0,0.0,0.0,49.303,-0.315,3.0,0.0,penurie (vide)
twisto-velo,Caen,fa6b2656d40fd90cf6752652417212be,Caen Place du 36ème,0.0,0.0,10.0,10.0,1.0,0.0,49.177,-0.356,0.0,1.0,penurie (vide)
twisto-velo,Caen,fa8b2e79737f906fac33d63108a4af9d,Guérinière - Place de la Liberté,0.5,5.0,5.0,10.0,0.0,0.0,49.161,-0.344,5.0,0.0,penurie (vide)
v3-bordeaux,Bordeaux,000d60c28a566c828fce6b2532445408,Croix de Seguey,0.105,2.0,17.0,19.0,0.0,0.0,44.85,-0.585,2.0,0.0,penurie (vide)
v3-bordeaux,Bordeaux,0055e10b8fd1ed02bf221f12f444cc56,Arsenal,0.0,0.0,15.0,15.0,1.0,0.0,44.854,-0.589,0.0,1.0,penurie (vide)
v3-bordeaux,Bordeaux,009f50f6bcfd618daa5fbda53ce14ccd,Piscine Judaique,0.346,9.0,17.0,26.0,0.0,0.0,44.841,-0.593,9.0,0.0,penurie (vide)
v3-bordeaux,Bordeaux,02a0cf65598bcf0ada8d9fe1a114b550,CREPS,0.562,9.0,7.0,16.0,0.0,0.0,44.801,-0.597,9.0,0.0,penurie (vide)
v3-bordeaux,Bordeaux,038869360b50ea7e915500f566226f0a,Lewis Brown,0.65,13.0,7.0,20.0,0.0,0.0,44.863,-0.561,13.0,0.0,penurie (vide)
v3-bordeaux,Bordeaux,040e3b6837090ba4ba70fa8f31bfeb63,Terres Neuves,0.05,1.0,19.0,20.0,0.0,0.0,44.815,-0.551,1.0,0.0,penurie (vide)
v3-bordeaux,Bordeaux,0452ea1eb7bc2cb987b9f285256527fb,Place St Projet,0.471,8.0,9.0,17.0,0.0,0.0,44.839,-0.575,8.0,0.0,penurie (vide)
v3-bordeaux,Bordeaux,06a19bcc9611ad2e0f826e0247320ba4,Les Hangars,0.281,9.0,23.0,32.0,0.0,0.0,44.858,-0.558,9.0,0.0,penurie (vide)
v3-bordeaux,Bordeaux,0752971b2b86c1ef99f2c7beeca4f284,Hopital Pellegrin,0.724,21.0,8.0,29.0,0.0,0.0,44.83,-0.604,21.0,0.0,penurie (vide)
v3-bordeaux,Bordeaux,07d9299faa8f186e667fb6120388589e,Ilot CAPC,0.2,1.0,4.0,5.0,0.0,0.0,44.85,-0.57,1.0,0.0,penurie (vide)
v3-bordeaux,Bordeaux,07e144c50ab8142dc7cb4a6e38723931,Parc Bordelais,0.067,1.0,14.0,15.0,0.0,0.0,44.853,-0.599,1.0,0.0,penurie (vide)
v3-bordeaux,Bordeaux,081bc8c340300bc498d854b4e3ef2499,Roustaing,0.5,8.0,8.0,16.0,0.0,0.0,44.817,-0.587,8.0,0.0,penurie (vide)
v3-bordeaux,Bordeaux,0841db961c583034b23cd1763275ac8f,Capeyron,0.167,3.0,15.0,18.0,0.0,0.0,44.851,-0.645,3.0,0.0,penurie (vide)
v3-bordeaux,Bordeaux,0934063e0c3e2bc3efc8965322628f4d,Palais des Congres,0.172,5.0,24.0,29.0,0.0,0.0,44.889,-0.568,5.0,0.0,penurie (vide)
v3-bordeaux,Bordeaux,09ec0f92a1426b2f7233bed52e3aea8e,Jean Zay,0.174,4.0,19.0,23.0,0.0,0.0,44.854,-0.513,4.0,0.0,penurie (vide)
v3-bordeaux,Bordeaux,0a09467cf9335ca166ae0659c77b95e6,St Paul,0.059,1.0,16.0,17.0,0.0,0.0,44.837,-0.573,1.0,0.0,penurie (vide)
v3-bordeaux,Bordeaux,0a92d366d57def7b5f70434a9f7def58,Arts et Métiers,0.333,13.0,26.0,39.0,0.0,0.0,44.806,-0.602,13.0,0.0,penurie (vide)
v3-bordeaux,Bordeaux,0b3102684dd4cc599870f8bad63cac1b,Ilot Saint Paul,0.0,0.0,5.0,5.0,1.0,0.0,44.838,-0.573,0.0,1.0,penurie (vide)
v3-bordeaux,Bordeaux,0b65b8296e3e12fba02b57c3f8d03742,Belvédère,0.75,15.0,5.0,20.0,0.0,0.0,44.835,-0.553,15.0,0.0,penurie (vide)
v3-bordeaux,Bordeaux,0b9802e69cd624caa3846b4004d5b53a,Gare Pessac Alouette,0.125,2.0,14.0,16.0,0.0,0.0,44.793,-0.658,2.0,0.0,penurie (vide)
v3-bordeaux,Bordeaux,0e45d61e420049e54674cc4139b82c73,Ecole Normale,0.158,3.0,16.0,19.0,0.0,0.0,44.846,-0.598,3.0,0.0,penurie (vide)
v3-bordeaux,Bordeaux,0ec132487f8ad61fd84613630605781f,Medoquine,0.35,7.0,13.0,20.0,0.0,0.0,44.819,-0.6,7.0,0.0,penurie (vide)
v3-bordeaux,Bordeaux,0eeed76211f8ecd86f2f11e5a02fe7fd,Bergonié,0.6,9.0,6.0,15.0,0.0,0.0,44.825,-0.578,9.0,0.0,penurie (vide)
v3-bordeaux,Bordeaux,0f15ef7232592c360ff424fe89174057,Grand Theatre,0.706,12.0,5.0,17.0,0.0,0.0,44.843,-0.574,12.0,0.0,penurie (vide)
v3-bordeaux,Bordeaux,0f33025f280c8af0f6e8402d02457cf6,Les Pins,0.0,0.0,19.0,19.0,1.0,0.0,44.857,-0.66,0.0,1.0,penurie (vide)
v3-bordeaux,Bordeaux,11b84373c7d2543555064f6c9f8ee9b3,Barrière Saint-Médard,0.5,10.0,10.0,20.0,0.0,0.0,44.848,-0.598,10.0,0.0,penurie (vide)
v3-bordeaux,Bordeaux,1648916a2eaac97bc25b474dd1b6da9f,Hippodrome,0.1,2.0,18.0,20.0,0.0,0.0,44.874,-0.629,2.0,0.0,penurie (vide)
v3-bordeaux,Bordeaux,17e4a35ccffef4f019d3dc59b01b7116,Belcier Tram,0.857,18.0,3.0,21.0,0.0,0.0,44.823,-0.553,18.0,0.0,penurie (vide)
v3-bordeaux,Bordeaux,1a8ddbde4e19909ea19dccabd7bd218d,Grand Lebrun ,0.188,3.0,13.0,16.0,0.0,0.0,44.851,-0.609,3.0,0.0,penurie (vide)
v3-bordeaux,Bordeaux,1aa287212a9cd0c3fb7938b6f0a709a0,Brandenburg,0.4,8.0,12.0,20.0,0.0,0.0,44.874,-0.546,8.0,0.0,penurie (vide)
v3-bordeaux,Bordeaux,1ad6b0a08722c43eba1bbf82852ab860,Les Aubiers,0.208,5.0,19.0,24.0,0.0,0.0,44.874,-0.574,5.0,0.0,penurie (vide)
v3-bordeaux,Bordeaux,1b128cc99d7a26ae9926211e0d8f411d,Fontaine d'Arlac,0.111,2.0,16.0,18.0,0.0,0.0,44.826,-0.626,2.0,0.0,penurie (vide)
v3-bordeaux,Bordeaux,1b36f34c1a760863bb9e4f4034cc7f0a,Lycee Bremontier,0.235,4.0,13.0,17.0,0.0,0.0,44.824,-0.571,4.0,0.0,penurie (vide)
v3-bordeaux,Bordeaux,1df30dd526b2ba72015bd1c6d2bde690,Camping International,0.318,7.0,15.0,22.0,0.0,0.0,44.898,-0.583,7.0,0.0,penurie (vide)
v3-bordeaux,Bordeaux,1eb40d34d7a24fba8e7ed10e0fc7c9a6,Parc Municipal,0.471,8.0,9.0,17.0,0.0,0.0,44.83,-0.527,8.0,0.0,penurie (vide)
v3-bordeaux,Bordeaux,1f34f108a964e824bc57f6a2c04a9dd7,Jean Jaures,0.053,1.0,18.0,19.0,0.0,0.0,44.854,-0.538,1.0,0.0,penurie (vide)
v3-bordeaux,Bordeaux,205edd85739c6ab67c4c49a793a9526b,Place Florale,0.312,5.0,11.0,16.0,0.0,0.0,44.869,-0.636,5.0,0.0,penurie (vide)
v3-bordeaux,Bordeaux,211f28b5a3e557d51735d41e3691e30b,Place du Palais,0.125,4.0,28.0,32.0,0.0,0.0,44.838,-0.57,4.0,0.0,penurie (vide)
v3-bordeaux,Bordeaux,241f488d066a12a731103911b703a5d5,Emile Zola,0.875,14.0,2.0,16.0,0.0,0.0,44.863,-0.6,14.0,0.0,penurie (vide)
v3-bordeaux,Bordeaux,244348721bae079dc9015ce826ca9538,Jardin Public,0.483,14.0,15.0,29.0,0.0,0.0,44.848,-0.576,14.0,0.0,penurie (vide)
v3-bordeaux,Bordeaux,247b548da19b904300ac26518d8586b7,Magendie,0.067,1.0,14.0,15.0,0.0,0.0,44.828,-0.586,1.0,0.0,penurie (vide)
v3-bordeaux,Bordeaux,255abc90b58a1becc2c30cb2b8cb982c,Saint-Louis,0.333,10.0,20.0,30.0,0.0,0.0,44.863,-0.567,10.0,0.0,penurie (vide)
v3-bordeaux,Bordeaux,28f4defb12482cf4016242acbb49730f,Fondaudege Museum,0.2,3.0,12.0,15.0,0.0,0.0,44.846,-0.58,3.0,0.0,penurie (vide)
v3-bordeaux,Bordeaux,298c7e0f2de93784e19f61cae07761d2,Parc aux Angeliques,0.25,4.0,12.0,16.0,0.0,0.0,44.846,-0.565,4.0,0.0,penurie (vide)
v3-bordeaux,Bordeaux,2a0e4f3863e132e0eea5fe61f165d91c,St Augustin,0.35,7.0,13.0,20.0,0.0,0.0,44.833,-0.61,7.0,0.0,penurie (vide)
v3-bordeaux,Bordeaux,2bbaf23bc77104b2d8c54768f99d1424,Place Mondesir,0.5,9.0,9.0,18.0,0.0,0.0,44.838,-0.617,9.0,0.0,penurie (vide)
v3-bordeaux,Bordeaux,2debee1e0fdd3292f95afa81ef601c2b,Hotel de Ville,0.226,7.0,24.0,31.0,0.0,0.0,44.838,-0.576,7.0,0.0,penurie (vide)
v3-bordeaux,Bordeaux,2f1e143039a1e7bb10656e9013269eaa,Rue Achard,0.526,10.0,9.0,19.0,0.0,0.0,44.867,-0.548,10.0,0.0,penurie (vide)
v3-bordeaux,Bordeaux,2f47368431d7d70fbc6a10fba2f31627,Cours de la Somme,0.214,3.0,11.0,14.0,0.0,0.0,44.826,-0.572,3.0,0.0,penurie (vide)
v3-bordeaux,Bordeaux,30bd428c05edebf5f7afd2c97af2c3d9,Square Andre Lhote,0.625,25.0,15.0,40.0,0.0,0.0,44.838,-0.582,25.0,0.0,penurie (vide)
v3-bordeaux,Bordeaux,318e198ccc864a8ff3b96d8377780572,CAPC,0.833,15.0,3.0,18.0,0.0,0.0,44.85,-0.57,15.0,0.0,penurie (vide)
v3-bordeaux,Bordeaux,327283767b180f2e6ba90b2d2a6b7707,Cours Le Rouzic,0.0,0.0,26.0,26.0,1.0,0.0,44.843,-0.55,0.0,1.0,penurie (vide)
v3-bordeaux,Bordeaux,32c22e5e3eb21b4bcfefb2d481cb3c05,Clinique Mutualiste,0.706,12.0,5.0,17.0,0.0,0.0,44.805,-0.61,12.0,0.0,penurie (vide)
v3-bordeaux,Bordeaux,3407ac9bc7366b31fa0396cd3a94d47f,Archives,0.421,8.0,11.0,19.0,0.0,0.0,44.847,-0.554,8.0,0.0,penurie (vide)
v3-bordeaux,Bordeaux,3586ac657a7c9b0575a84ad7f556697f,Patinoire,0.125,2.0,14.0,16.0,0.0,0.0,44.834,-0.588,2.0,0.0,penurie (vide)
v3-bordeaux,Bordeaux,35a94324b0c93fc8ebf920961ec971b7,Place Maran,0.833,15.0,3.0,18.0,0.0,0.0,44.875,-0.554,15.0,0.0,penurie (vide)
v3-bordeaux,Bordeaux,36129a992c1b594876082f5cbf11623b,Montaigne Montesquieu,0.475,19.0,21.0,40.0,0.0,0.0,44.797,-0.617,19.0,0.0,penurie (vide)
v3-bordeaux,Bordeaux,391a934a92e9c2fb53774a6286da42e8,Mandron Godard,0.462,6.0,7.0,13.0,0.0,0.0,44.86,-0.589,6.0,0.0,penurie (vide)
v3-bordeaux,Bordeaux,398aefd12bdea7f52c4790d43b2ea271,Lycée Camille Julian,0.455,5.0,6.0,11.0,0.0,0.0,44.844,-0.589,5.0,0.0,penurie (vide)
v3-bordeaux,Bordeaux,3a50cf9484838518d76b8d8ad60bc3d7,Ilot Gambetta,0.0,0.0,5.0,5.0,1.0,0.0,44.841,-0.581,0.0,1.0,penurie (vide)
v3-bordeaux,Bordeaux,3cec4ea7c973adad17c68a3bdbde9988,Lycée Gustave Eiffel,0.48,12.0,13.0,25.0,0.0,0.0,44.828,-0.562,12.0,0.0,penurie (vide)
v3-bordeaux,Bordeaux,3d56a43dc5ea4bd4b31398bfd74a1ef0,Ilot Place du Maucaillou,0.0,0.0,5.0,5.0,1.0,0.0,44.833,-0.567,0.0,1.0,penurie (vide)
v3-bordeaux,Bordeaux,3d6701f76aef3a6822a986332164a474,Faure-Brunet,0.0,0.0,20.0,20.0,1.0,0.0,44.866,-0.561,0.0,1.0,penurie (vide)
v3-bordeaux,Bordeaux,4206354e6f594c20396d3e9f362d9fd1,Pierre Mendès France,0.25,5.0,15.0,20.0,0.0,0.0,44.831,-0.64,5.0,0.0,penurie (vide)
v3-bordeaux,Bordeaux,441a848476651d823263d4f1fb1bbeae,Ilot Eglise St Louis,1.0,5.0,0.0,5.0,0.0,1.0,44.852,-0.572,5.0,1.0,saturation (pleine)
v3-bordeaux,Bordeaux,452373a8c924e213ded11f9e4e81c62a,Quinconces,0.302,19.0,44.0,63.0,0.0,0.0,44.844,-0.574,19.0,0.0,penurie (vide)
v3-bordeaux,Bordeaux,455bf0a9aad227e1899e92d20a0b9a3c,Forum,0.675,27.0,13.0,40.0,0.0,0.0,44.812,-0.591,27.0,0.0,penurie (vide)
v3-bordeaux,Bordeaux,4705022a4f0692fbb903507fca6a2a95,Pont de la Maye,0.722,13.0,5.0,18.0,0.0,0.0,44.782,-0.566,13.0,0.0,penurie (vide)
v3-bordeaux,Bordeaux,4819048621066c1bdff93c35cd3eae96,Darwin,0.189,7.0,30.0,37.0,0.0,0.0,44.849,-0.562,7.0,0.0,penurie (vide)
v3-bordeaux,Bordeaux,4902d34a37de3506a5ea5ca2630d1b52,Cap Sciences,0.389,7.0,11.0,18.0,0.0,0.0,44.86,-0.554,7.0,0.0,penurie (vide)
v3-bordeaux,Bordeaux,49a42f717c568fa8de62b5fca63cbdf7,Hopital Robert Picque,0.0,0.0,20.0,20.0,1.0,0.0,44.8,-0.57,0.0,1.0,penurie (vide)
v3-bordeaux,Bordeaux,4a7d6798ecd8281f27cf0a5c0e028e9c,Cite numerique,0.667,16.0,8.0,24.0,0.0,0.0,44.813,-0.555,16.0,0.0,penurie (vide)
v3-bordeaux,Bordeaux,4a8240718a1d4537761c1d7c3fba5a94,Brazza,0.842,16.0,3.0,19.0,0.0,0.0,44.855,-0.551,16.0,0.0,penurie (vide)
v3-bordeaux,Bordeaux,4c0e4cbff5576cfcdcf25c766309ab9e,Puy Paulin,0.533,8.0,7.0,15.0,0.0,0.0,44.841,-0.576,8.0,0.0,penurie (vide)
v3-bordeaux,Bordeaux,4d916ef4cd13a491ce8c67e870d5af4e,Arena Pont,0.45,9.0,11.0,20.0,0.0,0.0,44.824,-0.533,9.0,0.0,penurie (vide)
v3-bordeaux,Bordeaux,4f31d2daf579233b3575443ba538f244,Hotel de Ville Merignac,0.15,3.0,17.0,20.0,0.0,0.0,44.844,-0.659,3.0,0.0,penurie (vide)
v3-bordeaux,Bordeaux,55534b31e58045d7c28845c2a26af39e,Tourny,0.167,5.0,25.0,30.0,0.0,0.0,44.845,-0.577,5.0,0.0,penurie (vide)
v3-bordeaux,Bordeaux,5776d32c99cfd6efc60bc5efdfd23dc7,Ilot Rue du Mirail,0.333,1.0,2.0,3.0,0.0,0.0,44.833,-0.571,1.0,0.0,penurie (vide)
v3-bordeaux,Bordeaux,58f85dc4f84aa6ae79cb03af5c23e124,Ecole de Management,0.0,0.0,20.0,20.0,1.0,0.0,44.797,-0.602,0.0,1.0,penurie (vide)
v3-bordeaux,Bordeaux,59c4e436a755071f169620af229f403f,Palais Gallien,0.167,2.0,10.0,12.0,0.0,0.0,44.847,-0.582,2.0,0.0,penurie (vide)
v3-bordeaux,Bordeaux,5ab8887f2662b1961e11ce94b5d20e6a,Eglise St Louis,0.474,9.0,10.0,19.0,0.0,0.0,44.852,-0.572,9.0,0.0,penurie (vide)
v3-bordeaux,Bordeaux,5b3a7caa71fef5f017c20b1e6531e63d,Amédée St-Germain,0.0,0.0,19.0,19.0,1.0,0.0,44.821,-0.561,0.0,1.0,penurie (vide)
v3-bordeaux,Bordeaux,5b4abf590c99e1b3ebb4c14709f868bb,Sainte-Germaine,0.263,5.0,14.0,19.0,0.0,0.0,44.871,-0.614,5.0,0.0,penurie (vide)
v3-bordeaux,Bordeaux,5ee06a74abf85fa121166e9efbbba24a,Merignac Soleil,0.158,3.0,16.0,19.0,0.0,0.0,44.831,-0.656,3.0,0.0,penurie (vide)
v3-bordeaux,Bordeaux,5eead6a391c459e93a4796a3eaf3c937,Begles Poste,0.357,5.0,9.0,14.0,0.0,0.0,44.808,-0.56,5.0,0.0,penurie (vide)
v3-bordeaux,Bordeaux,5f39295eab70f25128212d3b0f281264,Place du Maucaillou,0.0,0.0,19.0,19.0,1.0,0.0,44.832,-0.567,0.0,1.0,penurie (vide)
v3-bordeaux,Bordeaux,5f8890d9728ae463899a758a36635827,Barrière d’Arès,0.231,3.0,10.0,13.0,0.0,0.0,44.836,-0.599,3.0,0.0,penurie (vide)
v3-bordeaux,Bordeaux,604f7eb9a05cf3662ae085d80ea6d2e6,Parc Riviere,0.0,0.0,13.0,13.0,1.0,0.0,44.854,-0.587,0.0,1.0,penurie (vide)
v3-bordeaux,Bordeaux,6189e06931b27d214f742bab4e5193e5,Le Burck,0.667,12.0,6.0,18.0,0.0,0.0,44.815,-0.634,12.0,0.0,penurie (vide)
v3-bordeaux,Bordeaux,626e115463593e2075f10f663710e69f,La Vache,0.5,10.0,10.0,20.0,0.0,0.0,44.872,-0.591,10.0,0.0,penurie (vide)
v3-bordeaux,Bordeaux,6336598d433acd36591a39ec2872ab77,Place du 14 juillet,0.45,9.0,11.0,20.0,0.0,0.0,44.808,-0.548,9.0,0.0,penurie (vide)
v3-bordeaux,Bordeaux,6532bc4c66b4fc09c3f019c49d04c692,Ilot Parc aux Angéliques,0.0,0.0,5.0,5.0,1.0,0.0,44.846,-0.565,0.0,1.0,penurie (vide)
v3-bordeaux,Bordeaux,65e7e48d5de8eb3f8e2b10ab31e21f13,Ilot Barrière de Bègles,0.0,0.0,5.0,5.0,1.0,0.0,44.813,-0.564,0.0,1.0,penurie (vide)
v3-bordeaux,Bordeaux,6625f9160568a86bce5974d9443d3ff4,Berges du Lac,0.333,5.0,10.0,15.0,0.0,0.0,44.879,-0.571,5.0,0.0,penurie (vide)
v3-bordeaux,Bordeaux,6666e7f19adbc55ddf6c85fece72a614,Republique,0.2,8.0,32.0,40.0,0.0,0.0,44.835,-0.58,8.0,0.0,penurie (vide)
v3-bordeaux,Bordeaux,69f03644fc63caff02d2da0a7b70b009,Ilot Capucins,0.5,2.0,2.0,4.0,0.0,0.0,44.83,-0.568,2.0,0.0,penurie (vide)
v3-bordeaux,Bordeaux,6a1703b642453e6e254a6b9449e31e42,Camille Jullian,0.2,4.0,16.0,20.0,0.0,0.0,44.839,-0.572,4.0,0.0,penurie (vide)
v3-bordeaux,Bordeaux,6afd6cc45dbf2cfae9d955c1aeca309b,Bourranville,0.421,8.0,11.0,19.0,0.0,0.0,44.839,-0.629,8.0,0.0,penurie (vide)
v3-bordeaux,Bordeaux,6ca8990f2fd8381ed324a6c1c8278a4d,Xaintrailles,0.688,11.0,5.0,16.0,0.0,0.0,44.828,-0.593,11.0,0.0,penurie (vide)
v3-bordeaux,Bordeaux,6caaa9c7ff8ded88348261936e6a207b,Stalingrad,0.222,4.0,14.0,18.0,0.0,0.0,44.84,-0.56,4.0,0.0,penurie (vide)
v3-bordeaux,Bordeaux,6d6e6272cb3750e8cef85c45cc2affe0,Place Ste Eulalie,0.1,2.0,18.0,20.0,0.0,0.0,44.833,-0.577,2.0,0.0,penurie (vide)
v3-bordeaux,Bordeaux,6db4a65d6de1a2cec4d3a89ef8a4ddfb,Rue St Vincent de Paul,0.095,4.0,38.0,42.0,0.0,0.0,44.826,-0.557,4.0,0.0,penurie (vide)
v3-bordeaux,Bordeaux,6dd8edfff46572d95bf5806dd1533868,Huguerie,0.143,2.0,12.0,14.0,0.0,0.0,44.844,-0.582,2.0,0.0,penurie (vide)
v3-bordeaux,Bordeaux,6e5db035a8fdf4ea7c235c79f5912a18,Niel,0.55,11.0,9.0,20.0,0.0,0.0,44.851,-0.559,11.0,0.0,penurie (vide)
v3-bordeaux,Bordeaux,6eca1d447df4c8d1324eb788d77d9ca7,Maison Ecocitoyenne,0.333,10.0,20.0,30.0,0.0,0.0,44.839,-0.568,10.0,0.0,penurie (vide)
v3-bordeaux,Bordeaux,6ed9da68624ec989ba73bbd2d2ec6a6d,Ilot Palais de justice,0.0,0.0,8.0,8.0,1.0,0.0,44.836,-0.582,0.0,1.0,penurie (vide)
v3-bordeaux,Bordeaux,702a85b0b3d53511f49fe5b904a9ecc1,Centre commercial du Lac,0.294,5.0,12.0,17.0,0.0,0.0,44.882,-0.565,5.0,0.0,penurie (vide)
v3-bordeaux,Bordeaux,713c37e51930a3d05aeb1a61a19e602d,Cenon Gare,0.241,7.0,22.0,29.0,0.0,0.0,44.856,-0.534,7.0,0.0,penurie (vide)
v3-bordeaux,Bordeaux,72da38cb06e782b1f7435f4051d260ab,Porte de Bourgogne,0.382,13.0,21.0,34.0,0.0,0.0,44.838,-0.567,13.0,0.0,penurie (vide)
v3-bordeaux,Bordeaux,736cf36803ac33b8f49c5c13acdeb321,Unitec,0.571,8.0,6.0,14.0,0.0,0.0,44.798,-0.62,8.0,0.0,penurie (vide)
v3-bordeaux,Bordeaux,752952bd9a6335274a6ec31888789787,Grosse Cloche,0.125,2.0,14.0,16.0,0.0,0.0,44.835,-0.572,2.0,0.0,penurie (vide)
v3-bordeaux,Bordeaux,76cff4895682bc896b7a7ea1db0d4284,Carle Vernet,0.3,6.0,14.0,20.0,0.0,0.0,44.82,-0.55,6.0,0.0,penurie (vide)
v3-bordeaux,Bordeaux,7791b0eae9e58a3d04d3d1cdc8632f92,Gare Saint-Jean,0.25,5.0,15.0,20.0,0.0,0.0,44.826,-0.557,5.0,0.0,penurie (vide)
v3-bordeaux,Bordeaux,7bc74ba52b486beeb3e1b0a7a555a045,Belcier Gare,0.684,26.0,12.0,38.0,0.0,0.0,44.823,-0.555,26.0,0.0,penurie (vide)
v3-bordeaux,Bordeaux,7bd877ebff1c8be2772e4183f5f8f393,Dravemont,0.0,0.0,19.0,19.0,1.0,0.0,44.846,-0.511,0.0,1.0,penurie (vide)
v3-bordeaux,Bordeaux,7bed6b706dfa2e7728952f6f2489063e,Ilot Gare St-Jean,0.421,8.0,11.0,19.0,0.0,0.0,44.826,-0.557,8.0,0.0,penurie (vide)
v3-bordeaux,Bordeaux,7c664eb19acceccd166fb1b74aa5d307,Liberation,0.0,0.0,13.0,13.0,1.0,0.0,44.833,-0.583,0.0,1.0,penurie (vide)
v3-bordeaux,Bordeaux,7ef55dd8ed42b4986f0c3e8d05fc52d6,Gare Routière Paludate,0.941,16.0,1.0,17.0,0.0,0.0,44.829,-0.555,16.0,0.0,penurie (vide)
v3-bordeaux,Bordeaux,7efd512c797f8ab5610380254cc93900,Promis,0.25,4.0,12.0,16.0,0.0,0.0,44.839,-0.552,4.0,0.0,penurie (vide)
v3-bordeaux,Bordeaux,7f5677889f9c46c93cc7b9008c5d6192,Calypso,0.059,1.0,16.0,17.0,0.0,0.0,44.861,-0.6,1.0,0.0,penurie (vide)
v3-bordeaux,Bordeaux,806b030d550795a47d7a18b1904b6ecd,Barriere de Toulouse,0.316,6.0,13.0,19.0,0.0,0.0,44.814,-0.571,6.0,0.0,penurie (vide)
v3-bordeaux,Bordeaux,807fe593419da8c1b0c15169524df3b1,Mandron,0.267,4.0,11.0,15.0,0.0,0.0,44.855,-0.583,4.0,0.0,penurie (vide)
v3-bordeaux,Bordeaux,81f2629dfcbd4080f3b34e7cdd83c3d4,Simone Veil rive gauche,0.6,12.0,8.0,20.0,0.0,0.0,44.82,-0.543,12.0,0.0,penurie (vide)
v3-bordeaux,Bordeaux,82e995e2bbbdda2f5ffc3af8f4473b32,Pessac Centre,0.389,7.0,11.0,18.0,0.0,0.0,44.804,-0.633,7.0,0.0,penurie (vide)
v3-bordeaux,Bordeaux,83907e6a2bc96f9fb4955510c8164717,Francois de Sourdis,0.143,2.0,12.0,14.0,0.0,0.0,44.831,-0.587,2.0,0.0,penurie (vide)
v3-bordeaux,Bordeaux,83ae0f27ce3d1c7929d4ddeba37480dc,Caillou,0.263,5.0,14.0,19.0,0.0,0.0,44.86,-0.634,5.0,0.0,penurie (vide)
v3-bordeaux,Bordeaux,859208e8a225a9b28976032652a9e979,Place Buscaillet,0.526,10.0,9.0,19.0,0.0,0.0,44.87,-0.551,10.0,0.0,penurie (vide)
v3-bordeaux,Bordeaux,87ec632c91381519ac3894d91d48e966,Meriadeck,0.405,17.0,25.0,42.0,0.0,0.0,44.838,-0.584,17.0,0.0,penurie (vide)
v3-bordeaux,Bordeaux,883c88bb24fd293de3320e4d6eaef028,Compostelle,0.88,22.0,3.0,25.0,0.0,0.0,44.793,-0.605,22.0,0.0,penurie (vide)
v3-bordeaux,Bordeaux,8b59c26c92d8c23a92ae52c8dd4f4ba4,Pont de Caudérès,0.316,6.0,13.0,19.0,0.0,0.0,44.817,-0.577,6.0,0.0,penurie (vide)
v3-bordeaux,Bordeaux,8dca995cf7d4882261715faafb6d5385,Musee d'Aquitaine,0.053,1.0,18.0,19.0,0.0,0.0,44.836,-0.575,1.0,0.0,penurie (vide)
v3-bordeaux,Bordeaux,8e16e1e5299c00dd417d9c5a2813c37b,Saint-Seurin,0.053,1.0,18.0,19.0,0.0,0.0,44.842,-0.585,1.0,0.0,penurie (vide)
v3-bordeaux,Bordeaux,8fb5be1e90551c22c6c22107b1ad0e56,Victoire,0.077,4.0,48.0,52.0,0.0,0.0,44.831,-0.573,4.0,0.0,penurie (vide)
v3-bordeaux,Bordeaux,902b8c749f85ce34011cc8d2498ccf4e,Charles Perrens,0.389,7.0,11.0,18.0,0.0,0.0,44.823,-0.601,7.0,0.0,penurie (vide)
v3-bordeaux,Bordeaux,90da56770c9d5fa65da8e3e53fda4f6b,Barbey,0.35,7.0,13.0,20.0,0.0,0.0,44.827,-0.565,7.0,0.0,penurie (vide)
v3-bordeaux,Bordeaux,928f8776ec458d1595c83c1e7e6eeaf7,Saint-Bruno - Hôtel de Région,0.667,12.0,6.0,18.0,0.0,0.0,44.838,-0.59,12.0,0.0,penurie (vide)
v3-bordeaux,Bordeaux,948f9c70465f3b16094c987705bb9ece,Gambetta,0.075,3.0,37.0,40.0,0.0,0.0,44.841,-0.581,3.0,0.0,penurie (vide)
v3-bordeaux,Bordeaux,9494bf92c61b77af8b101ccbd66f4d18,Place de l'Europe,0.167,3.0,15.0,18.0,0.0,0.0,44.859,-0.581,3.0,0.0,penurie (vide)
v3-bordeaux,Bordeaux,957aaa4117c4b5c11f46b25c7959ba55,Capucins,0.1,2.0,18.0,20.0,0.0,0.0,44.83,-0.568,2.0,0.0,penurie (vide)
v3-bordeaux,Bordeaux,959a45ac9a4b9967f5d5e03c4874911f,Jardin Botanique,0.562,9.0,7.0,16.0,0.0,0.0,44.843,-0.556,9.0,0.0,penurie (vide)
v3-bordeaux,Bordeaux,970036beb43b12fd018c2a9a579f81d8,Barriere St Genes,0.118,4.0,30.0,34.0,0.0,0.0,44.822,-0.582,4.0,0.0,penurie (vide)
v3-bordeaux,Bordeaux,981a9947855e7f81509ad944c28ab47f,Barriere de Bègles,0.529,9.0,8.0,17.0,0.0,0.0,44.813,-0.564,9.0,0.0,penurie (vide)
v3-bordeaux,Bordeaux,99ae7f5b23f6aa6a2f7bd0004886df95,Bagatelle,0.6,12.0,8.0,20.0,0.0,0.0,44.809,-0.574,12.0,0.0,penurie (vide)
v3-bordeaux,Bordeaux,9afe0a2329649c48b8627ae36a483f48,Buttiniere,0.0,0.0,13.0,13.0,1.0,0.0,44.864,-0.524,0.0,1.0,penurie (vide)
v3-bordeaux,Bordeaux,9b235f82669759ab91a4e2aa8bfa8816,Gaussen,0.312,5.0,11.0,16.0,0.0,0.0,44.858,-0.57,5.0,0.0,penurie (vide)
v3-bordeaux,Bordeaux,9bf39fb29ffabe2b48065166d386cd5b,La Cite du Vin,0.692,18.0,8.0,26.0,0.0,0.0,44.862,-0.551,18.0,0.0,penurie (vide)
v3-bordeaux,Bordeaux,9fd069743e5d09d52128f1a031757675,Polyclinique Bordeaux Nord,0.4,8.0,12.0,20.0,0.0,0.0,44.865,-0.579,8.0,0.0,penurie (vide)
v3-bordeaux,Bordeaux,a0dcead0eb8eb8ecca92ee8d3a25a462,Gare de Caudéran,0.05,1.0,19.0,20.0,0.0,0.0,44.842,-0.628,1.0,0.0,penurie (vide)
v3-bordeaux,Bordeaux,a1df535f06111719190ef54980ecb780,Barriere de Pessac,0.278,5.0,13.0,18.0,0.0,0.0,44.826,-0.59,5.0,0.0,penurie (vide)
v3-bordeaux,Bordeaux,a27c11c7cf2a29f5ecbfb7538df34271,Grands Hommes,0.483,14.0,15.0,29.0,0.0,0.0,44.843,-0.577,14.0,0.0,penurie (vide)
v3-bordeaux,Bordeaux,a2f4a0711044f951b48c106dc21021a4,Médoc (Place Saint-Martial),0.538,7.0,6.0,13.0,0.0,0.0,44.859,-0.566,7.0,0.0,penurie (vide)
v3-bordeaux,Bordeaux,a57bbe4a1b148a5cb4e810ab4e7d834f,Stalingrad Lion Bleu,0.812,13.0,3.0,16.0,0.0,0.0,44.84,-0.56,13.0,0.0,penurie (vide)
v3-bordeaux,Bordeaux,a593edfe848cb3f27ab96f529e146f2e,Ilot Les Hangars,0.1,1.0,9.0,10.0,0.0,0.0,44.858,-0.558,1.0,0.0,penurie (vide)
v3-bordeaux,Bordeaux,a5e17cabd3bee3a9ab7de3a79d722879,Jean Moulin,0.667,12.0,6.0,18.0,0.0,0.0,44.878,-0.585,12.0,0.0,penurie (vide)
v3-bordeaux,Bordeaux,a75c9bfc84929881abb5fd79cf85707e,Bruges Centre,0.5,8.0,8.0,16.0,0.0,0.0,44.881,-0.613,8.0,0.0,penurie (vide)
v3-bordeaux,Bordeaux,a90ff1ee09a0cb0d78bd9a5b000706c2,Eglise Ste Croix,0.167,3.0,15.0,18.0,0.0,0.0,44.831,-0.561,3.0,0.0,penurie (vide)
v3-bordeaux,Bordeaux,aa1aaa2351b2a0eca0cf608dc5035730,Peixotto,0.525,21.0,19.0,40.0,0.0,0.0,44.807,-0.592,21.0,0.0,penurie (vide)
v3-bordeaux,Bordeaux,aaa009e6cc1596a642e1471e69b6cc54,Quai de Paludate,1.0,11.0,0.0,11.0,0.0,1.0,44.827,-0.55,11.0,1.0,saturation (pleine)
v3-bordeaux,Bordeaux,abdb421a28570a7253e53cb123bf7c7b,Ilot Hôtel de Ville,0.0,0.0,6.0,6.0,1.0,0.0,44.838,-0.576,0.0,1.0,penurie (vide)
v3-bordeaux,Bordeaux,acf0ef074c9b0b9b35d92a98e6444a76,Ampère-Grand Parc,0.65,13.0,7.0,20.0,0.0,0.0,44.863,-0.583,13.0,0.0,penurie (vide)
v3-bordeaux,Bordeaux,ad0df0cc32d305f5cf235be4c9381701,Sainte-Croix,0.241,7.0,22.0,29.0,0.0,0.0,44.832,-0.56,7.0,0.0,penurie (vide)
v3-bordeaux,Bordeaux,b141e6760dfe8993cf4ebd514d64d3da,Longchamps,0.056,1.0,17.0,18.0,0.0,0.0,44.85,-0.582,1.0,0.0,penurie (vide)
v3-bordeaux,Bordeaux,b3b084cee9ebac8a0fc4dfc797ccf9a4,Place de la Bourse,0.079,3.0,35.0,38.0,0.0,0.0,44.84,-0.569,3.0,0.0,penurie (vide)
v3-bordeaux,Bordeaux,b4ddacdec90de439dade426f3d89976a,Gare de Talence Médoquine,0.0,0.0,20.0,20.0,1.0,0.0,44.816,-0.603,0.0,1.0,penurie (vide)
v3-bordeaux,Bordeaux,b55d099854363e3d7bb59db0c5c752b8,Chartrons,0.562,9.0,7.0,16.0,0.0,0.0,44.853,-0.567,9.0,0.0,penurie (vide)
v3-bordeaux,Bordeaux,b5696127b9f03ce3ff2e8e1abdeb5037,Ilots Quinconces,0.0,0.0,10.0,10.0,1.0,0.0,44.844,-0.574,0.0,1.0,penurie (vide)
v3-bordeaux,Bordeaux,b6652da8f00291dbcda9b03cbf30e8ed,Ilot Victoire,0.0,0.0,5.0,5.0,1.0,0.0,44.831,-0.573,0.0,1.0,penurie (vide)
v3-bordeaux,Bordeaux,b76c22058a9a9421a9ae8af41fc1b0d3,Bordeaux II,0.789,15.0,4.0,19.0,0.0,0.0,44.827,-0.602,15.0,0.0,penurie (vide)
v3-bordeaux,Bordeaux,b876e6cf500655eae76d7fde4f2973ca,Cite Administrative,0.172,5.0,24.0,29.0,0.0,0.0,44.842,-0.6,5.0,0.0,penurie (vide)
v3-bordeaux,Bordeaux,b96c8436279177c3c21f945dff44b822,Grand Parc,0.444,8.0,10.0,18.0,0.0,0.0,44.863,-0.576,8.0,0.0,penurie (vide)
v3-bordeaux,Bordeaux,ba919f8528e21b940c007c6cc26c5e1c,Maison Calixte Camelle,0.5,10.0,10.0,20.0,0.0,0.0,44.837,-0.557,10.0,0.0,penurie (vide)
v3-bordeaux,Bordeaux,babfd7e4512a9912f343b484c9f0e103,Cathédrale des sports,0.56,14.0,11.0,25.0,0.0,0.0,44.86,-0.544,14.0,0.0,penurie (vide)
v3-bordeaux,Bordeaux,bb13593ef0d8212e46ea07ae022cb3fc,Cours du Médoc,0.368,21.0,36.0,57.0,0.0,0.0,44.856,-0.563,21.0,0.0,penurie (vide)
v3-bordeaux,Bordeaux,bb8bfe38c9283f37be79e230b83c439d,Stalingrad 2,0.0,0.0,20.0,20.0,1.0,0.0,44.84,-0.56,0.0,1.0,penurie (vide)
v3-bordeaux,Bordeaux,bba09b2aa11541c846f323a5e0e0b848,Nansouty,0.056,1.0,17.0,18.0,0.0,0.0,44.82,-0.572,1.0,0.0,penurie (vide)
v3-bordeaux,Bordeaux,bc22df9c752e6907d5b6d7d3668f556d,Place Paul Doumer,0.8,16.0,4.0,20.0,0.0,0.0,44.852,-0.574,16.0,0.0,penurie (vide)
v3-bordeaux,Bordeaux,c0892f5216ef0e2684ab44ead6e46985,Place Jean Jaures,0.684,13.0,6.0,19.0,0.0,0.0,44.843,-0.57,13.0,0.0,penurie (vide)
v3-bordeaux,Bordeaux,c18ad1e9f70369ea0b8fa0466b96ff7a,Thouars,0.35,7.0,13.0,20.0,0.0,0.0,44.792,-0.592,7.0,0.0,penurie (vide)
v3-bordeaux,Bordeaux,c1ad3378f565fdc0b7c7d4f819e5d5cc,Parc des Sports,0.368,7.0,12.0,19.0,0.0,0.0,44.834,-0.563,7.0,0.0,penurie (vide)
v3-bordeaux,Bordeaux,c322cc83b50fbba5e51125b3fb860bb2,Lauriers,0.286,4.0,10.0,14.0,0.0,0.0,44.879,-0.518,4.0,0.0,penurie (vide)
v3-bordeaux,Bordeaux,c47bc6be227293dad8f1eb794eeee537,Arena,0.45,9.0,11.0,20.0,0.0,0.0,44.826,-0.532,9.0,0.0,penurie (vide)
v3-bordeaux,Bordeaux,c85c89a53f7f5b5e5c14ed0eded346bb,Palais de Justice,0.412,7.0,10.0,17.0,0.0,0.0,44.836,-0.582,7.0,0.0,penurie (vide)
v3-bordeaux,Bordeaux,c894c000ac0f64e0c02645d38d10657f,La Benauge,0.562,9.0,7.0,16.0,0.0,0.0,44.84,-0.556,9.0,0.0,penurie (vide)
v3-bordeaux,Bordeaux,c8e4f8f6fc5a78ff88bac9e90d0a2d87,Ilot Grosse Cloche,0.0,0.0,4.0,4.0,1.0,0.0,44.835,-0.572,0.0,1.0,penurie (vide)
v3-bordeaux,Bordeaux,c9017fa2848fb32b2bb6bcac7e07ffb4,Allee de Serr Abadie,0.263,5.0,14.0,19.0,0.0,0.0,44.844,-0.558,5.0,0.0,penurie (vide)
v3-bordeaux,Bordeaux,c95923bc27a55fc46b792436b28b9828,St Nicolas,0.267,4.0,11.0,15.0,0.0,0.0,44.828,-0.576,4.0,0.0,penurie (vide)
v3-bordeaux,Bordeaux,cb47217a8e2fe50d2d044cabe43b8300,Barrière Judaïque,0.444,8.0,10.0,18.0,0.0,0.0,44.839,-0.599,8.0,0.0,penurie (vide)
v3-bordeaux,Bordeaux,cb9d9c72d8e75a8356f193a6b4a7a2e1,Lormont bas,0.263,5.0,14.0,19.0,0.0,0.0,44.878,-0.534,5.0,0.0,penurie (vide)
v3-bordeaux,Bordeaux,cbab53a683abb20543edafa4d4e13906,Gare de Begles,0.278,5.0,13.0,18.0,0.0,0.0,44.798,-0.552,5.0,0.0,penurie (vide)
v3-bordeaux,Bordeaux,cc500cfe7e8c5a0999d86153a32ac4b0,Merignac Centre,0.6,12.0,8.0,20.0,0.0,0.0,44.842,-0.646,12.0,0.0,penurie (vide)
v3-bordeaux,Bordeaux,ce1ccdd7f672b71e2c896b77de4cf4d7,Gare d'Orleans,0.647,11.0,6.0,17.0,0.0,0.0,44.841,-0.562,11.0,0.0,penurie (vide)
v3-bordeaux,Bordeaux,d13686f2eb9b9252e439612cd748ff6d,Ilot Cap Sciences,0.0,0.0,5.0,5.0,1.0,0.0,44.86,-0.554,0.0,1.0,penurie (vide)
v3-bordeaux,Bordeaux,d289d552520bc1eaa655fb540013fcdc,Naujac,0.24,6.0,19.0,25.0,0.0,0.0,44.847,-0.588,6.0,0.0,penurie (vide)
v3-bordeaux,Bordeaux,d50f458562a1655f55c8d4ee5668104a,Mairie du Bouscat,0.35,7.0,13.0,20.0,0.0,0.0,44.866,-0.605,7.0,0.0,penurie (vide)
v3-bordeaux,Bordeaux,d63cd053ab6c8caf7ae50dae1f01206d,Parc Sourreil,0.263,5.0,14.0,19.0,0.0,0.0,44.792,-0.582,5.0,0.0,penurie (vide)
v3-bordeaux,Bordeaux,d89ab6161cb8965b5659cbb2883cf6e9,Rue du Mirail,0.143,2.0,12.0,14.0,0.0,0.0,44.833,-0.571,2.0,0.0,penurie (vide)
v3-bordeaux,Bordeaux,d91471c7bfdf54bd68601634fc4ed4cc,Barriere du Medoc,0.571,12.0,9.0,21.0,0.0,0.0,44.854,-0.593,12.0,0.0,penurie (vide)
v3-bordeaux,Bordeaux,db6d52e872061ad6b37daf46c239fe44,Stade Stéhélin,0.353,6.0,11.0,17.0,0.0,0.0,44.858,-0.623,6.0,0.0,penurie (vide)
v3-bordeaux,Bordeaux,dba8e105dac1883bae9cd82757ffc097,Saint Amand,0.333,8.0,16.0,24.0,0.0,0.0,44.855,-0.614,8.0,0.0,penurie (vide)
v3-bordeaux,Bordeaux,dc46b4bfed808c10263e4be9fd2b7657,Bassins à Flot,0.316,6.0,13.0,19.0,0.0,0.0,44.869,-0.556,6.0,0.0,penurie (vide)
v3-bordeaux,Bordeaux,ddceccfbbcdfcfd34ea720c3d0d8cd45,Galin,0.0,0.0,30.0,30.0,1.0,0.0,44.849,-0.545,0.0,1.0,penurie (vide)
v3-bordeaux,Bordeaux,e08ea5d49a93f70b15b4e6f54ad4e57d,Mairie de Caudéran,0.333,5.0,10.0,15.0,0.0,0.0,44.852,-0.614,5.0,0.0,penurie (vide)
v3-bordeaux,Bordeaux,e13bc3e33cfa0cba658b7ac339a8a839,Latule,0.737,14.0,5.0,19.0,0.0,0.0,44.869,-0.566,14.0,0.0,penurie (vide)
v3-bordeaux,Bordeaux,e16967eb9ec8d3c17d5278f820f64bb1,Bougnard,0.263,5.0,14.0,19.0,0.0,0.0,44.794,-0.635,5.0,0.0,penurie (vide)
v3-bordeaux,Bordeaux,e23f760986819ce1d6abaa7cdeb0d249,Gavinies,0.211,4.0,15.0,19.0,0.0,0.0,44.833,-0.593,4.0,0.0,penurie (vide)
v3-bordeaux,Bordeaux,e2ea7c91f85bf287944a41660c954fc5,Sacre Coeur,0.25,4.0,12.0,16.0,0.0,0.0,44.822,-0.563,4.0,0.0,penurie (vide)
v3-bordeaux,Bordeaux,e38d04f0ced79b85beeb105fd3cce9bd,Camille Godard,0.286,4.0,10.0,14.0,0.0,0.0,44.855,-0.574,4.0,0.0,penurie (vide)
v3-bordeaux,Bordeaux,e59b319fd1ecfd5e8ea492507e1ab188,Pont du Guit,0.864,19.0,3.0,22.0,0.0,0.0,44.824,-0.558,19.0,0.0,penurie (vide)
v3-bordeaux,Bordeaux,e66d3d628c926876f914a6e0bf979453,Merignac Quatre Chemins,0.0,0.0,18.0,18.0,1.0,0.0,44.832,-0.646,0.0,1.0,penurie (vide)
v3-bordeaux,Bordeaux,e844b1371c280d8ffe76421ec75c5578,Allees de Chartres,0.75,15.0,5.0,20.0,0.0,0.0,44.847,-0.571,15.0,0.0,penurie (vide)
v3-bordeaux,Bordeaux,e916aca416cead6388d4d919526c95d1,Ilot Cité du Vin,1.0,9.0,0.0,9.0,0.0,1.0,44.862,-0.552,9.0,1.0,saturation (pleine)
v3-bordeaux,Bordeaux,e946d7f0a295298d2af64f78a6414ec1,Saint-Michel,0.263,5.0,14.0,19.0,0.0,0.0,44.835,-0.565,5.0,0.0,penurie (vide)
v3-bordeaux,Bordeaux,ea0232fdeb41d6b472f69fcb613d909d,Village 6 IUT,0.708,17.0,7.0,24.0,0.0,0.0,44.791,-0.613,17.0,0.0,penurie (vide)
v3-bordeaux,Bordeaux,ecaf49db44523bc49bb4e326eb61f7de,Doyen Brus,0.944,17.0,1.0,18.0,0.0,0.0,44.8,-0.61,17.0,0.0,penurie (vide)
v3-bordeaux,Bordeaux,ee49d1fa4743512e47d52a4eed2166d0,Dubreuil Turenne,0.074,2.0,25.0,27.0,0.0,0.0,44.848,-0.592,2.0,0.0,penurie (vide)
v3-bordeaux,Bordeaux,ee99256d63376bd44c59f6a160b0ace9,Stade Chaban Delmas,0.381,8.0,13.0,21.0,0.0,0.0,44.832,-0.599,8.0,0.0,penurie (vide)
v3-bordeaux,Bordeaux,f0077dfdbe494deb83c2bee4d16ef62b,Lycee Vaclav Havel,0.85,17.0,3.0,20.0,0.0,0.0,44.786,-0.566,17.0,0.0,penurie (vide)
v3-bordeaux,Bordeaux,f090d800169bf47fe059ad0899fc210e,Le Grand Louis,0.133,2.0,13.0,15.0,0.0,0.0,44.861,-0.642,2.0,0.0,penurie (vide)
v3-bordeaux,Bordeaux,f2b90c350c48285134ba28ea542ce288,Hôpital Suburbain,0.35,7.0,13.0,20.0,0.0,0.0,44.867,-0.618,7.0,0.0,penurie (vide)
v3-bordeaux,Bordeaux,f43b35fffe5f095cc347f0cbd95330a8,Parc des Expositions,0.643,18.0,10.0,28.0,0.0,0.0,44.893,-0.566,18.0,0.0,penurie (vide)
v3-bordeaux,Bordeaux,f988db7b89daa032bbf2a39850eeceb5,Place Ravezies,0.5,10.0,10.0,20.0,0.0,0.0,44.867,-0.576,10.0,0.0,penurie (vide)
v3-bordeaux,Bordeaux,fd4b69ce0e720876310dc12a784d92f9,Thiers Benauge,0.053,1.0,18.0,19.0,0.0,0.0,44.847,-0.55,1.0,0.0,penurie (vide)
v3-bordeaux,Bordeaux,fe7157eb1641bd45a9b7314f8316e863,La Chataigneraie,0.0,0.0,20.0,20.0,1.0,0.0,44.793,-0.647,0.0,1.0,penurie (vide)
vel-in,Calais,02a39978078694f5fedf389e32d25717,39 :  Gare des Fontinettes,0.889,8.0,1.0,9.0,0.0,0.0,50.941,1.85,8.0,0.0,penurie (vide)
vel-in,Calais,06eff4906d057c10b050e749432ef7b2,73 : Mairie de Saint-Tricat,0.333,1.0,2.0,3.0,0.0,0.0,50.893,1.831,1.0,0.0,penurie (vide)
vel-in,Calais,088523fd3400f807c880708ffbaa6f62,11 : Base de voile,0.0,0.0,6.0,6.0,1.0,0.0,50.955,1.8,0.0,1.0,penurie (vide)
vel-in,Calais,09b89de4fdd8f6a2cdb6af5c328220b5,75 : Eglise de Sangatte,,0.0,0.0,0.0,1.0,1.0,50.944,1.747,,1.0,penurie (vide)
vel-in,Calais,0a61f542e892f6bddaf6edc3046224ac,08 : Milieu de Digue,0.083,1.0,11.0,12.0,0.0,0.0,50.963,1.836,1.0,0.0,penurie (vide)
vel-in,Calais,0c2534a2a8678cb601f414c089654df5,35 : Hôpital,0.556,5.0,4.0,9.0,0.0,0.0,50.94,1.893,5.0,0.0,penurie (vide)
vel-in,Calais,18ce6a4e1fc97e03ca8b46c45dac7a4f,47 : Détroit,0.167,3.0,15.0,18.0,0.0,0.0,50.939,1.875,3.0,0.0,penurie (vide)
vel-in,Calais,1b3b9b04c56908269bf0f93df20f1345,15 : Université,0.2,3.0,12.0,15.0,0.0,0.0,50.952,1.879,3.0,0.0,penurie (vide)
vel-in,Calais,20aa0ab6b37a97250d9282779e5045be,60 : Mairie Les Attaques,0.333,2.0,4.0,6.0,0.0,0.0,50.909,1.934,2.0,0.0,penurie (vide)
vel-in,Calais,23bd7204223c67583fcd12b466b0690b,65 : Valmy,0.333,3.0,6.0,9.0,0.0,0.0,50.947,1.862,3.0,0.0,penurie (vide)
vel-in,Calais,2d56c372c89c927441fa9d51fd21ec95,24 : Nation,0.333,3.0,6.0,9.0,0.0,0.0,50.945,1.867,3.0,0.0,penurie (vide)
vel-in,Calais,321498dfcf02798cae294f4d976c59de,80 : Allée des Lys,0.333,2.0,4.0,6.0,0.0,0.0,50.912,1.879,2.0,0.0,penurie (vide)
vel-in,Calais,33042c43fdbe63a974fa474935200f83,78 : Forum Gambetta,,0.0,0.0,0.0,1.0,1.0,50.947,1.851,,1.0,penurie (vide)
vel-in,Calais,36b455fcc8e12d600a2b23926d0c51f8,30 : Coulogne - Eglise,0.583,7.0,5.0,12.0,0.0,0.0,50.926,1.887,7.0,0.0,penurie (vide)
vel-in,Calais,39747158053ece35bc6f02acb59dacff,52 : 4 Vents,0.5,3.0,3.0,6.0,0.0,0.0,50.865,1.869,3.0,0.0,penurie (vide)
vel-in,Calais,3a2b27dc831bd9b3c51816329fbc5a0b,57 : Sainte Marguerite,0.5,3.0,3.0,6.0,0.0,0.0,50.908,1.825,3.0,0.0,penurie (vide)
vel-in,Calais,40432af8317bdd9650dd6d5d7aa324c0,68 : Saint Pierre Halte,0.333,3.0,6.0,9.0,0.0,0.0,50.939,1.88,3.0,0.0,penurie (vide)
vel-in,Calais,44269e73344baa1f8c08628809aaaed1,26 : Joffre,0.417,5.0,7.0,12.0,0.0,0.0,50.94,1.846,5.0,0.0,penurie (vide)
vel-in,Calais,485ac79c054fab4317aa4dea668772e4,48 : Renoir,0.333,3.0,6.0,9.0,0.0,0.0,50.946,1.891,3.0,0.0,penurie (vide)
vel-in,Calais,521e5cf9e6f77c621ead119040cb0d00,37 : Marcel Doret,,0.0,0.0,0.0,1.0,1.0,50.954,1.911,,1.0,penurie (vide)
vel-in,Calais,581828a64e59717bf65e621d71143ab7,38 : Dryades,0.778,7.0,2.0,9.0,0.0,0.0,50.956,1.929,7.0,0.0,penurie (vide)
vel-in,Calais,5a2567d019a85ca5828f8f49ca6da5bf,42 : Terminal Transmanche,0.333,2.0,4.0,6.0,0.0,0.0,50.967,1.863,2.0,0.0,penurie (vide)
vel-in,Calais,6087b79d4263b8ccab3b04353d2e4688,43 : Gavet,0.222,2.0,7.0,9.0,0.0,0.0,50.961,1.848,2.0,0.0,penurie (vide)
vel-in,Calais,60f4d6754bff5e99a20c71e6b6e168a8,31 : Coulogne - Marronniers,0.333,3.0,6.0,9.0,0.0,0.0,50.927,1.869,3.0,0.0,penurie (vide)
vel-in,Calais,62d35f8b995e98d08eb4c74d5d4dc955,18 : Piscine patinoire Icéo,0.0,0.0,9.0,9.0,1.0,0.0,50.957,1.897,0.0,1.0,penurie (vide)
vel-in,Calais,633d0d8716c3c593fb83d2b1300614f4,50 : Pont à Vaches,0.167,1.0,5.0,6.0,0.0,0.0,50.884,1.903,1.0,0.0,penurie (vide)
vel-in,Calais,63841591b677585bd1886a38522341c2,81 : Cité Europe,,0.0,0.0,0.0,1.0,1.0,50.934,1.811,,1.0,penurie (vide)
vel-in,Calais,6421eaa1089985426b0866c3eeace87a,77 : Le Fort Vert,0.5,3.0,3.0,6.0,0.0,0.0,50.968,1.938,3.0,0.0,penurie (vide)
vel-in,Calais,6442c2e38ff5ce956bb3334f733068d2,71 : Bitche,0.556,5.0,4.0,9.0,0.0,0.0,50.96,1.874,5.0,0.0,penurie (vide)
vel-in,Calais,653aacc25b60dc64149c1d4139fbfa86,17 : Mogador,0.444,4.0,5.0,9.0,0.0,0.0,50.945,1.831,4.0,0.0,penurie (vide)
vel-in,Calais,665e3448257e49e150f228524e3906ab,44 : Garennes,0.333,2.0,4.0,6.0,0.0,0.0,50.968,1.896,2.0,0.0,penurie (vide)
vel-in,Calais,6b6e7c970f28b247a97db9c8ab3cdd26,05 : Richelieu,0.333,3.0,6.0,9.0,0.0,0.0,50.955,1.85,3.0,0.0,penurie (vide)
vel-in,Calais,76f361d37511ee5dcabc28d365fc5537,56 : Mairie de Nielles,0.5,3.0,3.0,6.0,0.0,0.0,50.908,1.838,3.0,0.0,penurie (vide)
vel-in,Calais,797b6dc1f63b520a20c7eae79687f854,74 : Rue du Marais,,0.0,0.0,0.0,1.0,1.0,50.902,1.85,,1.0,penurie (vide)
vel-in,Calais,79ae2c701424c32e3ba0eeb188ee3130,51 : Jean Bosco,0.333,3.0,6.0,9.0,0.0,0.0,50.87,1.869,3.0,0.0,penurie (vide)
vel-in,Calais,7ac67bce40432659f6e013d588695da5,27 : Montréal,0.417,5.0,7.0,12.0,0.0,0.0,50.932,1.856,5.0,0.0,penurie (vide)
vel-in,Calais,80a3f170b71d81d4b9b2b8067655310a,40 : Camping de Calais,0.5,3.0,3.0,6.0,0.0,0.0,50.959,1.832,3.0,0.0,penurie (vide)
vel-in,Calais,83687ac258034637ad3db854ea69c8a4,49 : Banc Valois,0.0,0.0,6.0,6.0,1.0,0.0,50.891,1.881,0.0,1.0,penurie (vide)
vel-in,Calais,874c60a9b25e34467bc5b18055625bbe,79 : Allée des Bleuets,0.333,2.0,4.0,6.0,0.0,0.0,50.918,1.876,2.0,0.0,penurie (vide)
vel-in,Calais,88c9154b35a7a6478db37284035f90ba,72 : Les Oyats,0.5,3.0,3.0,6.0,0.0,0.0,50.961,1.878,3.0,0.0,penurie (vide)
vel-in,Calais,8c1c6a3d31eba483cdaec9b7a89834cd,13 : Pôle administratif,0.5,3.0,3.0,6.0,0.0,0.0,50.952,1.859,3.0,0.0,penurie (vide)
vel-in,Calais,8e28c3784940d2ad4cd63037aa95c521,41 : Quai de la Loire,0.556,5.0,4.0,9.0,0.0,0.0,50.963,1.863,5.0,0.0,penurie (vide)
vel-in,Calais,918e267f5a72e1213e089f3b2a964950,12 : CC La Française,0.167,2.0,10.0,12.0,0.0,0.0,50.943,1.808,2.0,0.0,penurie (vide)
vel-in,Calais,925ccfc01d2639f9d3c83e841dc291f2,23 : Condorcet,0.333,3.0,6.0,9.0,0.0,0.0,50.95,1.863,3.0,0.0,penurie (vide)
vel-in,Calais,932ca22b0411ba3d293ea1549f14edad,59 : Briqueterie,0.333,3.0,6.0,9.0,0.0,0.0,50.904,1.816,3.0,0.0,penurie (vide)
vel-in,Calais,9723c2436cfc9652882bf1b7c7e182e7,04 : Gare SNCF,0.278,5.0,13.0,18.0,0.0,0.0,50.953,1.851,5.0,0.0,penurie (vide)
vel-in,Calais,9d69090c97b0e7f48507d1b8e0aea385,45 : N. Niemen,0.222,2.0,7.0,9.0,0.0,0.0,50.954,1.902,2.0,0.0,penurie (vide)
vel-in,Calais,9ec39c5e024385d359025c6192f324e6,66 : Médiathèque,0.667,4.0,2.0,6.0,0.0,0.0,50.95,1.857,4.0,0.0,penurie (vide)
vel-in,Calais,9f1be29948473c62c10ea9009120f071,10 : Camping de Blériot,0.0,0.0,6.0,6.0,1.0,0.0,50.957,1.813,0.0,1.0,penurie (vide)
vel-in,Calais,a4935966f165989fdcf1ed153c64b158,14 : Cité de la dentelle,0.333,2.0,4.0,6.0,0.0,0.0,50.951,1.86,2.0,0.0,penurie (vide)
vel-in,Calais,a75dfb30a2a5e87b7ad50863923461ce,02 : Théâtre,0.667,8.0,4.0,12.0,0.0,0.0,50.947,1.854,8.0,0.0,penurie (vide)
vel-in,Calais,b07e75eba7cdf1376888cba4fcf2b2a0,16 : Lycée Berthelot,0.333,7.0,14.0,21.0,0.0,0.0,50.947,1.842,7.0,0.0,penurie (vide)
vel-in,Calais,ba4ad3064706d2cbf909a9e00ae79b6e,28 : Coquelles - Charles de Gaulle,0.444,4.0,5.0,9.0,0.0,0.0,50.935,1.799,4.0,0.0,penurie (vide)
vel-in,Calais,bcbcf250a343c2f7b17b46d22b0447e4,22 : Diderot,0.333,2.0,4.0,6.0,0.0,0.0,50.956,1.864,2.0,0.0,penurie (vide)
vel-in,Calais,be9891e8692d6f04ad5f69d414dbf440,70 : Greuze,0.583,7.0,5.0,12.0,0.0,0.0,50.949,1.89,7.0,0.0,penurie (vide)
vel-in,Calais,bf93d9e4bd0812ea369e81c7a7db83de,20 : IUT,0.067,1.0,14.0,15.0,0.0,0.0,50.951,1.882,1.0,0.0,penurie (vide)
vel-in,Calais,c0ae0900b8f75a6b06544f10bea66e04,64 : Julien Denis,0.167,1.0,5.0,6.0,0.0,0.0,50.946,1.881,1.0,0.0,penurie (vide)
vel-in,Calais,c0be5956bd35dc7d3078726233cd6482,58 : Eglise de Frethun,0.333,2.0,4.0,6.0,0.0,0.0,50.917,1.824,2.0,0.0,penurie (vide)
vel-in,Calais,c1f2ebdde01bc98bda500f3cc58f8e6d,34 : Marck - Schweitzer,0.5,6.0,6.0,12.0,0.0,0.0,50.947,1.933,6.0,0.0,penurie (vide)
vel-in,Calais,c319191a33c64e4c7d97114351dddfc6,29 : Sangatte - Mairie,0.667,4.0,2.0,6.0,0.0,0.0,50.947,1.758,4.0,0.0,penurie (vide)
vel-in,Calais,c34d9d93359ca1056f010ab82d5555ce,19 : Matelote,0.111,1.0,8.0,9.0,0.0,0.0,50.962,1.851,1.0,0.0,penurie (vide)
vel-in,Calais,c6e13f41b221119ef0cbf991d0524b7e,36 : Conservatoire,0.25,3.0,9.0,12.0,0.0,0.0,50.949,1.848,3.0,0.0,penurie (vide)
vel-in,Calais,ca084882e28ca4e569ab3bf4296e25c5,62 : Bergenias,0.222,2.0,7.0,9.0,0.0,0.0,50.909,1.877,2.0,0.0,penurie (vide)
vel-in,Calais,cb33dacad30230c56f961d22df427c99,09 : Eglise de Blériot,0.333,4.0,8.0,12.0,0.0,0.0,50.958,1.825,4.0,0.0,penurie (vide)
vel-in,Calais,ce546fe762613e9cc7b484c30e85ad61,46 : Léonard De Vinci,0.5,3.0,3.0,6.0,0.0,0.0,50.954,1.892,3.0,0.0,penurie (vide)
vel-in,Calais,cf560ec657513554fa1b3de90b1059ea,07 : Pluviose,0.0,0.0,9.0,9.0,1.0,0.0,50.965,1.843,0.0,1.0,penurie (vide)
vel-in,Calais,d0ba833839344b0ef67ebdbe7335df1c,32 : Marck - Mairie,0.167,1.0,5.0,6.0,0.0,0.0,50.949,1.956,1.0,0.0,penurie (vide)
vel-in,Calais,d8361e34a92bcfbef112a9de53b10aec,25 : Copernic,0.467,7.0,8.0,15.0,0.0,0.0,50.939,1.865,7.0,0.0,penurie (vide)
vel-in,Calais,df934bf79f0f6e6f0450641fecaa2628,06 : Place d'Armes,0.222,2.0,7.0,9.0,0.0,0.0,50.959,1.849,2.0,0.0,penurie (vide)
vel-in,Calais,dfe3a22af5e3a29abc2f30e67e8e7bdb,03 : Hôtel de ville,0.333,3.0,6.0,9.0,0.0,0.0,50.952,1.854,3.0,0.0,penurie (vide)
vel-in,Calais,e5c0173eb84a5e99fbea8f0cb65bec92,61 : Chemin du Contre Halage,0.667,4.0,2.0,6.0,0.0,0.0,50.895,1.965,4.0,0.0,penurie (vide)
vel-in,Calais,e79f429f9a94ed8f405612995d30be89,67 : Jean Macé,0.444,4.0,5.0,9.0,0.0,0.0,50.957,1.853,4.0,0.0,penurie (vide)
vel-in,Calais,eaae0a80aaa0b0d5d212fb0d7dd17613,33 : Marck - Stade,0.333,4.0,8.0,12.0,0.0,0.0,50.953,1.935,4.0,0.0,penurie (vide)
vel-in,Calais,ecdef2c2da6582d4219a55dedcaa667f,55 : Eglise des Hemmes,0.0,0.0,3.0,3.0,1.0,0.0,50.982,1.967,0.0,1.0,penurie (vide)
vel-in,Calais,f00e3a2f74330773055b1f175498f5a5,53 : Batelage,0.583,7.0,5.0,12.0,0.0,0.0,50.873,1.87,7.0,0.0,penurie (vide)
vel-in,Calais,f0f132bcc780e2c0928e5c501055128c,82 : Sapins,0.333,2.0,4.0,6.0,0.0,0.0,50.925,1.808,2.0,0.0,penurie (vide)
vel-in,Calais,f8f05a96b2a991fa46d55077546aa644,21 : Coubertin,0.083,2.0,22.0,24.0,0.0,0.0,50.956,1.835,2.0,0.0,penurie (vide)
vel-in,Calais,f917130c9f9a9c9cedb0aaa810957a07,54 : Terminal Ferry,0.333,2.0,4.0,6.0,0.0,0.0,50.973,1.877,2.0,0.0,penurie (vide)
vel-in,Calais,fcf7125fcd8cf0d3781d724b7ae68579,76 : Collège de Blériot,0.333,3.0,6.0,9.0,0.0,0.0,50.956,1.816,3.0,0.0,penurie (vide)
vel-in,Calais,fedaa58e592a7e4156cf9f89e3f44560,01 : Lafayette,0.467,7.0,8.0,15.0,0.0,0.0,50.947,1.858,7.0,0.0,penurie (vide)
velam,Amiens,031a62ff208d2e97339b286ac8c10851,SAINT QUENTIN,0.667,8.0,4.0,12.0,0.0,0.0,49.879,2.306,8.0,0.0,penurie (vide)
velam,Amiens,06c921ead79716c11f8569ad2d84db50,CROIX ROMPUE,0.467,7.0,8.0,15.0,0.0,0.0,49.871,2.308,7.0,0.0,penurie (vide)
velam,Amiens,1d15c70acf6301e593f10ec6b9d37575,GARE BARNI,0.389,7.0,11.0,18.0,0.0,0.0,49.89,2.309,7.0,0.0,penurie (vide)
velam,Amiens,21b3f552c4307452cfccfb4b9ae93783,SAMAROBRIVA,0.55,11.0,9.0,20.0,0.0,0.0,49.895,2.306,11.0,0.0,penurie (vide)
velam,Amiens,23c4d36eb28937a1bc7308c5c299fe45,JEAN MOULIN,0.1,2.0,18.0,20.0,0.0,0.0,49.878,2.27,2.0,0.0,penurie (vide)
velam,Amiens,257bbb519007c3b5db295ed8f80237dc,EGLISE SAINT PIERRE,0.583,7.0,5.0,12.0,0.0,0.0,49.903,2.306,7.0,0.0,penurie (vide)
velam,Amiens,272ad196b4a275e29ea1831009b50e3b,JOFFRE,0.1,2.0,18.0,20.0,0.0,0.0,49.888,2.304,2.0,0.0,penurie (vide)
velam,Amiens,2919d31b0c9b63f18cabbeb8f95329ca,NICOLE FONTAINE,0.15,3.0,17.0,20.0,0.0,0.0,49.89,2.291,3.0,0.0,penurie (vide)
velam,Amiens,296070da4f6a2ace63b57932b06b7ba1,BAPAUME,0.444,4.0,5.0,9.0,0.0,0.0,49.881,2.314,4.0,0.0,penurie (vide)
velam,Amiens,2ab4415f4440b4a9ce8c5204f3e40437,LYCEE LA HOTOIE,0.4,8.0,12.0,20.0,0.0,0.0,49.898,2.273,8.0,0.0,penurie (vide)
velam,Amiens,2b7fb00fdc286b5dbdde77dd93b4eee0,PARC DE LA HOTOIE,0.2,4.0,16.0,20.0,0.0,0.0,49.897,2.283,4.0,0.0,penurie (vide)
velam,Amiens,2cb81f325b0aaca1bf6c083ae4308f22,ALEXANDRE DUMAS,0.333,4.0,8.0,12.0,0.0,0.0,49.871,2.3,4.0,0.0,penurie (vide)
velam,Amiens,2d698ad1ce9ccfbded51386dc35a1408,CHU,0.7,21.0,9.0,30.0,0.0,0.0,49.876,2.255,21.0,0.0,penurie (vide)
velam,Amiens,2def3983ccfc3d6fab62bc5aff3a451e,KRUGER,0.417,5.0,7.0,12.0,0.0,0.0,49.903,2.295,5.0,0.0,penurie (vide)
velam,Amiens,317220a127fe72b825228bc3ab75e556,LOUIS BLANC,0.267,4.0,11.0,15.0,0.0,0.0,49.902,2.272,4.0,0.0,penurie (vide)
velam,Amiens,326f04fbd485ec00527c02e3faf924b4,COLLEGE SAINT MARTIN,0.267,4.0,11.0,15.0,0.0,0.0,49.884,2.295,4.0,0.0,penurie (vide)
velam,Amiens,3b84e9b3dd7109ea699156f5a60c1967,MARCHE AUX CHEVAUX,0.1,2.0,18.0,20.0,0.0,0.0,49.897,2.289,2.0,0.0,penurie (vide)
velam,Amiens,3da4fbadf30fb9e63f3ca746b43bd178,CITADELLE,0.26,13.0,37.0,50.0,0.0,0.0,49.904,2.301,13.0,0.0,penurie (vide)
velam,Amiens,44d63157eb0d6ec516873e89ee74a19f,,,0.0,0.0,0.0,1.0,1.0,49.894,2.296,,1.0,penurie (vide)
velam,Amiens,521ac2758fc3fb5707578f3be7111520,GAMBETTA,0.5,10.0,10.0,20.0,0.0,0.0,49.893,2.297,10.0,0.0,penurie (vide)
velam,Amiens,53b5fc91b94c0c1d486f1b95a2330f39,ALSACE LORRAINE,0.611,11.0,7.0,18.0,0.0,0.0,49.892,2.308,11.0,0.0,penurie (vide)
velam,Amiens,540434a3c8fd5977a25dabff563b2111,RUE DE LA VALLEE,0.4,8.0,12.0,20.0,0.0,0.0,49.891,2.312,8.0,0.0,penurie (vide)
velam,Amiens,60df1fd771180e91cdd865e6d5548a79,LYCEE DE LUZARCHES,0.333,5.0,10.0,15.0,0.0,0.0,49.885,2.321,5.0,0.0,penurie (vide)
velam,Amiens,673fd4bee12323b80b50f549ca265f1c,POLE LICORNE,0.667,10.0,5.0,15.0,0.0,0.0,49.897,2.267,10.0,0.0,penurie (vide)
velam,Amiens,6740cfd03898b60514aea87fc8a3470a,AMBROISE PARE,0.35,7.0,13.0,20.0,0.0,0.0,49.88,2.267,7.0,0.0,penurie (vide)
velam,Amiens,676223330bb405c301584e8c248f68b0,VOGEL,0.25,5.0,15.0,20.0,0.0,0.0,49.898,2.295,5.0,0.0,penurie (vide)
velam,Amiens,67995b70d97dfd01a170f6ac2ec8f7f3,RENE GOBLET,0.0,0.0,20.0,20.0,1.0,0.0,49.891,2.302,0.0,1.0,penurie (vide)
velam,Amiens,715a3c130eabe659f871b99043ce5a0c,L'HORTILLONNE,,0.0,0.0,0.0,1.0,1.0,49.894,2.315,,1.0,penurie (vide)
velam,Amiens,7fc78eb2eaa95a9d584557c676682cdb,QUATRE CHENES,0.2,4.0,16.0,20.0,0.0,0.0,49.89,2.282,4.0,0.0,penurie (vide)
velam,Amiens,8736c3845c70f07a4c60133ab1a77fa3,BEFFROI,0.25,5.0,15.0,20.0,0.0,0.0,49.895,2.296,5.0,0.0,penurie (vide)
velam,Amiens,8a57e3d8a5381b6841c65d436e2193b2,MAIGNAN LARIVIERE,0.286,6.0,15.0,21.0,0.0,0.0,49.889,2.295,6.0,0.0,penurie (vide)
velam,Amiens,a9cae2f66a819245b4c2d1bacfd2476f,GARE PARVIS,0.393,11.0,17.0,28.0,0.0,0.0,49.891,2.308,11.0,0.0,penurie (vide)
velam,Amiens,af8deb2d534981bb9b7d985f12db5096,LE SAFRAN,0.417,5.0,7.0,12.0,0.0,0.0,49.91,2.301,5.0,0.0,penurie (vide)
velam,Amiens,b1199eb1a940cd1fcbdc61474d5878c5,DE FOUILLOY,0.583,7.0,5.0,12.0,0.0,0.0,49.884,2.304,7.0,0.0,penurie (vide)
velam,Amiens,b512e056616e64b21c7bd99694808d5b,RUE ST LEU,0.75,15.0,5.0,20.0,0.0,0.0,49.899,2.301,15.0,0.0,penurie (vide)
velam,Amiens,b5fc0ec5b93c59f201294882388edf23,COLISEUM,0.25,5.0,15.0,20.0,0.0,0.0,49.894,2.289,5.0,0.0,penurie (vide)
velam,Amiens,b8053f4e643f84b2323ed03fbd3482f7,SIMONE VEIL,0.25,5.0,15.0,20.0,0.0,0.0,49.893,2.285,5.0,0.0,penurie (vide)
velam,Amiens,c666b17af24e9ea9cfb63f5062b4b86f,BOULEVARD DE DURY,0.154,2.0,11.0,13.0,0.0,0.0,49.881,2.285,2.0,0.0,penurie (vide)
velam,Amiens,c8c3adb79ef6b8983e003f2d46c1bcc1,ELOI MOREL,0.6,12.0,8.0,20.0,0.0,0.0,49.902,2.303,12.0,0.0,penurie (vide)
velam,Amiens,d73f9a6a74f4fd288f1346f42b7be377,LIBERATION,0.4,6.0,9.0,15.0,0.0,0.0,49.887,2.278,6.0,0.0,penurie (vide)
velam,Amiens,da4f2cbd836360ebb10219816c222365,CAMPUS,0.3,6.0,14.0,20.0,0.0,0.0,49.875,2.264,6.0,0.0,penurie (vide)
velam,Amiens,f0633a8b98d56d9b19aa23620ce46a20,MAISON DE LA CULTURE,0.6,12.0,8.0,20.0,0.0,0.0,49.894,2.293,12.0,0.0,penurie (vide)
velam,Amiens,f63f28f06c8f348566a0b0a0d851b68c,CHATEAU MILAN,0.4,6.0,9.0,15.0,0.0,0.0,49.902,2.284,6.0,0.0,penurie (vide)
velam,Amiens,fb9f7300cc51f428de51d31533b6760c,CITE SCOLAIRE,0.308,12.0,27.0,39.0,0.0,0.0,49.879,2.296,12.0,0.0,penurie (vide)
velam,Amiens,fd1253097236696484cd422ff945fbda,GEORGES BEAUVAIS,0.8,12.0,3.0,15.0,0.0,0.0,49.874,2.289,12.0,0.0,penurie (vide)
velam,Amiens,fe54f1bde34d61cc89b4c6943395b527,PINCEAU,0.467,7.0,8.0,15.0,0.0,0.0,49.887,2.315,7.0,0.0,penurie (vide)
velectin,Calais,0272a902cd9247078766c259f2ae3e1d,Gare SNCF,0.0,0.0,5.0,5.0,1.0,0.0,50.953,1.851,0.0,1.0,penurie (vide)
velectin,Calais,18885eecc620dfb8247e4b965eea7094,PLUVIOSE,0.0,0.0,15.0,15.0,1.0,0.0,50.965,1.843,0.0,1.0,penurie (vide)
velectin,Calais,1b484820df4753450d86331715b0eed7,MAIRIE DE MARCK,0.0,0.0,10.0,10.0,1.0,0.0,50.949,1.956,0.0,1.0,penurie (vide)
velectin,Calais,5f71f7dfa65b9d9262f2f966f3f481aa,COQUELLES,0.091,1.0,10.0,11.0,0.0,0.0,50.936,1.8,1.0,0.0,penurie (vide)
velectin,Calais,a2b8e003ed18f586b8cdd8437b2d8453,CAMPING DE BLERIOT,0.0,0.0,3.0,3.0,1.0,0.0,50.957,1.811,0.0,1.0,penurie (vide)
velectin,Calais,b9309568753bd27f21df9099254630b5,THEATRE,0.062,1.0,15.0,16.0,0.0,0.0,50.947,1.854,1.0,0.0,penurie (vide)
velectin,Calais,bb550fcbbe59595b2bee04939521a75e,SANGATTE MAIRIE,0.0,0.0,3.0,3.0,1.0,0.0,50.947,1.758,0.0,1.0,penurie (vide)
velectin,Calais,d12b90382456f60cd86e4c0d3af80309,MAIRIE DE BLERIOT,0.0,0.0,9.0,9.0,1.0,0.0,50.958,1.825,0.0,1.0,penurie (vide)
velectin,Calais,df6340be3e22aafbeb98c0f9a33567aa,UNIVERSITE,0.0,0.0,5.0,5.0,1.0,0.0,50.952,1.879,0.0,1.0,penurie (vide)
velhop,Strasbourg,0c7fdd764aeb5b677480a3d8eb298b15,Elsau,0.667,6.0,3.0,9.0,0.0,0.0,48.568,7.727,6.0,0.0,penurie (vide)
velhop,Strasbourg,10b2dd55a5f0f941034ada223c9cc300,Oberhausbergen Mairie,0.5,3.0,3.0,6.0,0.0,0.0,48.606,7.686,3.0,0.0,penurie (vide)
velhop,Strasbourg,1748982de6d7836b8ea7c115b4960594,Parlement,0.222,2.0,7.0,9.0,0.0,0.0,48.6,7.767,2.0,0.0,penurie (vide)
velhop,Strasbourg,1aad11c15c5bdf2f4522297fbaf72dd0,Rotterdam,0.9,9.0,1.0,10.0,0.0,0.0,48.582,7.782,9.0,0.0,penurie (vide)
velhop,Strasbourg,23ece6bcfb1f4d9f286f098e6bafe2c6,Halles,0.231,3.0,10.0,13.0,0.0,0.0,48.588,7.74,3.0,0.0,penurie (vide)
velhop,Strasbourg,2568d5001cdef7bdfb5806ccca500afe,Roethig Gare,1.0,9.0,0.0,9.0,0.0,1.0,48.564,7.695,9.0,1.0,saturation (pleine)
velhop,Strasbourg,25fe26a1263747e48faaaeb86ce9fa19,Schiltigheim Mairie,0.158,3.0,16.0,19.0,0.0,0.0,48.606,7.75,3.0,0.0,penurie (vide)
velhop,Strasbourg,2c3f9b0c7ab5778dcb3c44c73b896e45,Rives de l Aar,0.556,5.0,4.0,9.0,0.0,0.0,48.6,7.754,5.0,0.0,penurie (vide)
velhop,Strasbourg,3c0c2d48721ca681291252405072bff8,Place d'Islande,0.8,8.0,2.0,10.0,0.0,0.0,48.58,7.777,8.0,0.0,penurie (vide)
velhop,Strasbourg,5637615040f0f6dc9da7933742572a3a,Austerlitz,0.367,11.0,19.0,30.0,0.0,0.0,48.578,7.752,11.0,0.0,penurie (vide)
velhop,Strasbourg,56d97ebc8ebe4938392ba3ff933a9426,Musée d'Art Moderne,0.4,6.0,9.0,15.0,0.0,0.0,48.58,7.736,6.0,0.0,penurie (vide)
velhop,Strasbourg,5cf6e0a09e4496b1c3139e88c83b8f0e,Rotonde,0.929,13.0,1.0,14.0,0.0,0.0,48.592,7.725,13.0,0.0,penurie (vide)
velhop,Strasbourg,67257772eb959d8b667f9487c8844aa9,La Wantzenau Gare,0.75,6.0,2.0,8.0,0.0,0.0,48.665,7.825,6.0,0.0,penurie (vide)
velhop,Strasbourg,6de8e4983d4ab53cc5514095d1ebc877,Robertsau Boecklin,0.0,0.0,13.0,13.0,1.0,0.0,48.598,7.779,0.0,1.0,penurie (vide)
velhop,Strasbourg,7007fd206b004c533124310dcfd78268,Place du Marché,0.733,11.0,4.0,15.0,0.0,0.0,48.566,7.759,11.0,0.0,penurie (vide)
velhop,Strasbourg,730841c0479d76a0b473f35993d3e041,Bischheim Espace Européen,0.6,6.0,4.0,10.0,0.0,0.0,48.616,7.72,6.0,0.0,penurie (vide)
velhop,Strasbourg,76dd1e959421c78bf731a0f1df657782,Salle des fêtes,0.6,6.0,4.0,10.0,0.0,0.0,48.524,7.708,6.0,0.0,penurie (vide)
velhop,Strasbourg,8dd7df5e61f8406a50ecb3bc452cd28b,Citadelle,0.7,7.0,3.0,10.0,0.0,0.0,48.57,7.779,7.0,0.0,penurie (vide)
velhop,Strasbourg,9203335cef0c58d290eb1448710ab2d4,Strasbourg Gare Centrale,0.306,15.0,34.0,49.0,0.0,0.0,48.584,7.735,15.0,0.0,penurie (vide)
velhop,Strasbourg,93c22deff746f316635780970f9f3b3b,Geispolsheim Gare,0.6,3.0,2.0,5.0,0.0,0.0,48.521,7.685,3.0,0.0,penurie (vide)
velhop,Strasbourg,a26aaec0fac4fb2585d44a5a8ec0c2af,République,0.625,5.0,3.0,8.0,0.0,0.0,48.588,7.755,5.0,0.0,penurie (vide)
velhop,Strasbourg,a2dd4142da6930235dcb4e973a01c698,Broglie,0.5,13.0,13.0,26.0,0.0,0.0,48.585,7.75,13.0,0.0,penurie (vide)
velhop,Strasbourg,a8344bd8302ba5330798e41a1d86c696,Campus d'Illkirch,1.0,10.0,0.0,10.0,0.0,1.0,48.529,7.733,10.0,1.0,saturation (pleine)
velhop,Strasbourg,af991cea4c872c1e9254260bed77d445,Parc des Romains,0.833,10.0,2.0,12.0,0.0,0.0,48.581,7.723,10.0,0.0,penurie (vide)
velhop,Strasbourg,b1b8741419ecd7cb7f88c1f35c608498,Vendenheim Gare,0.429,3.0,4.0,7.0,0.0,0.0,48.666,7.719,3.0,0.0,penurie (vide)
velhop,Strasbourg,b1d40f0a44f3e9433a4588d26f8d71f7,Jean Jaurès,0.714,5.0,2.0,7.0,0.0,0.0,48.567,7.773,5.0,0.0,penurie (vide)
velhop,Strasbourg,b75929eed489d24ee58f14c3df1a608b,Entzheim Gare,0.4,4.0,6.0,10.0,0.0,0.0,48.547,7.628,4.0,0.0,penurie (vide)
velhop,Strasbourg,b9d07bda95d03c3ad6dc07ff28db1e88,Place de Bordeaux,0.0,0.0,6.0,6.0,1.0,0.0,48.594,7.757,0.0,1.0,penurie (vide)
velhop,Strasbourg,bf7f07d6362815fdf00421a86d59ad8c,Lingolsheim Gare,1.0,5.0,0.0,5.0,0.0,1.0,48.56,7.678,5.0,1.0,saturation (pleine)
velhop,Strasbourg,c0224d2e9ae76f5bac258d1e7cf40564,Etoile Bourse,0.5,10.0,10.0,20.0,0.0,0.0,48.574,7.754,10.0,0.0,penurie (vide)
velhop,Strasbourg,c8373ea607938a5cbf525100565495c0,Hoenheim Gare,0.0,0.0,7.0,7.0,1.0,0.0,48.628,7.759,0.0,1.0,penurie (vide)
velhop,Strasbourg,ceda76d3bf781c1677554ec06eb5c2ee,Mundolsheim Gare,1.0,9.0,0.0,9.0,0.0,1.0,48.645,7.721,9.0,1.0,saturation (pleine)
velhop,Strasbourg,d27a3c76ac834d571a75ca0352a3a8fb,Bischheim Gare,0.4,2.0,3.0,5.0,0.0,0.0,48.612,7.742,2.0,0.0,penurie (vide)
velhop,Strasbourg,ec6b49e1df6945ce091e4b5c987d1461,Wolfisheim,1.0,10.0,0.0,10.0,0.0,1.0,48.591,7.673,10.0,1.0,saturation (pleine)
velhop,Strasbourg,f3b956607469e1efe47c39140e8060d4,Krimmeri Gare,0.5,5.0,5.0,10.0,0.0,0.0,48.562,7.752,5.0,0.0,penurie (vide)
velhop,Strasbourg,f55241cc13ffe89ddbbdb0dc087d9363,Université,0.0,0.0,18.0,18.0,1.0,0.0,48.582,7.767,0.0,1.0,penurie (vide)
velhop,Strasbourg,fa74c5bc6805efc087f0f0cad28c5149,Place Arnold,0.643,9.0,5.0,14.0,0.0,0.0,48.585,7.769,9.0,0.0,penurie (vide)
velhop,Strasbourg,ff02e50e5c17509949322499e4dcfb76,Poteries,1.0,11.0,0.0,11.0,0.0,1.0,48.583,7.692,11.0,1.0,saturation (pleine)
velhop,Strasbourg,ff36a872af81675a35f2b58a58360770,Etoile Cinéma,0.312,5.0,11.0,16.0,0.0,0.0,48.574,7.762,5.0,0.0,penurie (vide)
velib,Paris,0003131bffcf527ba3a560fc46d38b6f,Argenson - Château,0.28,7.0,18.0,25.0,0.0,0.0,48.889,2.264,7.0,0.0,penurie (vide)
velib,Paris,000471e1f2b458a6e68a8ae732880557,Saint Lambert - Blomet,0.269,7.0,19.0,26.0,0.0,0.0,48.837,2.293,7.0,0.0,penurie (vide)
velib,Paris,001e872d5c8bb1d9d69593da89a6da9e,Saint-Maur - République,0.082,4.0,45.0,49.0,0.0,0.0,48.864,2.378,4.0,0.0,penurie (vide)
velib,Paris,0028fad7cbbbe461aa18ae720500f8ef,Mairie de Rosny-sous-Bois,0.286,8.0,20.0,28.0,0.0,0.0,48.871,2.487,8.0,0.0,penurie (vide)
velib,Paris,003fde84c86105536fa7bc92ce5bd8a9,Labouret - Saint-Denis,0.625,15.0,9.0,24.0,0.0,0.0,48.924,2.254,15.0,0.0,penurie (vide)
velib,Paris,00718dcc2fa34b019d9cba625c94b1e7,Mouton Duvernet - Général Leclerc,0.154,4.0,22.0,26.0,0.0,0.0,48.832,2.329,4.0,0.0,penurie (vide)
velib,Paris,009ceb0db951391aa947e5c2d939518e,Pernety - Raymond Losserand,0.125,4.0,28.0,32.0,0.0,0.0,48.834,2.318,4.0,0.0,penurie (vide)
velib,Paris,00cd144dd6914f51a44cbfad2c12984f,Champs de Manoeuvre - Cartoucherie,0.545,18.0,15.0,33.0,0.0,0.0,48.835,2.448,18.0,0.0,penurie (vide)
velib,Paris,011948af9fad35dfda6e1adf45b81bed,Belleville - Télégraphe,0.028,1.0,35.0,36.0,0.0,0.0,48.876,2.4,1.0,0.0,penurie (vide)
velib,Paris,012b17de09d1300f63c8b63067b39063,Abbeville - Faubourg Poissonnière,0.143,2.0,12.0,14.0,0.0,0.0,48.879,2.349,2.0,0.0,penurie (vide)
velib,Paris,01420d31a06dbb60e14447f3fa73893a,Porte de Pantin.,0.182,6.0,27.0,33.0,0.0,0.0,48.889,2.395,6.0,0.0,penurie (vide)
velib,Paris,0145ecc2c6aef6ecc699ccb1ceab863c,Passy - Place du Costa Rica,0.061,2.0,31.0,33.0,0.0,0.0,48.858,2.284,2.0,0.0,penurie (vide)
velib,Paris,014cb48626b158d02eb81447060df5fd,Miromesnil - La Boétie,1.0,35.0,0.0,35.0,0.0,1.0,48.874,2.316,35.0,1.0,saturation (pleine)
velib,Paris,018775abbd605664f7b0616bbf3703a8,Place Etienne Pernet,0.488,21.0,22.0,43.0,0.0,0.0,48.842,2.292,21.0,0.0,penurie (vide)
velib,Paris,01d1862b4db874988808532ebad19d8f,Bons Raisins - Voltaire,0.261,6.0,17.0,23.0,0.0,0.0,48.873,2.195,6.0,0.0,penurie (vide)
velib,Paris,01ff513b035661b763345664322c461e,Saint-Augustin,0.689,31.0,14.0,45.0,0.0,0.0,48.876,2.32,31.0,0.0,penurie (vide)
velib,Paris,0286062e968424bf7ed0e2730471a58e,Lecourbe - Jean Maridor,0.368,7.0,12.0,19.0,0.0,0.0,48.838,2.288,7.0,0.0,penurie (vide)
velib,Paris,028ed44281b0fa4742e287043c155a98,Colonel Monteil - Brune,0.053,1.0,18.0,19.0,0.0,0.0,48.827,2.309,1.0,0.0,penurie (vide)
velib,Paris,02a8a2e32460c96b83e5b12c80d5159b,République - Auguste Perret,0.1,3.0,27.0,30.0,0.0,0.0,48.787,2.352,3.0,0.0,penurie (vide)
velib,Paris,02b33ce81e68e760192fa545b769ff78,Marcel Pourtout - Édouard Manet ,0.909,20.0,2.0,22.0,0.0,0.0,48.876,2.166,20.0,0.0,penurie (vide)
velib,Paris,02eedfc09ac05202f5fb02b295e79c18,Port Royal - Hôpital Cochin,0.286,6.0,15.0,21.0,0.0,0.0,48.839,2.341,6.0,0.0,penurie (vide)
velib,Paris,0351fbdc0f5c7f407714482e66b0805e,Adolphe Pinard - Victor Hugo,0.058,3.0,49.0,52.0,0.0,0.0,48.824,2.308,3.0,0.0,penurie (vide)
velib,Paris,036690096dedbfd7f1935ac0092059fe,Claude Decaen - Cannebière,0.091,4.0,40.0,44.0,0.0,0.0,48.838,2.397,4.0,0.0,penurie (vide)
velib,Paris,036b6154355561cef963080cc32a2dbd,Pierre et Marie Curie - Maurice Thorez,0.111,3.0,24.0,27.0,0.0,0.0,48.816,2.377,3.0,0.0,penurie (vide)
velib,Paris,039933f2261df2e7fff9bd678d4ebd46,Mornay - Sully,0.533,8.0,7.0,15.0,0.0,0.0,48.85,2.364,8.0,0.0,penurie (vide)
velib,Paris,03b1755fcae23633380ee9882d33409e,Suzanne Masson,0.97,32.0,1.0,33.0,0.0,0.0,48.923,2.385,32.0,0.0,penurie (vide)
velib,Paris,03da963d41687bb7670f411eab74036c,Legendre - Clichy,0.128,5.0,34.0,39.0,0.0,0.0,48.889,2.323,5.0,0.0,penurie (vide)
velib,Paris,043d830ea27fbe054ecdf6efd383ffb9,Place Charles de Gaulle,0.0,0.0,24.0,24.0,1.0,0.0,48.826,2.189,0.0,1.0,penurie (vide)
velib,Paris,0465177e7db46e12755c89b9a0f24404,Roquette - Auguste Laurent,0.333,5.0,10.0,15.0,0.0,0.0,48.858,2.382,5.0,0.0,penurie (vide)
velib,Paris,049b9c927f1d9fe0e0aa71d22d672656,Tage - Italie,0.097,3.0,28.0,31.0,0.0,0.0,48.822,2.358,3.0,0.0,penurie (vide)
velib,Paris,04a30da088338d28544252beeacbc9e5,Bridaine - Lamandé,0.034,1.0,28.0,29.0,0.0,0.0,48.886,2.321,1.0,0.0,penurie (vide)
velib,Paris,04a5d2de31469c260992b054d490cea9,Ney - Porte de Montmartre,0.125,3.0,21.0,24.0,0.0,0.0,48.898,2.336,3.0,0.0,penurie (vide)
velib,Paris,04aef8f9cd44c6932b5814ed23d35c54,Place du Canada,0.667,38.0,19.0,57.0,0.0,0.0,48.865,2.31,38.0,0.0,penurie (vide)
velib,Paris,04d896767d79f9d0b9d16a0f3d33eb33,Francoeur - Marcadet,0.05,1.0,19.0,20.0,0.0,0.0,48.891,2.34,1.0,0.0,penurie (vide)
velib,Paris,05078357a99812016cc4bb014a524f0e,Georges V - François 1er,0.909,20.0,2.0,22.0,0.0,0.0,48.87,2.301,20.0,0.0,penurie (vide)
velib,Paris,050c777552247f22a0333b0f1c69bae8,Gare de Pont-Cardinet,0.188,6.0,26.0,32.0,0.0,0.0,48.887,2.314,6.0,0.0,penurie (vide)
velib,Paris,054ad42e8c0d0fb2a30f7e94dd7f982b,Square Pierre Lazareff,0.706,12.0,5.0,17.0,0.0,0.0,48.867,2.348,12.0,0.0,penurie (vide)
velib,Paris,05ad4ccc833a5352d12541b7c5bb3b1e,Marceau - Chaillot,1.0,21.0,0.0,21.0,0.0,1.0,48.869,2.299,21.0,1.0,saturation (pleine)
velib,Paris,060b5cdb163a466a33c867a3d3d643ee,Vaugirard - Monsieur le Prince,0.12,3.0,22.0,25.0,0.0,0.0,48.849,2.341,3.0,0.0,penurie (vide)
velib,Paris,06208bdf6da0dab3361163105b85c87f,Edouard Vaillant - Galliéni,0.271,13.0,35.0,48.0,0.0,0.0,48.858,2.415,13.0,0.0,penurie (vide)
velib,Paris,0630c12063bbf894034eea8afa6f7277,Gare Rosny-Bois-Perrier,0.529,18.0,16.0,34.0,0.0,0.0,48.881,2.48,18.0,0.0,penurie (vide)
velib,Paris,06537561191e537f9dfa438e0e8087b9,Condorcet - Turgot,0.222,4.0,14.0,18.0,0.0,0.0,48.88,2.345,4.0,0.0,penurie (vide)
velib,Paris,069df981206dd85b1c97ef6929d6216d,Cordelières - Arago,0.7,42.0,18.0,60.0,0.0,0.0,48.835,2.349,42.0,0.0,penurie (vide)
velib,Paris,06a1142ebde3cb6346c4a4fc864c5dc2,Le Brix et Mesmin - Jourdan,0.316,6.0,13.0,19.0,0.0,0.0,48.822,2.328,6.0,0.0,penurie (vide)
velib,Paris,06c6de414e5812c7a3644c91a1ea47c6,Hippodrome de Paris Vincennes,0.03,3.0,97.0,100.0,0.0,0.0,48.82,2.45,3.0,0.0,penurie (vide)
velib,Paris,07260837e303d24b51d299a8869bfd3b,Mairie du 2ème,1.0,27.0,0.0,27.0,0.0,1.0,48.867,2.34,27.0,1.0,saturation (pleine)
velib,Paris,072fb15560267d9717baa3b46e7c2f65,Philippe-Auguste,0.5,24.0,24.0,48.0,0.0,0.0,48.852,2.393,24.0,0.0,penurie (vide)
velib,Paris,077eb4ee3d2ca817ae17f62999a94e5e,Charles Delescluze,0.511,23.0,22.0,45.0,0.0,0.0,48.852,2.381,23.0,0.0,penurie (vide)
velib,Paris,07a793cb27c77e566cc14a32ef89e2ea,Place de la Montagne du Goulet,0.944,17.0,1.0,18.0,0.0,0.0,48.844,2.277,17.0,0.0,penurie (vide)
velib,Paris,0808abab858d19e65b5ecb97039b67ab,Place de la Madeleine - Royale,0.951,39.0,2.0,41.0,0.0,0.0,48.869,2.324,39.0,0.0,penurie (vide)
velib,Paris,080aced4897d7f036195341cf0ff7932,Geoffroy-Saint-Hilaire - Saint-Marcel,0.312,5.0,11.0,16.0,0.0,0.0,48.839,2.357,5.0,0.0,penurie (vide)
velib,Paris,0838c8ae9662057fd55a5bea8da771d5,Le Corbusier - Jean Jaurès,0.545,24.0,20.0,44.0,0.0,0.0,48.838,2.241,24.0,0.0,penurie (vide)
velib,Paris,08b7e712a02f263fb24847be32034446,Lorraine - Jean Jaurès,0.0,0.0,19.0,19.0,1.0,0.0,48.886,2.383,0.0,1.0,penurie (vide)
velib,Paris,08c04311d5c7b860884983dce4cbe2bc,Mairie,0.158,3.0,16.0,19.0,0.0,0.0,48.879,2.416,3.0,0.0,penurie (vide)
velib,Paris,08cd405dc9467f0d86e2b6717e1382d3,Raspail - Bac,0.558,29.0,23.0,52.0,0.0,0.0,48.856,2.326,29.0,0.0,penurie (vide)
velib,Paris,094c973208b2fa1ff2066fabb25984e3,Raymond Poincaré - Allée de la Marche,0.273,6.0,16.0,22.0,0.0,0.0,48.839,2.172,6.0,0.0,penurie (vide)
velib,Paris,096de37379c9d16bdc082f010a6c94bc,Place Tristan Bernard,0.444,12.0,15.0,27.0,0.0,0.0,48.879,2.292,12.0,0.0,penurie (vide)
velib,Paris,097dd01718cb5d05ea41cb6a9800ba3a,Cité Vaneau,0.962,25.0,1.0,26.0,0.0,0.0,48.854,2.32,25.0,0.0,penurie (vide)
velib,Paris,098a11984f22c62caa25ce6e07cd5f42,Edgar Quinet - Gaité,0.185,5.0,22.0,27.0,0.0,0.0,48.841,2.325,5.0,0.0,penurie (vide)
velib,Paris,09d581adc5efda8a6e0c2eff61397cc2,Romainville - Vaillant-Couturier,0.026,1.0,37.0,38.0,0.0,0.0,48.868,2.447,1.0,0.0,penurie (vide)
velib,Paris,09d9381a301d194ae91fee001e6b76a9,Surcouf - Université,0.411,23.0,33.0,56.0,0.0,0.0,48.861,2.309,23.0,0.0,penurie (vide)
velib,Paris,09ebbaf37fa0c33bde52bfc2878ffdb2,Vaugirard - Pasteur,0.368,7.0,12.0,19.0,0.0,0.0,48.84,2.315,7.0,0.0,penurie (vide)
velib,Paris,09fcbaba5b8ced5aa1274bc916bbd394,Jean Calvin - Tournefort,0.538,14.0,12.0,26.0,0.0,0.0,48.842,2.348,14.0,0.0,penurie (vide)
velib,Paris,0a04d34c4d0c49b40f0d8747a792cd7e,Mozart - Jasmin,0.344,21.0,40.0,61.0,0.0,0.0,48.853,2.268,21.0,0.0,penurie (vide)
velib,Paris,0a53c4aa5446da160f1a6709f0a52f0b,Hippodrome de Longchamp,0.724,21.0,8.0,29.0,0.0,0.0,48.864,2.24,21.0,0.0,penurie (vide)
velib,Paris,0ac3cbc87d82ca74faac5280a283acb5,Théophile Gautier - François Millet,0.667,20.0,10.0,30.0,0.0,0.0,48.85,2.273,20.0,0.0,penurie (vide)
velib,Paris,0afd2acbad0e1e7df0ed0a9c5c175aef,Porte de Clignancourt - Ney,0.237,9.0,29.0,38.0,0.0,0.0,48.9,2.344,9.0,0.0,penurie (vide)
velib,Paris,0aff2f4aa9975ae7f3379f273cec4083,Plantes - Moulin Vert,0.023,1.0,43.0,44.0,0.0,0.0,48.83,2.323,1.0,0.0,penurie (vide)
velib,Paris,0b0572521e061dc4e3f1a3d027887d9e,Porte de Clichy - Place des Nations Unies,0.95,38.0,2.0,40.0,0.0,0.0,48.897,2.311,38.0,0.0,penurie (vide)
velib,Paris,0b0c4f4ae8c238e0b7eaad2c9a2a9325,Champ de Mars - Cler,0.256,10.0,29.0,39.0,0.0,0.0,48.857,2.307,10.0,0.0,penurie (vide)
velib,Paris,0b23d6bf33059c82ee505fb68802f811,Vaneau - Sèvres,0.457,16.0,19.0,35.0,0.0,0.0,48.849,2.32,16.0,0.0,penurie (vide)
velib,Paris,0b38b096fe3eef717615fb15e516c45f,Marcelle - Thalie,0.722,13.0,5.0,18.0,0.0,0.0,48.884,2.414,13.0,0.0,penurie (vide)
velib,Paris,0b893f62911f1e77f70189067edce563,Danielle Casanova - Place Vendôme,0.973,36.0,1.0,37.0,0.0,0.0,48.868,2.33,36.0,0.0,penurie (vide)
velib,Paris,0b9887b36296d117186e1b276516dc89,Westermeyer - Paul Vaillant-Couturier,0.929,39.0,3.0,42.0,0.0,0.0,48.819,2.397,39.0,0.0,penurie (vide)
velib,Paris,0b9d4b132376128ea02f1356f3c379ab,Boyer - Ménilmontant,0.158,3.0,16.0,19.0,0.0,0.0,48.869,2.392,3.0,0.0,penurie (vide)
velib,Paris,0baad9ab65336a43b2557e97a5275397,Argenteuil - Voltaire,0.312,5.0,11.0,16.0,0.0,0.0,48.919,2.281,5.0,0.0,penurie (vide)
velib,Paris,0bb617cdeb2161afce2415476a16f5ac,Place de la Bastille - Bourdon,0.848,28.0,5.0,33.0,0.0,0.0,48.852,2.368,28.0,0.0,penurie (vide)
velib,Paris,0bdc332b1e1f5251f42e957fd6b0f248,Dunkerque - Trudaine,0.182,2.0,9.0,11.0,0.0,0.0,48.882,2.346,2.0,0.0,penurie (vide)
velib,Paris,0bfdfa685e9f719a5ed04f53d088d9fb,Hôtel de Ville de Chaville,0.4,8.0,12.0,20.0,0.0,0.0,48.809,2.188,8.0,0.0,penurie (vide)
velib,Paris,0c070667cdcedde90c00bb9a79fdd30e,Commerce - Letellier,0.182,8.0,36.0,44.0,0.0,0.0,48.848,2.297,8.0,0.0,penurie (vide)
velib,Paris,0c3025717e4417426e30d62c639a4c1b,Jean Bouin - Gouverneur Général Eboué,0.645,20.0,11.0,31.0,0.0,0.0,48.825,2.265,20.0,0.0,penurie (vide)
velib,Paris,0c36a5189073300ee73a4c8724e20128,Temple - Charlot,0.356,16.0,29.0,45.0,0.0,0.0,48.866,2.365,16.0,0.0,penurie (vide)
velib,Paris,0c516ff9d9c9bfa111ee33a59569b82a,Emile Zola - Fondary,0.634,26.0,15.0,41.0,0.0,0.0,48.847,2.295,26.0,0.0,penurie (vide)
velib,Paris,0c8066f802e05024d4034bd059ffaf4e,Paris - Désiré Préaux,0.149,7.0,40.0,47.0,0.0,0.0,48.857,2.432,7.0,0.0,penurie (vide)
velib,Paris,0cbe6d60aa0afa85306243e6848f29e1,Maison de Radio - France,0.977,42.0,1.0,43.0,0.0,0.0,48.851,2.278,42.0,0.0,penurie (vide)
velib,Paris,0cc5ec52dfe84d9b31a734755ec8ba1b,Taitbout - La Fayette,0.885,46.0,6.0,52.0,0.0,0.0,48.873,2.335,46.0,0.0,penurie (vide)
velib,Paris,0d2112911723906e0da4ac426b4de546,Montparnasse -  Square Ozanam,0.229,11.0,37.0,48.0,0.0,0.0,48.843,2.327,11.0,0.0,penurie (vide)
velib,Paris,0d439809ee3dcd817ef5a2aa3524a3d2,Simon Bolivar - Henri Turot,0.095,2.0,19.0,21.0,0.0,0.0,48.877,2.374,2.0,0.0,penurie (vide)
velib,Paris,0d4e1bab912f432afd3198c04735685a,Jean Macé - Faidherbe,0.234,18.0,59.0,77.0,0.0,0.0,48.853,2.383,18.0,0.0,penurie (vide)
velib,Paris,0d541311bdff3e10e72ca692608e13e5,Square Bela Bartok,0.913,21.0,2.0,23.0,0.0,0.0,48.851,2.284,21.0,0.0,penurie (vide)
velib,Paris,0d897d682b249ecaebda6b316eb37786,Santé - Arago,0.237,9.0,29.0,38.0,0.0,0.0,48.835,2.342,9.0,0.0,penurie (vide)
velib,Paris,0d8aadc800258fb14b7e4dd9583c3838,Cours de l'Ile Seguin - Parc Billancourt,1.0,29.0,0.0,29.0,0.0,1.0,48.827,2.234,29.0,1.0,saturation (pleine)
velib,Paris,0da23258accec40c45150b8020bc43d0,Crozatier - Faubourg Saint-Antoine,0.69,29.0,13.0,42.0,0.0,0.0,48.85,2.379,29.0,0.0,penurie (vide)
velib,Paris,0de24ad2ce21702099926b8763071b55,Hôtel de Ville de Sèvres,0.4,12.0,18.0,30.0,0.0,0.0,48.824,2.213,12.0,0.0,penurie (vide)
velib,Paris,0e0fb0c229bd17de0e10599d0602c54e,Place Amédée Gordini - Lefebvre,0.132,5.0,33.0,38.0,0.0,0.0,48.831,2.292,5.0,0.0,penurie (vide)
velib,Paris,0e1e6b316c717863017854fca0971f42,Gare de l'Est - Place du 11 Novembre 1918,0.026,1.0,38.0,39.0,0.0,0.0,48.876,2.359,1.0,0.0,penurie (vide)
velib,Paris,0e22f25c39627c076d7f6b99bba8b5af,Square Victor Basch,0.35,7.0,13.0,20.0,0.0,0.0,48.914,2.229,7.0,0.0,penurie (vide)
velib,Paris,0e2b638a169bf04e728a4a023014129a,Place des Abbesses,0.091,1.0,10.0,11.0,0.0,0.0,48.885,2.339,1.0,0.0,penurie (vide)
velib,Paris,0e2ce36bb7070e9998cbe64c893f4362,Redoute - Les Courtilles,0.778,28.0,8.0,36.0,0.0,0.0,48.93,2.284,28.0,0.0,penurie (vide)
velib,Paris,0e3c0f14de288ac43c5a8b0a1cbc33b9,André Karman - République,0.1,3.0,27.0,30.0,0.0,0.0,48.91,2.385,3.0,0.0,penurie (vide)
velib,Paris,0e68db55a1a81be48d350135377f1e4c,Place Lafayette,0.672,41.0,20.0,61.0,0.0,0.0,48.83,2.264,41.0,0.0,penurie (vide)
velib,Paris,0f3ac6a9fb5eb3f43e1a0c1980f05f4a,Gare Saint-Lazare - Place de Budapest,0.455,20.0,24.0,44.0,0.0,0.0,48.878,2.327,20.0,0.0,penurie (vide)
velib,Paris,0f5c304ce3b746e004c21ca12c206fee,Billancourt - Général Leclerc ,1.0,22.0,0.0,22.0,0.0,1.0,48.832,2.238,22.0,1.0,saturation (pleine)
velib,Paris,0f7704c4ad31a3b67a4477c7e8b873d8,Jourdan - Stade Charléty,0.254,15.0,44.0,59.0,0.0,0.0,48.819,2.343,15.0,0.0,penurie (vide)
velib,Paris,0fbd3a42b0cf5ff3784587fccb2fce8b,Place de la Porte de Passy,0.543,19.0,16.0,35.0,0.0,0.0,48.857,2.264,19.0,0.0,penurie (vide)
velib,Paris,1018e39e03ca97fc028342705928961b,Stade - Chevilly,,0.0,0.0,0.0,1.0,1.0,48.763,2.338,,1.0,penurie (vide)
velib,Paris,102421308fe5b33bdbde25c736a2ea1f,Lourmel - Marie Skobtsov,0.636,21.0,12.0,33.0,0.0,0.0,48.845,2.287,21.0,0.0,penurie (vide)
velib,Paris,1067e1bd44428676a13371f6b7ab121e,Artois - Berri,0.865,32.0,5.0,37.0,0.0,0.0,48.874,2.306,32.0,0.0,penurie (vide)
velib,Paris,10aae04242280738ae20ee254e2868c6,Place du Maréchal de Lattre de Tassigny,0.481,13.0,14.0,27.0,0.0,0.0,48.822,2.285,13.0,0.0,penurie (vide)
velib,Paris,10b647d86c8bacb0eaed130754a54b83,M.- A. Lagroua Weill-Hallé -  F. Dolto,0.384,28.0,45.0,73.0,0.0,0.0,48.829,2.38,28.0,0.0,penurie (vide)
velib,Paris,10c6446cc66167804eba5ad659b48ccd,Gare - Aristide Briand,0.704,19.0,8.0,27.0,0.0,0.0,48.821,2.256,19.0,0.0,penurie (vide)
velib,Paris,10d4ff194fe8eefe472726428fb1a4a8,Place Saint-Just,0.905,19.0,2.0,21.0,0.0,0.0,48.79,2.39,19.0,0.0,penurie (vide)
velib,Paris,10e5af7e44d2688e0cff84615e47926e,Saint-Germain - Ciseaux,0.412,7.0,10.0,17.0,0.0,0.0,48.853,2.334,7.0,0.0,penurie (vide)
velib,Paris,10e72a9519ad5ecebade18e66eedc2ab,Gare de Chaville Rive Gauche,0.111,2.0,16.0,18.0,0.0,0.0,48.805,2.188,2.0,0.0,penurie (vide)
velib,Paris,113f565c7aa145aa3377b0dd267378c2,Adrien Raynal - Verger,0.935,29.0,2.0,31.0,0.0,0.0,48.743,2.403,29.0,0.0,penurie (vide)
velib,Paris,11698885b9a2b7a3f5e9f7e367001e49,Château de Vincennes,0.755,37.0,12.0,49.0,0.0,0.0,48.844,2.439,37.0,0.0,penurie (vide)
velib,Paris,116e8d9a96e2a9b431b6f1fa248ebcd8,Roger Salengro - Général de Gaulle,0.346,9.0,17.0,26.0,0.0,0.0,48.82,2.485,9.0,0.0,penurie (vide)
velib,Paris,11761ede90bacb1f3a79927ddbba1213,Gare d'Austerlitz - Quai Saint-Bernard,0.481,13.0,14.0,27.0,0.0,0.0,48.844,2.366,13.0,0.0,penurie (vide)
velib,Paris,1184724e7ddbd251e94903c1d90a93e3,Marceau Delorme - Pierre Brossolette,0.429,12.0,16.0,28.0,0.0,0.0,48.912,2.296,12.0,0.0,penurie (vide)
velib,Paris,118d2ffeb8d70a7605cef664c3429105,Saint-Mandé - Docteur Arnold Netter,0.038,2.0,51.0,53.0,0.0,0.0,48.845,2.405,2.0,0.0,penurie (vide)
velib,Paris,11d2a821689732b32a0b4178425a3189,Harpe - Saint-Germain,0.068,3.0,41.0,44.0,0.0,0.0,48.852,2.344,3.0,0.0,penurie (vide)
velib,Paris,1229ece6cf88c7694f38e7e25391f8b3,Daumesnil - Hébrard,0.75,30.0,10.0,40.0,0.0,0.0,48.843,2.385,30.0,0.0,penurie (vide)
velib,Paris,12814e3da93b1e24881fef140301edbc,Victor Hugo - Galliéni,0.576,19.0,14.0,33.0,0.0,0.0,48.838,2.246,19.0,0.0,penurie (vide)
velib,Paris,12a3d30bc88bb25f6f8028b44bc63389,Montreuil - République,0.792,19.0,5.0,24.0,0.0,0.0,48.85,2.435,19.0,0.0,penurie (vide)
velib,Paris,12c392406c3b0ff10c49ef26d0f484c5,Bois de Vincennes - Polygone,0.18,9.0,41.0,50.0,0.0,0.0,48.835,2.431,9.0,0.0,penurie (vide)
velib,Paris,12db51afb78578e4608816a3a25a71a8,République - Louis Loucheur,0.514,19.0,18.0,37.0,0.0,0.0,48.824,2.51,19.0,0.0,penurie (vide)
velib,Paris,12ebf2efa1c172b56c05111f309451d6,Mairie du 8ème,0.5,14.0,14.0,28.0,0.0,0.0,48.878,2.318,14.0,0.0,penurie (vide)
velib,Paris,1315faa30fb5703b9437b328c6a8f8d1,Suffren - La Motte-Piquet,0.136,3.0,19.0,22.0,0.0,0.0,48.851,2.301,3.0,0.0,penurie (vide)
velib,Paris,13651fb49e97d4b16ce64ba57696a9f9,Place Charles Michels,0.833,30.0,6.0,36.0,0.0,0.0,48.846,2.285,30.0,0.0,penurie (vide)
velib,Paris,13708c77fd5a9bac3bf2330ed18dd3e5,Gare du Nord - La Chapelle,0.375,6.0,10.0,16.0,0.0,0.0,48.884,2.356,6.0,0.0,penurie (vide)
velib,Paris,143c689ac6e3bc1a6880fcc574a12289,George V - Christophe Colomb,0.833,20.0,4.0,24.0,0.0,0.0,48.87,2.301,20.0,0.0,penurie (vide)
velib,Paris,14560623a48681beb7c9bac5ff38247a,Alexander Fleming - Belvédère,0.407,11.0,16.0,27.0,0.0,0.0,48.882,2.403,11.0,0.0,penurie (vide)
velib,Paris,146ba8cb83644c5f97a41aef5d403646,Boétie - Ponthieu,0.767,33.0,10.0,43.0,0.0,0.0,48.871,2.308,33.0,0.0,penurie (vide)
velib,Paris,149e73e4c6655dde4a60b24d8aa3b51f,Aboukir - Alexandrie,0.05,1.0,19.0,20.0,0.0,0.0,48.869,2.35,1.0,0.0,penurie (vide)
velib,Paris,14aa5a19d30ce4c1724a4a427bb7c144,Abbé Carton - Plantes,0.12,3.0,22.0,25.0,0.0,0.0,48.828,2.321,3.0,0.0,penurie (vide)
velib,Paris,153018fcda487034814a8ccb50eaa5bc,Hôpital Robert Debré,0.364,12.0,21.0,33.0,0.0,0.0,48.88,2.401,12.0,0.0,penurie (vide)
velib,Paris,15351eeeefc38018e9abe01d7547438a,Les Planètes,0.524,11.0,10.0,21.0,0.0,0.0,48.809,2.46,11.0,0.0,penurie (vide)
velib,Paris,1543bd52c06ef5bdb4d4b5ee34cc486a,Gabriel Lamé,0.917,33.0,3.0,36.0,0.0,0.0,48.835,2.386,33.0,0.0,penurie (vide)
velib,Paris,15463e6be2c461672d4f4469ed18922f,Division Leclerc - Kléber,0.12,3.0,22.0,25.0,0.0,0.0,48.799,2.283,3.0,0.0,penurie (vide)
velib,Paris,154b01a9a75c362566a17a0015d8527b,Place André Malraux,0.818,27.0,6.0,33.0,0.0,0.0,48.864,2.336,27.0,0.0,penurie (vide)
velib,Paris,1563c1021ce4727eb5640d5032921e79,Parc Roger Salengro,0.882,30.0,4.0,34.0,0.0,0.0,48.905,2.311,30.0,0.0,penurie (vide)
velib,Paris,15f49777065bf61cc4b5d3f77985af5f,Pyrénées - Dagorno,0.05,1.0,19.0,20.0,0.0,0.0,48.855,2.405,1.0,0.0,penurie (vide)
velib,Paris,161f47fa377e00273711d0221fe27d9b,Porte de la Muette,0.611,22.0,14.0,36.0,0.0,0.0,48.863,2.269,22.0,0.0,penurie (vide)
velib,Paris,162bea1d7db757cb41419fc820ab1332,Borrégo - Gambetta,0.0,0.0,25.0,25.0,1.0,0.0,48.873,2.401,0.0,1.0,penurie (vide)
velib,Paris,1658041e77f1a3aaf5c07f5df907fe14,Pierre Brossolette - Adolphe Pinard,0.25,6.0,18.0,24.0,0.0,0.0,48.822,2.313,6.0,0.0,penurie (vide)
velib,Paris,1682cd1e4440a846054279b9e1fce2f2,Phalsbourg - Villiers,0.368,7.0,12.0,19.0,0.0,0.0,48.882,2.309,7.0,0.0,penurie (vide)
velib,Paris,1718be20c8cd5ad9ef7ed7c302e8b4f3,Gare du Stade,0.722,13.0,5.0,18.0,0.0,0.0,48.931,2.26,13.0,0.0,penurie (vide)
velib,Paris,1722c16f52594c47eb638bbbe0ec5832,Place de Barcelone - Mirabeau,0.566,30.0,23.0,53.0,0.0,0.0,48.848,2.274,30.0,0.0,penurie (vide)
velib,Paris,17518106bd3e7431c47281ab64709822,Pierret - Madrid,0.778,21.0,6.0,27.0,0.0,0.0,48.883,2.26,21.0,0.0,penurie (vide)
velib,Paris,17a8f11795484ba98d4567f6b2a4a81f,Place Adolphe Cherioux - Vaugirard,0.129,8.0,54.0,62.0,0.0,0.0,48.84,2.301,8.0,0.0,penurie (vide)
velib,Paris,17f21060433f57ff19ef1008dffa5c60,Hôtel de Ville de Rueil-Malmaison,0.5,10.0,10.0,20.0,0.0,0.0,48.878,2.182,10.0,0.0,penurie (vide)
velib,Paris,17febe78152206d85bbe08b065dbb864,Beffroy,0.826,19.0,4.0,23.0,0.0,0.0,48.887,2.261,19.0,0.0,penurie (vide)
velib,Paris,181c9a16dafc3dcae89058267fb52eae,Gare de l'Est - Fidélité,0.25,3.0,9.0,12.0,0.0,0.0,48.875,2.357,3.0,0.0,penurie (vide)
velib,Paris,1829d385aa95e05208441b515b317fbc,Gare de Bercy,0.429,15.0,20.0,35.0,0.0,0.0,48.84,2.383,15.0,0.0,penurie (vide)
velib,Paris,182d7dfdb2b00038fff4bc4d120cf66c,Station Paris Basketball - Ney - Charles Hermite,0.235,4.0,13.0,17.0,0.0,0.0,48.899,2.365,4.0,0.0,penurie (vide)
velib,Paris,185a5037617ebaca787eac9f98ccaa2c,Haxo - Darcy,0.0,0.0,22.0,22.0,1.0,0.0,48.87,2.405,0.0,1.0,penurie (vide)
velib,Paris,188f9c5c9d2752bb8e66481ce5d8044d,Petites Ecuries - Faubourg Poissonnière,0.941,16.0,1.0,17.0,0.0,0.0,48.874,2.348,16.0,0.0,penurie (vide)
velib,Paris,18bce01e11505e5771130cfc93b83030,Saint-Vincent - Verdun,0.676,23.0,11.0,34.0,0.0,0.0,48.819,2.254,23.0,0.0,penurie (vide)
velib,Paris,18d63d7f1b3c402d11816c5f07658e57,Gay Lussac - Saint-Jacques,0.095,4.0,38.0,42.0,0.0,0.0,48.845,2.342,4.0,0.0,penurie (vide)
velib,Paris,1917e62b9dd3e59b63a660c192bc2cc9,Édouard Vaillant - Place Jean Jaurès,0.0,0.0,24.0,24.0,1.0,0.0,48.863,2.209,0.0,1.0,penurie (vide)
velib,Paris,196bb295fd3d05f93a40b4d91887e8e6,LCL Campus - Place Oscar Niemeyer,0.27,10.0,27.0,37.0,0.0,0.0,48.805,2.364,10.0,0.0,penurie (vide)
velib,Paris,196e938e72f45121d12361b60e85e2b2,Brillat-Savarin - Küss,0.952,20.0,1.0,21.0,0.0,0.0,48.822,2.35,20.0,0.0,penurie (vide)
velib,Paris,198b93935694f7f0b3c42809e4958dc5,Place du Docteur Yersin,0.8,40.0,10.0,50.0,0.0,0.0,48.82,2.373,40.0,0.0,penurie (vide)
velib,Paris,19916c84a0d7611198c08d51c0575840,Place Pigalle,0.0,0.0,21.0,21.0,1.0,0.0,48.883,2.336,0.0,1.0,penurie (vide)
velib,Paris,19a2590f3034b1685956bdf78ad4a6ea,Mairie du Kremlin-Bicêtre,0.08,2.0,23.0,25.0,0.0,0.0,48.812,2.357,2.0,0.0,penurie (vide)
velib,Paris,19c7d8f36419f88ad7e811a12e2e4005,Cloys - Ordener,0.056,2.0,34.0,36.0,0.0,0.0,48.894,2.336,2.0,0.0,penurie (vide)
velib,Paris,19e41481dfc6b6e16aac6e8d6d74205a,Victor Hugo - La Pompe,0.195,8.0,33.0,41.0,0.0,0.0,48.868,2.281,8.0,0.0,penurie (vide)
velib,Paris,19eab8bd36f670708febf311b99e64e7,Port - Maurice Chevalier,0.333,10.0,20.0,30.0,0.0,0.0,48.832,2.49,10.0,0.0,penurie (vide)
velib,Paris,19fe81f6f1c576d7a962c637abe9fb20,Château -République,0.647,11.0,6.0,17.0,0.0,0.0,48.906,2.253,11.0,0.0,penurie (vide)
velib,Paris,1a227b9467b91fe855cd55071b49c57a,Gare de Laplace,0.023,1.0,42.0,43.0,0.0,0.0,48.809,2.335,1.0,0.0,penurie (vide)
velib,Paris,1a4f81fdb36822d8c19cc31cc39ae29c,Tremblay - Lac des Minimes,0.754,43.0,14.0,57.0,0.0,0.0,48.834,2.455,43.0,0.0,penurie (vide)
velib,Paris,1a6ee902548d6a993b1595301b957856,Sahel - Général Michel Bizot,0.064,3.0,44.0,47.0,0.0,0.0,48.841,2.404,3.0,0.0,penurie (vide)
velib,Paris,1a8815e3b98b58bab93c2701f6b3b145,Pyrénées - Avron,0.161,5.0,26.0,31.0,0.0,0.0,48.853,2.406,5.0,0.0,penurie (vide)
velib,Paris,1aad4499e2b1016bcf8bbee3814aeb7b,Aubervilliers - Curial,0.294,5.0,12.0,17.0,0.0,0.0,48.891,2.369,5.0,0.0,penurie (vide)
velib,Paris,1b2508a6873947c55306c66cbce69251,Londres - Place d'Estienne d'Orves,0.44,11.0,14.0,25.0,0.0,0.0,48.877,2.331,11.0,0.0,penurie (vide)
velib,Paris,1ba546210f7b49ec0e0213cb07ee6964,Stalingrad - Henri Luisette,0.038,1.0,25.0,26.0,0.0,0.0,48.784,2.367,1.0,0.0,penurie (vide)
velib,Paris,1bc1691f2bd3d24f8660018958847f34,Pasteur - Gambetta,0.895,17.0,2.0,19.0,0.0,0.0,48.846,2.424,17.0,0.0,penurie (vide)
velib,Paris,1bcceac18c43cbd011a06e94e834004a,Port-Royal - Hôpital du Val-de-Grâce,0.333,6.0,12.0,18.0,0.0,0.0,48.838,2.345,6.0,0.0,penurie (vide)
velib,Paris,1c07dff207e7a45b0425b256837b96df,Gare RER les Grésillons,0.591,13.0,9.0,22.0,0.0,0.0,48.92,2.315,13.0,0.0,penurie (vide)
velib,Paris,1c399acb47b093181fc1ac319eed2dce,Mairie du 3ème,0.0,0.0,32.0,32.0,1.0,0.0,48.864,2.362,0.0,1.0,penurie (vide)
velib,Paris,1c46a54dfc28d763c1b51854e1a6d6d4,Murat - Porte de Saint-Cloud,0.605,23.0,15.0,38.0,0.0,0.0,48.838,2.258,23.0,0.0,penurie (vide)
velib,Paris,1d2c25d8d94767faa37b07736e062e37,De Gaulle - Castelnau,0.0,0.0,18.0,18.0,1.0,0.0,48.773,2.34,0.0,1.0,penurie (vide)
velib,Paris,1d49018294e5592b48197e5c57c5bf53,Félix Faure - Lourmel,0.857,48.0,8.0,56.0,0.0,0.0,48.839,2.282,48.0,0.0,penurie (vide)
velib,Paris,1d59cee64768545a2f6672df4527d9c5,Michel-Ange - Parent de Rosan,0.692,18.0,8.0,26.0,0.0,0.0,48.841,2.258,18.0,0.0,penurie (vide)
velib,Paris,1daad4fb4fc37775a55aa6a1b73037dd,Paganini - Davout,0.818,18.0,4.0,22.0,0.0,0.0,48.851,2.412,18.0,0.0,penurie (vide)
velib,Paris,1dc33c1476354de6609bcbf18e7a8f46,Sorbier - Gasnier-Guy,0.088,3.0,31.0,34.0,0.0,0.0,48.865,2.394,3.0,0.0,penurie (vide)
velib,Paris,1dc8f0a127db113cc4c1069f886fa365,Balard - Montagne de la Fage,0.917,33.0,3.0,36.0,0.0,0.0,48.839,2.278,33.0,0.0,penurie (vide)
velib,Paris,1e2a869341ba89aa51baa14ccc762f81,Clichy - Place Blanche,0.2,4.0,16.0,20.0,0.0,0.0,48.884,2.333,4.0,0.0,penurie (vide)
velib,Paris,1e4736707abc68279a370203e602ec55,Claude Vellefaux - Hôpital Saint-Louis,0.129,4.0,27.0,31.0,0.0,0.0,48.873,2.37,4.0,0.0,penurie (vide)
velib,Paris,1e8c85a636db368498ac6bb863c152ed,Place des Droits de l'Enfant,0.051,2.0,37.0,39.0,0.0,0.0,48.827,2.332,2.0,0.0,penurie (vide)
velib,Paris,1e90aa257c0939488c0d4a8f67d4c137,Adrien Lesesne - Docteur Bauer,0.179,5.0,23.0,28.0,0.0,0.0,48.903,2.348,5.0,0.0,penurie (vide)
velib,Paris,1f299fa19eee906cab1eec29b4aaf238,Vivienne - Montmartre,0.939,46.0,3.0,49.0,0.0,0.0,48.871,2.341,46.0,0.0,penurie (vide)
velib,Paris,1f74ab81295c9ceed1a5c6933aee68bc,Henri Chevreau - Couronnes,0.037,1.0,26.0,27.0,0.0,0.0,48.87,2.389,1.0,0.0,penurie (vide)
velib,Paris,1f9b905a8c81f13481bea00a9b7d1ce9,Godot de Mauroy - Madeleine,0.909,20.0,2.0,22.0,0.0,0.0,48.87,2.326,20.0,0.0,penurie (vide)
velib,Paris,1fb688102ebe18e0713df73c893653fd,Place de l'Europe - Alfortville,0.5,12.0,12.0,24.0,0.0,0.0,48.789,2.428,12.0,0.0,penurie (vide)
velib,Paris,1fc1f265c12713b6212bb35096be80ba,Chemin de Bretagne,1.0,29.0,0.0,29.0,0.0,1.0,48.825,2.259,29.0,1.0,saturation (pleine)
velib,Paris,202bc241f3ad51d335edf3e3715accf6,Verdier - République,0.138,4.0,25.0,29.0,0.0,0.0,48.815,2.317,4.0,0.0,penurie (vide)
velib,Paris,20387ec7fe3a5d6c217226f0b562f13f,Pailleron - Bouret,0.042,1.0,23.0,24.0,0.0,0.0,48.881,2.376,1.0,0.0,penurie (vide)
velib,Paris,2080624fcc46da588cc74c02998c04ba,Crimée - Ourcq,0.074,4.0,50.0,54.0,0.0,0.0,48.894,2.373,4.0,0.0,penurie (vide)
velib,Paris,208a36258a45cd2507cfcd6655242b7f,Victor Hugo - Paul Eluard,0.323,10.0,21.0,31.0,0.0,0.0,48.82,2.411,10.0,0.0,penurie (vide)
velib,Paris,208c9287fac632402ebba3c9cddcca66,Niger - Soult,0.333,8.0,16.0,24.0,0.0,0.0,48.844,2.41,8.0,0.0,penurie (vide)
velib,Paris,20cacd05db2c72c975827c9af48a88b2,Pavé des Gardes - Charles Vaillant,0.95,19.0,1.0,20.0,0.0,0.0,48.812,2.211,19.0,0.0,penurie (vide)
velib,Paris,212a1e559d18d8b3f08ba8f5360fcdfd,Messine - Place Du Pérou,1.0,12.0,0.0,12.0,0.0,1.0,48.875,2.316,12.0,1.0,saturation (pleine)
velib,Paris,2145db942397eff83bf2a5778efe8192,Gare d'Asnières sur Seine,0.636,14.0,8.0,22.0,0.0,0.0,48.906,2.284,14.0,0.0,penurie (vide)
velib,Paris,21c672bac25b73d923af22282f5f7919,Dareau - Broussais,0.136,3.0,19.0,22.0,0.0,0.0,48.831,2.336,3.0,0.0,penurie (vide)
velib,Paris,21d326792c9053440dcded0bd5cec380,Gare SNCF Vanves-Malakoff,0.286,14.0,35.0,49.0,0.0,0.0,48.819,2.292,14.0,0.0,penurie (vide)
velib,Paris,21daa81bb88f96edf3e4c9b4c1e55621,Carpeaux - Place Jacques Froment,0.056,1.0,17.0,18.0,0.0,0.0,48.891,2.331,1.0,0.0,penurie (vide)
velib,Paris,21dd121ff400eb6315235508f2d5cff0,Pontoise - La Tournelle,0.478,11.0,12.0,23.0,0.0,0.0,48.85,2.352,11.0,0.0,penurie (vide)
velib,Paris,21f6fc7e52c27d6f53e2efd8d04716e1,Manin - Secrétan,0.059,1.0,16.0,17.0,0.0,0.0,48.879,2.379,1.0,0.0,penurie (vide)
velib,Paris,221fc867f41ead89dc0f824e6ac2dfa4,Pyrénées - Charles Renouvier,0.069,2.0,27.0,29.0,0.0,0.0,48.861,2.4,2.0,0.0,penurie (vide)
velib,Paris,2230426898bead8cd27e2676aebf7872,Cardinal Lavigerie,0.152,7.0,39.0,46.0,0.0,0.0,48.833,2.403,7.0,0.0,penurie (vide)
velib,Paris,226a0d91ca8223376402711fd4838710,Cité Riverin - Château d'Eau,0.059,1.0,16.0,17.0,0.0,0.0,48.871,2.359,1.0,0.0,penurie (vide)
velib,Paris,2290cddc4d410f3ba5a827fa743b1657,Mathurins - Auber,0.455,15.0,18.0,33.0,0.0,0.0,48.873,2.329,15.0,0.0,penurie (vide)
velib,Paris,22aa7228a41424905e4271392d9c3429,Choron - Martyrs,0.143,4.0,24.0,28.0,0.0,0.0,48.878,2.34,4.0,0.0,penurie (vide)
velib,Paris,2354ee18d037948c0bb4e46f6d174892,Charles Lecocq - Lecourbe,0.391,18.0,28.0,46.0,0.0,0.0,48.84,2.295,18.0,0.0,penurie (vide)
velib,Paris,23643ae84f6ad7ea1cfdc0a1cee8fbf0,Emeriau - Beaugrenelle,0.629,44.0,26.0,70.0,0.0,0.0,48.848,2.284,44.0,0.0,penurie (vide)
velib,Paris,23acd467af3c8f63afae56ec0627b2f1,Auguste Cain - Jean Moulin,0.1,4.0,36.0,40.0,0.0,0.0,48.826,2.321,4.0,0.0,penurie (vide)
velib,Paris,23e467cac827e599e58243d44f33e90b,Gare RER - Malleret-Joinville,0.789,15.0,4.0,19.0,0.0,0.0,48.803,2.425,15.0,0.0,penurie (vide)
velib,Paris,23f48ed2b31046a2a3ebd10f93df7970,Versailles - Résistances,0.529,9.0,8.0,17.0,0.0,0.0,48.757,2.389,9.0,0.0,penurie (vide)
velib,Paris,240599c38090d4aeec006a2ec81194f7,Place aux Étoiles,1.0,37.0,0.0,37.0,0.0,1.0,48.918,2.352,37.0,1.0,saturation (pleine)
velib,Paris,24250132e73a287f6c865014b88d4348,Arago - Glacière,0.192,5.0,21.0,26.0,0.0,0.0,48.835,2.345,5.0,0.0,penurie (vide)
velib,Paris,245619a344ea59289f61f27a9a69a146,Pajol - Place Herbert,0.143,5.0,30.0,35.0,0.0,0.0,48.893,2.364,5.0,0.0,penurie (vide)
velib,Paris,24672256413558135ae326939db2d6b8,Boutroux - Porte de Vitry,0.915,43.0,4.0,47.0,0.0,0.0,48.823,2.378,43.0,0.0,penurie (vide)
velib,Paris,247b13bd4c2dde7fd4230e0ecb48863d,Chabrol - d'Hauteville,0.556,5.0,4.0,9.0,0.0,0.0,48.877,2.351,5.0,0.0,penurie (vide)
velib,Paris,251ac2694034f208692b43b3bec48a9c,Oratoire - Rivoli,0.833,15.0,3.0,18.0,0.0,0.0,48.861,2.34,15.0,0.0,penurie (vide)
velib,Paris,261f2285f41710bca115313d1f92136b,René Binet - Porte de Montmartre,0.6,21.0,14.0,35.0,0.0,0.0,48.899,2.337,21.0,0.0,penurie (vide)
velib,Paris,265b3b57c13220c4331940be4554ee05,Parvis Corentin Celton,0.982,54.0,1.0,55.0,0.0,0.0,48.827,2.278,54.0,0.0,penurie (vide)
velib,Paris,266f33f976ef824cc72363f0846b5bf9,Stalingrad - Germaine Tailleferre,0.407,11.0,16.0,27.0,0.0,0.0,48.803,2.379,11.0,0.0,penurie (vide)
velib,Paris,268880c2481e7aa03975a7f4ee985945,Square Boucicaut,0.644,38.0,21.0,59.0,0.0,0.0,48.851,2.325,38.0,0.0,penurie (vide)
velib,Paris,268b2a76ece2f9c08373a4d7f4437d3e,Neuve Saint-Pierre - Beautreillis,0.35,7.0,13.0,20.0,0.0,0.0,48.854,2.364,7.0,0.0,penurie (vide)
velib,Paris,26a2b9a78176ab057ac5b826aea3df83,Mairie de Montreuil,0.275,14.0,37.0,51.0,0.0,0.0,48.861,2.441,14.0,0.0,penurie (vide)
velib,Paris,26c2ac5812042b875b3eb4b926bcd75d,Place Jacques Madaule,0.92,23.0,2.0,25.0,0.0,0.0,48.824,2.261,23.0,0.0,penurie (vide)
velib,Paris,26cddaf7c8a7b85d5dbd6eeda7437227,Goutte d'or - Barbès,0.312,5.0,11.0,16.0,0.0,0.0,48.885,2.35,5.0,0.0,penurie (vide)
velib,Paris,272f3a4dcb736bbca88186c7915c3f8e,Pierre Levée - Fontaine Timbaud,0.13,3.0,20.0,23.0,0.0,0.0,48.866,2.371,3.0,0.0,penurie (vide)
velib,Paris,2752924d95aa4e9666f9bb3b348c5510,Rapp - Place du Général Gouraud,0.567,17.0,13.0,30.0,0.0,0.0,48.858,2.3,17.0,0.0,penurie (vide)
velib,Paris,276ee5fd17903428713e17a020509fa5,Didot - Mariniers,0.029,1.0,34.0,35.0,0.0,0.0,48.827,2.313,1.0,0.0,penurie (vide)
velib,Paris,2776291e78769421a5615e5dac2adcc2,Botzaris - Parc des Buttes Chaumont,0.053,1.0,18.0,19.0,0.0,0.0,48.878,2.381,1.0,0.0,penurie (vide)
velib,Paris,279b2f5c375701710a42393d927b91ed,Commandant Schloesing - Pétrarque,0.067,2.0,28.0,30.0,0.0,0.0,48.862,2.284,2.0,0.0,penurie (vide)
velib,Paris,27bde1c8b2832e7f88b2c34a98ec4404,Rochechouart lamartine,0.174,4.0,19.0,23.0,0.0,0.0,48.877,2.344,4.0,0.0,penurie (vide)
velib,Paris,27c2d6c0f45eca5f901bd7ace73cd681,Departement - Pajol,0.053,1.0,18.0,19.0,0.0,0.0,48.887,2.361,1.0,0.0,penurie (vide)
velib,Paris,27c45001b48e6b0c3965b412f618d813,Place Jean-Spire-Lemaître,0.18,9.0,41.0,50.0,0.0,0.0,48.847,2.452,9.0,0.0,penurie (vide)
velib,Paris,27d39e9bf1b0da3dc2d71f4e47d4c126,Stade de la Habette,0.133,2.0,13.0,15.0,0.0,0.0,48.774,2.467,2.0,0.0,penurie (vide)
velib,Paris,27d5bbf1a7a5546c90998877e29784d8,Henri Ravera - Gabriel Péri,0.1,3.0,27.0,30.0,0.0,0.0,48.797,2.302,3.0,0.0,penurie (vide)
velib,Paris,27eb3f90a519f2ca311178ba0f8578c7,Marc Sangnier - Division Leclerc,0.625,15.0,9.0,24.0,0.0,0.0,48.786,2.33,15.0,0.0,penurie (vide)
velib,Paris,27f24e910c5e5808753e43fb433da652,Villiers de l'Isle Adam - Pyrénées,0.05,1.0,19.0,20.0,0.0,0.0,48.867,2.396,1.0,0.0,penurie (vide)
velib,Paris,281a7a505fde3c88b6f1d7a969e8fdb9,Guy Môquet - Jean Moulin,0.586,17.0,12.0,29.0,0.0,0.0,48.941,2.364,17.0,0.0,penurie (vide)
velib,Paris,281bdbb6f993bf229a037a68efb15c2b,Victor Cresson - Telles de la Poterie,0.25,7.0,21.0,28.0,0.0,0.0,48.823,2.269,7.0,0.0,penurie (vide)
velib,Paris,281f63e3ebe03662ab58d33eb261a239,Square Alban Satragne,0.034,1.0,28.0,29.0,0.0,0.0,48.875,2.356,1.0,0.0,penurie (vide)
velib,Paris,2823cf5b3d1be84df060c6201455791f,Payenne - Square George Caïn,0.25,6.0,18.0,24.0,0.0,0.0,48.858,2.362,6.0,0.0,penurie (vide)
velib,Paris,282ed329db5ce418efeb668f71ca6e80,Sorbier - Ménilmontant,0.042,1.0,23.0,24.0,0.0,0.0,48.869,2.39,1.0,0.0,penurie (vide)
velib,Paris,28d31d4e0cc50e2c47b4c2364822f512,Favart - Italiens,0.929,13.0,1.0,14.0,0.0,0.0,48.871,2.338,13.0,0.0,penurie (vide)
velib,Paris,28e594671e64cb4d0791c989b60c6568,Suresnes - Muette à Neuilly,0.214,6.0,22.0,28.0,0.0,0.0,48.869,2.266,6.0,0.0,penurie (vide)
velib,Paris,290a4727283522b5bb39789462a1e241,Gare de la Garenne-Colombes,0.5,14.0,14.0,28.0,0.0,0.0,48.91,2.239,14.0,0.0,penurie (vide)
velib,Paris,2937695fcc7dc6bc7669a8f85fd6d90c,Grenelle - Dr Finlay,0.437,31.0,40.0,71.0,0.0,0.0,48.851,2.292,31.0,0.0,penurie (vide)
velib,Paris,29393147b7a3fc308c9a2fcd28a4313f,Avenue de la Paix - Chaillon,0.389,7.0,11.0,18.0,0.0,0.0,48.935,2.326,7.0,0.0,penurie (vide)
velib,Paris,29e2c03ea7b6145d916381f724b7e00a,Halles - Bourdonnais,0.235,4.0,13.0,17.0,0.0,0.0,48.86,2.346,4.0,0.0,penurie (vide)
velib,Paris,29f54fb4923c0fbdedb3fa4604021806,Porte Molitor,0.967,58.0,2.0,60.0,0.0,0.0,48.845,2.257,58.0,0.0,penurie (vide)
velib,Paris,2a2270c2b8219e7d1d42e34610cf684e,Censier - Santeuil,0.412,28.0,40.0,68.0,0.0,0.0,48.841,2.354,28.0,0.0,penurie (vide)
velib,Paris,2a805be4d04fa8ad9ae78e94296769fb,Eglise d'Auteuil,0.143,3.0,18.0,21.0,0.0,0.0,48.847,2.268,3.0,0.0,penurie (vide)
velib,Paris,2a9da376ac6c1fa42ce36ee7f72dd022,Place Mireille Havet,0.786,33.0,9.0,42.0,0.0,0.0,48.851,2.384,33.0,0.0,penurie (vide)
velib,Paris,2a9ebc217a345318014a16d3f70d4b22,Pelleport - Belgrand,0.0,0.0,15.0,15.0,1.0,0.0,48.865,2.404,0.0,1.0,penurie (vide)
velib,Paris,2aa45896913646ae2528845fc1f58d89,Louis Ganne - Davout,0.167,5.0,25.0,30.0,0.0,0.0,48.863,2.41,5.0,0.0,penurie (vide)
velib,Paris,2ae8d79571209a789d0fe7c505d0d4ba,Place Paul Delouvrier,0.122,5.0,36.0,41.0,0.0,0.0,48.892,2.385,5.0,0.0,penurie (vide)
velib,Paris,2aff5012fdc7d92b3de63c46102a498f,Place du 8 mai 1945.,0.733,22.0,8.0,30.0,0.0,0.0,48.939,2.357,22.0,0.0,penurie (vide)
velib,Paris,2b359dff323a351f0e1d796575115e66,Place Marcel Sembat,1.0,55.0,0.0,55.0,0.0,1.0,48.833,2.244,55.0,1.0,saturation (pleine)
velib,Paris,2b3d4bbfbaa9cd216fbce4765e18748e,René Coty - Parc Montsouris,0.019,1.0,53.0,54.0,0.0,0.0,48.825,2.336,1.0,0.0,penurie (vide)
velib,Paris,2b5f17fba9f9b98be89041aa0992a91f,Gare de Lyon - Roland Barthes,0.806,54.0,13.0,67.0,0.0,0.0,48.844,2.379,54.0,0.0,penurie (vide)
velib,Paris,2c1b9fe1588f2a55133e8ecced090087,Etienne Jodelle - Saint Ouen,0.03,1.0,32.0,33.0,0.0,0.0,48.888,2.326,1.0,0.0,penurie (vide)
velib,Paris,2c205f7bb1fd371482a873430c18782f,Gambetta - Michelet,0.0,0.0,33.0,33.0,1.0,0.0,48.853,2.43,0.0,1.0,penurie (vide)
velib,Paris,2c30ff78fb8e28fb3d8b5d188ccaff1c,Nationale - Place Jules Guesde,1.0,23.0,0.0,23.0,0.0,1.0,48.828,2.242,23.0,1.0,saturation (pleine)
velib,Paris,2c38cae4040f4b27d0b24964c3dc07ab,Place Mongolfier,0.564,22.0,17.0,39.0,0.0,0.0,48.815,2.459,22.0,0.0,penurie (vide)
velib,Paris,2cc0d761d2c41fb4682a1adfbc26ae05,Chaussée d'Antin - Haussmann,1.0,27.0,0.0,27.0,0.0,1.0,48.872,2.334,27.0,1.0,saturation (pleine)
velib,Paris,2d069981e284a5c1823272e245f77f13,Quai de Seine - Pont de l'île-Saint-Denis,0.615,16.0,10.0,26.0,0.0,0.0,48.935,2.341,16.0,0.0,penurie (vide)
velib,Paris,2d0c2d53a9b62caea540c8e4f529df1e,Hôtel de Ville de Créteil,0.5,18.0,18.0,36.0,0.0,0.0,48.777,2.455,18.0,0.0,penurie (vide)
velib,Paris,2d53d2e91ab142e2b6050d7f229c1060,Maine - Jean Zay,0.22,11.0,39.0,50.0,0.0,0.0,48.838,2.323,11.0,0.0,penurie (vide)
velib,Paris,2d86c0b00554a00eb8b9b1e7a2c3aab2,Volontaires - Lecourbe,0.267,8.0,22.0,30.0,0.0,0.0,48.844,2.307,8.0,0.0,penurie (vide)
velib,Paris,2db96468e027a48d90959e98d750f4e3,Louis Pasteur - Albert Petit,0.133,4.0,26.0,30.0,0.0,0.0,48.796,2.317,4.0,0.0,penurie (vide)
velib,Paris,2de232dd7a9284601174505b385cdb6f,Louis Blanc - Aqueduc,0.057,2.0,33.0,35.0,0.0,0.0,48.882,2.364,2.0,0.0,penurie (vide)
velib,Paris,2de8ebd65ce0988a44d6e9334e031102,Square du Carrefour de l'Insurrection,0.478,11.0,12.0,23.0,0.0,0.0,48.821,2.291,11.0,0.0,penurie (vide)
velib,Paris,2e0326354d6b192d8f393026d3bcf525,Metz - Marne,0.121,4.0,29.0,33.0,0.0,0.0,48.891,2.387,4.0,0.0,penurie (vide)
velib,Paris,2ea4d538f6ba5090bb569884d4050434,Perrault - Place du Louvre,0.393,11.0,17.0,28.0,0.0,0.0,48.86,2.341,11.0,0.0,penurie (vide)
velib,Paris,2ef58c63ca426a656a16e9fb47a70ea1,Gare Routière de Saint Cloud,0.833,25.0,5.0,30.0,0.0,0.0,48.843,2.222,25.0,0.0,penurie (vide)
velib,Paris,2f1849de3b0950efa3c1f6ff643e1dc3,Exelmans - Versailles,0.604,29.0,19.0,48.0,0.0,0.0,48.841,2.264,29.0,0.0,penurie (vide)
velib,Paris,2f63b8646fd510de01be41619be925fb,Président Wilson - Jean Jaures,0.08,2.0,23.0,25.0,0.0,0.0,48.89,2.292,2.0,0.0,penurie (vide)
velib,Paris,2f6d0167a95821501cfb9211437e490e,Square Georges Melies,0.179,7.0,32.0,39.0,0.0,0.0,48.841,2.41,7.0,0.0,penurie (vide)
velib,Paris,2fb8cc6d815cc5d8c44e833b84caacc8,Cadix - Hameau,0.514,19.0,18.0,37.0,0.0,0.0,48.834,2.29,19.0,0.0,penurie (vide)
velib,Paris,2fd1582673f2cde85fbf37c87099f528,Place Centrale,0.053,1.0,18.0,19.0,0.0,0.0,48.787,2.228,1.0,0.0,penurie (vide)
velib,Paris,301c03cb4f7233db98908633196d4ea2,Choisy - Tolbiac,0.1,2.0,18.0,20.0,0.0,0.0,48.826,2.36,2.0,0.0,penurie (vide)
velib,Paris,3022e33f6e71604420cd9cebd2dcffd1,Mauroy - Cheminots,0.226,7.0,24.0,31.0,0.0,0.0,48.898,2.358,7.0,0.0,penurie (vide)
velib,Paris,302b7e83d0ff4a0ca62b47b683cf116f,Reuilly - Daumesnil,0.147,5.0,29.0,34.0,0.0,0.0,48.84,2.397,5.0,0.0,penurie (vide)
velib,Paris,3030fb7c83d67f320414d39cefc7beb0,Gardenat-Lapostol - Velettes,0.75,15.0,5.0,20.0,0.0,0.0,48.874,2.224,15.0,0.0,penurie (vide)
velib,Paris,30a76154cd42296d2efde9ea6d974e26,Porte Saint-Martin,0.333,11.0,22.0,33.0,0.0,0.0,48.869,2.356,11.0,0.0,penurie (vide)
velib,Paris,30ce1cb040bb4fdc380433d5a1bf0872,Place Jacques et Thérèse Tréfouël,0.395,17.0,26.0,43.0,0.0,0.0,48.843,2.313,17.0,0.0,penurie (vide)
velib,Paris,30cf4172f57a7f82dc5927b8fdbcc551,Chateau,0.864,19.0,3.0,22.0,0.0,0.0,48.775,2.314,19.0,0.0,penurie (vide)
velib,Paris,30df735431c23fca3387117b33edce2b,Stalingrad - Désiré Chevalier,0.125,5.0,35.0,40.0,0.0,0.0,48.857,2.445,5.0,0.0,penurie (vide)
velib,Paris,30ed4c7a0cf4657e82e74b20d03e08d7,Marne - Charles de Gaulle,0.654,17.0,9.0,26.0,0.0,0.0,48.815,2.412,17.0,0.0,penurie (vide)
velib,Paris,30f29cd55a3ca6c8146a034307c09972,Grilles - Honoré d'Estienne d'Orves,0.13,3.0,20.0,23.0,0.0,0.0,48.89,2.407,3.0,0.0,penurie (vide)
velib,Paris,31443b36df8505669e80765f7b45b13a,Fontainebleau - Edmond Michelet,0.068,3.0,41.0,44.0,0.0,0.0,48.81,2.363,3.0,0.0,penurie (vide)
velib,Paris,315c13f5430fa293bc523362d2c9c64e,Gabriel Péri - Francisco Ferrer,0.125,2.0,14.0,16.0,0.0,0.0,48.886,2.407,2.0,0.0,penurie (vide)
velib,Paris,316cdd58d583799d82bec21aafd308f4,Raspail - Albert Schweitzer,0.714,20.0,8.0,28.0,0.0,0.0,48.81,2.344,20.0,0.0,penurie (vide)
velib,Paris,31898cae6430324c73533caedfbb72b6,Place du Général de Gaulle,0.536,15.0,13.0,28.0,0.0,0.0,48.853,2.488,15.0,0.0,penurie (vide)
velib,Paris,31a0e7e0c55261923e2025c455d49a41,Place Pasdeloup,0.333,7.0,14.0,21.0,0.0,0.0,48.863,2.367,7.0,0.0,penurie (vide)
velib,Paris,323ff75e83a2550646f17439b335ff4a,Place Alphonse Deville,0.957,22.0,1.0,23.0,0.0,0.0,48.85,2.328,22.0,0.0,penurie (vide)
velib,Paris,32acb215413db237650729bfa8f859bf,Théâtre de La Garenne,0.55,11.0,9.0,20.0,0.0,0.0,48.906,2.235,11.0,0.0,penurie (vide)
velib,Paris,32ba0569580e2373a9b0dc8153159109,Blaise-Desgoffe - Vaugirard,0.344,11.0,21.0,32.0,0.0,0.0,48.846,2.324,11.0,0.0,penurie (vide)
velib,Paris,32db52ba4c92c434164b03d0fed16542,Bobillot - Tolbiac,0.125,4.0,28.0,32.0,0.0,0.0,48.826,2.35,4.0,0.0,penurie (vide)
velib,Paris,32dd10305074ec74c0e7ce64b5fd652a,Jardin de l'Hospice Debrousse,0.043,1.0,22.0,23.0,0.0,0.0,48.861,2.406,1.0,0.0,penurie (vide)
velib,Paris,330a64235b680e966b0d2fba023bc75d,Bastille - Biscornet,0.41,25.0,36.0,61.0,0.0,0.0,48.851,2.369,25.0,0.0,penurie (vide)
velib,Paris,33c87c4c91c2e7f0157a0ddf4f024f3f,Jean Bleuzen - Square du 11 Novembre,0.163,8.0,41.0,49.0,0.0,0.0,48.823,2.297,8.0,0.0,penurie (vide)
velib,Paris,343827d04125679d3aa87c61f025e562,Navier - Epinettes,0.0,0.0,53.0,53.0,1.0,0.0,48.896,2.323,0.0,1.0,penurie (vide)
velib,Paris,346ca47e65c8d9109463e93a9b147742,Saint-Fargeau - Mortier,0.0,0.0,30.0,30.0,1.0,0.0,48.873,2.408,0.0,1.0,penurie (vide)
velib,Paris,34f0fcf20c0cbce722543d0a08a43773,Square Denise Buisson,0.178,8.0,37.0,45.0,0.0,0.0,48.856,2.426,8.0,0.0,penurie (vide)
velib,Paris,352d5d15138c67ee90d6296b47e195c8,Bois de Vincennes.,0.317,19.0,41.0,60.0,0.0,0.0,48.834,2.413,19.0,0.0,penurie (vide)
velib,Paris,353550bd63fd0e87ff8a561612294312,Villiers - Batignolles,0.13,3.0,20.0,23.0,0.0,0.0,48.881,2.317,3.0,0.0,penurie (vide)
velib,Paris,35dc537a4273db98b9d5c906379c160e,Cartier Bresson - Denis Papin,0.759,22.0,7.0,29.0,0.0,0.0,48.903,2.398,22.0,0.0,penurie (vide)
velib,Paris,35dde203e8309584f0f623491acb6c67,Pont Neuf - Rivoli,0.333,9.0,18.0,27.0,0.0,0.0,48.86,2.344,9.0,0.0,penurie (vide)
velib,Paris,3603e235012ae327335a8e4461486b76,Vincent Auriol - Louise Weiss,1.0,22.0,0.0,22.0,0.0,1.0,48.834,2.37,22.0,1.0,saturation (pleine)
velib,Paris,362591c2bcac06632f54009ef8c2f242,Quai du docteur Dervaux,0.538,14.0,12.0,26.0,0.0,0.0,48.91,2.298,14.0,0.0,penurie (vide)
velib,Paris,367a1f15db5338cf4cba80377491b039,Jean de la Fontaine - Boulainvilliers,0.448,30.0,37.0,67.0,0.0,0.0,48.853,2.276,30.0,0.0,penurie (vide)
velib,Paris,369df960ee33506c3a598f5fe8f778d9,Saint-Jacques - Val de Grâce,0.053,1.0,18.0,19.0,0.0,0.0,48.842,2.341,1.0,0.0,penurie (vide)
velib,Paris,36d0e0371b58988254c3939a8ff97d27,Parvis Robert Schuman - Roger Salengro,0.625,15.0,9.0,24.0,0.0,0.0,48.813,2.192,15.0,0.0,penurie (vide)
velib,Paris,37466f5cdf07126eb517496fe4ed9b34,Place du Lieutenant Henri Karcher,0.733,22.0,8.0,30.0,0.0,0.0,48.863,2.34,22.0,0.0,penurie (vide)
velib,Paris,37510b43396831beecfc276f3087fcb9,Regard - Rennes,0.391,18.0,28.0,46.0,0.0,0.0,48.847,2.327,18.0,0.0,penurie (vide)
velib,Paris,37906585c441a31adf9a7503223f83db,Pereire - Place de Wagram,0.182,8.0,36.0,44.0,0.0,0.0,48.887,2.304,8.0,0.0,penurie (vide)
velib,Paris,3794bafb87c7524715ffca9eb0b8f60c,Simone Signoret - Paris,0.654,17.0,9.0,26.0,0.0,0.0,48.904,2.465,17.0,0.0,penurie (vide)
velib,Paris,3796cdf0f0ff7b72a9cfa1ed01c60ef0,Place de Passy,0.067,1.0,14.0,15.0,0.0,0.0,48.858,2.278,1.0,0.0,penurie (vide)
velib,Paris,37a2ba913c8152ebeddb3228fb210d15,Filles Saint-Thomas - Place de la Bourse,0.0,0.0,54.0,54.0,1.0,0.0,48.869,2.34,0.0,1.0,penurie (vide)
velib,Paris,37bcd0ffd81d5c43f790ccef84cce304,Laumière - Petit,0.091,3.0,30.0,33.0,0.0,0.0,48.885,2.38,3.0,0.0,penurie (vide)
velib,Paris,37f52e87678de52101456c4e9b386b1b,BNF - Bibliothèque Nationale de France,0.643,27.0,15.0,42.0,0.0,0.0,48.835,2.376,27.0,0.0,penurie (vide)
velib,Paris,382a0f4f24b043e0abb2833231bdacc2,Greneta - Sebastopol,0.862,25.0,4.0,29.0,0.0,0.0,48.865,2.352,25.0,0.0,penurie (vide)
velib,Paris,387041541615afe527a3ab9790523db4,Prague - Théophile Roussel,0.645,20.0,11.0,31.0,0.0,0.0,48.85,2.376,20.0,0.0,penurie (vide)
velib,Paris,3875a220eeda14d9a7c8ffc6b064dc7a,Porte de Saint Cloud - Parc des Princes,0.806,25.0,6.0,31.0,0.0,0.0,48.839,2.253,25.0,0.0,penurie (vide)
velib,Paris,38787182226b5ab865aadc3b85851db5,Chevreuse - Montparnasse,0.0,0.0,15.0,15.0,1.0,0.0,48.842,2.332,0.0,1.0,penurie (vide)
velib,Paris,3894522337ae96decb2834df121c0b82,Jules Ferry - Faubourg du Temple Paris,0.088,5.0,52.0,57.0,0.0,0.0,48.868,2.368,5.0,0.0,penurie (vide)
velib,Paris,389eb96c087a32563d11a89445d0f9c1,Stade Auguste Delaune,0.857,18.0,3.0,21.0,0.0,0.0,48.809,2.435,18.0,0.0,penurie (vide)
velib,Paris,38a3725933e44fe735eb8159acf36757,Gare RER les Saules - Chandigarh,1.0,18.0,0.0,18.0,0.0,1.0,48.746,2.417,18.0,1.0,saturation (pleine)
velib,Paris,38b4679f6bd588061988b6365c7dc072,Italie - Vistule,0.0,0.0,24.0,24.0,1.0,0.0,48.823,2.358,0.0,1.0,penurie (vide)
velib,Paris,38cc0c77f1211698c3fb1fad4b0ee1cc,Charonne - Pierre Bayle,0.435,10.0,13.0,23.0,0.0,0.0,48.858,2.39,10.0,0.0,penurie (vide)
velib,Paris,390f9f30f07014d72c634dd0da33dc7e,Paul Vaillant-Couturier - Victor Hugo,0.618,21.0,13.0,34.0,0.0,0.0,48.898,2.294,21.0,0.0,penurie (vide)
velib,Paris,3933d1b444d5638dba6f81dc30446178,Louis Blanc - La Chapelle,0.111,2.0,16.0,18.0,0.0,0.0,48.884,2.36,2.0,0.0,penurie (vide)
velib,Paris,393d9ce85433bb87d91759030a46beda,Francoeur - Caulaincourt,0.118,4.0,30.0,34.0,0.0,0.0,48.89,2.343,4.0,0.0,penurie (vide)
velib,Paris,39cf56a8f11ed63743472daea6a16a8d,Arsène Houssaye - Champs-Elysées,1.0,1.0,0.0,1.0,0.0,1.0,48.873,2.298,1.0,1.0,saturation (pleine)
velib,Paris,39d8fc61230545443118ddd46ed13027,Mahatma Gandhi,0.923,24.0,2.0,26.0,0.0,0.0,48.876,2.264,24.0,0.0,penurie (vide)
velib,Paris,39f7a9df157d3880003cc0d4a8fdf993,Sarrette - Général Leclerc,0.095,2.0,19.0,21.0,0.0,0.0,48.825,2.326,2.0,0.0,penurie (vide)
velib,Paris,3a05079f559fff0b86fa2bf0921a2f11,Louis Lumière - Porte de Bagnolet,0.6,12.0,8.0,20.0,0.0,0.0,48.864,2.411,12.0,0.0,penurie (vide)
velib,Paris,3a4b41ac0677794a7209295f5699987b,Porte de Ménilmontant,0.0,0.0,15.0,15.0,1.0,0.0,48.869,2.409,0.0,1.0,penurie (vide)
velib,Paris,3b7771b8286349881fb9e5b67577eed5,Amelot - Saint-Sébastien,0.552,16.0,13.0,29.0,0.0,0.0,48.861,2.368,16.0,0.0,penurie (vide)
velib,Paris,3ba5474502d0aa75bdd2bfcbd01e01cf,Cevennes - Bergers,0.241,7.0,22.0,29.0,0.0,0.0,48.842,2.281,7.0,0.0,penurie (vide)
velib,Paris,3bbfdd931d250dcdfe674240bf4405b0,Emeriau - Place de Brazzaville,0.647,33.0,18.0,51.0,0.0,0.0,48.851,2.287,33.0,0.0,penurie (vide)
velib,Paris,3be1320ee7dbc537ffad3def5ff5a93e,Louis Blanc - Jemmapes,0.034,1.0,28.0,29.0,0.0,0.0,48.879,2.368,1.0,0.0,penurie (vide)
velib,Paris,3be6e431d53d63d955f5581d182b4526,Tombe Issoire - René Coty,0.167,6.0,30.0,36.0,0.0,0.0,48.831,2.334,6.0,0.0,penurie (vide)
velib,Paris,3c7c067b5bac73d5215d3d88b5a6f1cd,Place de l'Édit de Nantes,0.148,4.0,23.0,27.0,0.0,0.0,48.889,2.378,4.0,0.0,penurie (vide)
velib,Paris,3cc2baaa200956820d5c8251505afd0e,Mutualité,0.6,21.0,14.0,35.0,0.0,0.0,48.848,2.35,21.0,0.0,penurie (vide)
velib,Paris,3cd0708a32246f89a7d2ec3fe9c51851,Quai de la Gare - Pont de Bercy,0.567,17.0,13.0,30.0,0.0,0.0,48.837,2.374,17.0,0.0,penurie (vide)
velib,Paris,3d73de49edcca885c3a7853f26193b02,Delphine Seyrig - Général Leclerc,0.377,20.0,33.0,53.0,0.0,0.0,48.894,2.398,20.0,0.0,penurie (vide)
velib,Paris,3db84decfb18c8fbe9191cf0de04b66f,Vinaigriers - Magenta,0.292,7.0,17.0,24.0,0.0,0.0,48.873,2.359,7.0,0.0,penurie (vide)
velib,Paris,3e1d206b5a29b2aefe5594f8b8c7ae7c,Les Juilliottes,0.381,8.0,13.0,21.0,0.0,0.0,48.804,2.443,8.0,0.0,penurie (vide)
velib,Paris,3e221512a12ed4319f995e918e3ce88c,République - Henri Barbusse,0.5,15.0,15.0,30.0,0.0,0.0,48.907,2.389,15.0,0.0,penurie (vide)
velib,Paris,3e24a74dd6773969e24d741940fc1290,Guillaume Bertrand - République,0.0,0.0,38.0,38.0,1.0,0.0,48.864,2.381,0.0,1.0,penurie (vide)
velib,Paris,3e642ca8658cec670e9bffdc3037b285,Douai - Pierre Fontaine,0.12,3.0,22.0,25.0,0.0,0.0,48.882,2.333,3.0,0.0,penurie (vide)
velib,Paris,3ea251a4fc21f092deac9200385d45c2,Jean Moulin - Paul Doumer,0.053,1.0,18.0,19.0,0.0,0.0,48.862,2.455,1.0,0.0,penurie (vide)
velib,Paris,3eabc45c80180c6ff26055d38748820d,Lallier - Trudaine ,0.071,2.0,26.0,28.0,0.0,0.0,48.881,2.341,2.0,0.0,penurie (vide)
velib,Paris,3ed17c508b4538fcf203e3114082ac0c,Gabrielle Josserand - Edouard Vaillant,0.348,8.0,15.0,23.0,0.0,0.0,48.903,2.393,8.0,0.0,penurie (vide)
velib,Paris,3ef1bff58e21edbad3d9f7bee43c7f8c,Marie-Georges Picquart - Pereire,0.742,23.0,8.0,31.0,0.0,0.0,48.889,2.311,23.0,0.0,penurie (vide)
velib,Paris,3f12591c7b9417fc704044046aafc68e,Anatole France - Jean Lolive,0.893,25.0,3.0,28.0,0.0,0.0,48.895,2.425,25.0,0.0,penurie (vide)
velib,Paris,3f833cf21e3ba82576bd4ed526aebe92,Flandre - Ourcq,0.172,5.0,24.0,29.0,0.0,0.0,48.893,2.379,5.0,0.0,penurie (vide)
velib,Paris,3f9290134bb9cc2bfabaa5ee66f4c1ae,Square du Théâtre du Garde-Chasse,0.087,4.0,42.0,46.0,0.0,0.0,48.881,2.42,4.0,0.0,penurie (vide)
velib,Paris,3fa13c4ecf3f1422f7308f52233b3452,Parc de Belleville - Julien Lacroix,0.0,0.0,26.0,26.0,1.0,0.0,48.87,2.384,0.0,1.0,penurie (vide)
velib,Paris,3fdac671d966b129a468e5902f9038c1,Monceau - Malesherbes,0.162,6.0,31.0,37.0,0.0,0.0,48.88,2.315,6.0,0.0,penurie (vide)
velib,Paris,3fe133b3337b2a5907425b8e243a8e59,Amaury Duval - Gabriel Péri,0.056,2.0,34.0,36.0,0.0,0.0,48.817,2.324,2.0,0.0,penurie (vide)
velib,Paris,3fedc777fc24fd4513f9a39e5aba90fa,Malesherbes - Place de la Madeleine,0.955,64.0,3.0,67.0,0.0,0.0,48.87,2.323,64.0,0.0,penurie (vide)
velib,Paris,4108b785296de89b10b751f5bdfbd586,Sibelle - Alésia,0.135,5.0,32.0,37.0,0.0,0.0,48.827,2.338,5.0,0.0,penurie (vide)
velib,Paris,415e59bd5a8ba4b267518de1c81f0cd2,Granges aux Belles,0.08,2.0,23.0,25.0,0.0,0.0,48.876,2.368,2.0,0.0,penurie (vide)
velib,Paris,418ca9d751a162fdcd9a98044f8e262c,Place du Front Populaire - George Sand,0.469,30.0,34.0,64.0,0.0,0.0,48.907,2.365,30.0,0.0,penurie (vide)
velib,Paris,41a04d7eeea8f680d7e96987b51cd6f0,Keller - La Roquette,0.088,3.0,31.0,34.0,0.0,0.0,48.856,2.375,3.0,0.0,penurie (vide)
velib,Paris,41eb2647d449f7e51b49674254e42503,Pierre Joseph Desault,0.526,10.0,9.0,19.0,0.0,0.0,48.821,2.379,10.0,0.0,penurie (vide)
velib,Paris,4213d41d8c2e949ffb6e035548bae5a6,Saint Pères - Saint Germain,0.955,21.0,1.0,22.0,0.0,0.0,48.854,2.33,21.0,0.0,penurie (vide)
velib,Paris,424a2d17f0bae795426b89218445d48d,Bracion - Périphérique,0.31,9.0,20.0,29.0,0.0,0.0,48.826,2.3,9.0,0.0,penurie (vide)
velib,Paris,4264d28f99b033dcae11a325376f75b1,Bellefond - Poissonnière,0.059,1.0,16.0,17.0,0.0,0.0,48.878,2.348,1.0,0.0,penurie (vide)
velib,Paris,42706f6a7e74dd0c691b99ca6c70e0bf,Les Halles - Saint-Eustache,0.387,12.0,19.0,31.0,0.0,0.0,48.864,2.343,12.0,0.0,penurie (vide)
velib,Paris,42876a66b297d71e537824128d58e0bc,Place du Général Leclerc,0.227,5.0,17.0,22.0,0.0,0.0,48.765,2.393,5.0,0.0,penurie (vide)
velib,Paris,428f980d03ad3041bc8d5f449ecd80a2,Charonne - Philippe-Auguste,0.031,1.0,31.0,32.0,0.0,0.0,48.856,2.391,1.0,0.0,penurie (vide)
velib,Paris,42b4bbcd3722b0680017ac6d0f9f84a8,Gare RER - Maurice Grandcoing,0.919,34.0,3.0,37.0,0.0,0.0,48.814,2.392,34.0,0.0,penurie (vide)
velib,Paris,42edb6910cc8d6541608f94e43ba5be1,Turbigo - Française,0.5,8.0,8.0,16.0,0.0,0.0,48.864,2.348,8.0,0.0,penurie (vide)
velib,Paris,435d32525b076a527433ea46f135e1da,Général Leclerc - Bièvre,0.522,12.0,11.0,23.0,0.0,0.0,48.782,2.317,12.0,0.0,penurie (vide)
velib,Paris,43c856353b954711f2bbee185a1f9d04,André Mazet - Saint-André des Arts,0.365,19.0,33.0,52.0,0.0,0.0,48.854,2.339,19.0,0.0,penurie (vide)
velib,Paris,43dc0e0b1107cc0a0401a8ae3c4d2550,Assas - Vaugirard,0.943,33.0,2.0,35.0,0.0,0.0,48.848,2.329,33.0,0.0,penurie (vide)
velib,Paris,442bed4e6d894d1ad43008373a38cae2,Charcot - Benfleet,0.115,3.0,23.0,26.0,0.0,0.0,48.878,2.441,3.0,0.0,penurie (vide)
velib,Paris,446c463f3ddf30b55077389e71756269,Gare Montparnasse - Arrivée,0.209,9.0,34.0,43.0,0.0,0.0,48.844,2.323,9.0,0.0,penurie (vide)
velib,Paris,44a49da649e7e1aa090ff70c5c66a308,Saint-Placide - Cherche Midi,0.364,24.0,42.0,66.0,0.0,0.0,48.849,2.325,24.0,0.0,penurie (vide)
velib,Paris,44a4b9db28d7ffd265ac2514f9d3570d,Transvaal - Charles de Gaulle ,0.423,11.0,15.0,26.0,0.0,0.0,48.848,2.237,11.0,0.0,penurie (vide)
velib,Paris,44dca2a45e5c2cc738a308ec18fdb562,Edouard Pailleron - Simon Bolivar ,0.045,1.0,21.0,22.0,0.0,0.0,48.88,2.375,1.0,0.0,penurie (vide)
velib,Paris,4530252bbd270e122bc107ff086bc3c3,Didot - Place de Moro-Giafferi,0.136,3.0,19.0,22.0,0.0,0.0,48.834,2.322,3.0,0.0,penurie (vide)
velib,Paris,4545fb7f92a9c136bd4c2589917e9aa6,Mairie du 9ème,1.0,21.0,0.0,21.0,0.0,1.0,48.873,2.341,21.0,1.0,saturation (pleine)
velib,Paris,455106e10bb1146af83d25bf1053e8b6,Pergolèse - Malakoff,0.243,9.0,28.0,37.0,0.0,0.0,48.875,2.284,9.0,0.0,penurie (vide)
velib,Paris,4574c62f1ebdb5dac12defe7d72131ac,Lamartine - Faubourg Montmartre,0.323,10.0,21.0,31.0,0.0,0.0,48.877,2.34,10.0,0.0,penurie (vide)
velib,Paris,45a6afb62b37136822c20fc749912056,Charonne - Faubourg Saint-Antoine,0.545,18.0,15.0,33.0,0.0,0.0,48.852,2.374,18.0,0.0,penurie (vide)
velib,Paris,45c2573f9bb3d58a288af4247ff3f406,Alibert - Jemmapes,0.121,7.0,51.0,58.0,0.0,0.0,48.871,2.366,7.0,0.0,penurie (vide)
velib,Paris,45e42f493a7432db593b8d397c00b8ab,Charenton - Diderot,0.778,14.0,4.0,18.0,0.0,0.0,48.846,2.379,14.0,0.0,penurie (vide)
velib,Paris,45ed78d1a81f3acb2b888eccfbfff620,Parmentier - Abel Rabaud,0.019,1.0,51.0,52.0,0.0,0.0,48.869,2.372,1.0,0.0,penurie (vide)
velib,Paris,45ef886c03e9db48e33ec3f5ac106d92,Maréchal Joffre - Verdun,0.2,4.0,16.0,20.0,0.0,0.0,48.854,2.47,4.0,0.0,penurie (vide)
velib,Paris,460548fb230dca71767d0e3a3bb68cc9,Lacuée - Lyon,0.929,13.0,1.0,14.0,0.0,0.0,48.849,2.37,13.0,0.0,penurie (vide)
velib,Paris,462a91ffcb8fccbbf61bd605e43a8af1,Chabanais - Petits Champs,1.0,28.0,0.0,28.0,0.0,1.0,48.867,2.337,28.0,1.0,saturation (pleine)
velib,Paris,462e1e678d255391b14241ac6d8389b7,Belliard - Damrémont,0.0,0.0,34.0,34.0,1.0,0.0,48.897,2.338,0.0,1.0,penurie (vide)
velib,Paris,4651af7c298eb819d7d2fbb43020fce1,Gare RER - Général de Gaulle,0.925,37.0,3.0,40.0,0.0,0.0,48.934,2.306,37.0,0.0,penurie (vide)
velib,Paris,4671328fea3b983868767d6aaa4de6d1,Martyrs de Châteaubriant - Jean Grandel,0.5,18.0,18.0,36.0,0.0,0.0,48.951,2.211,18.0,0.0,penurie (vide)
velib,Paris,467f8a602564bd501adbe85eae6bd11d,Alouettes - Maréchal de Lattre de Tassigny,1.0,21.0,0.0,21.0,0.0,1.0,48.855,2.493,21.0,1.0,saturation (pleine)
velib,Paris,468690b86b1ea8e4c55403d45e8fca8f,Gare Saint-Lazare - Stockholm,0.188,6.0,26.0,32.0,0.0,0.0,48.877,2.322,6.0,0.0,penurie (vide)
velib,Paris,46973c2522462905f35c6ba8df8dd502,Jean Jaurès - Place de la Libération,0.5,13.0,13.0,26.0,0.0,0.0,48.906,2.439,13.0,0.0,penurie (vide)
velib,Paris,46d9b937b7b4f018767106c6fe3fd435,Aqueduc - Villette,0.154,4.0,22.0,26.0,0.0,0.0,48.884,2.367,4.0,0.0,penurie (vide)
velib,Paris,46fb8069ca45ead7d9ed40414197cf5b,Laffitte - Italiens,0.969,31.0,1.0,32.0,0.0,0.0,48.872,2.337,31.0,0.0,penurie (vide)
velib,Paris,470bcb3bb13c9983a9369666e4ac06f8,Edouard Poisson - Victor Hugo,0.458,11.0,13.0,24.0,0.0,0.0,48.911,2.38,11.0,0.0,penurie (vide)
velib,Paris,47464bd539d5c5be08a34fc21c68dafc,Seine - Flandre,0.067,1.0,14.0,15.0,0.0,0.0,48.887,2.375,1.0,0.0,penurie (vide)
velib,Paris,4750b490abe21e384123a5cbdfba39c7,Beaumarchais - Pas de la Mule,0.294,5.0,12.0,17.0,0.0,0.0,48.856,2.368,5.0,0.0,penurie (vide)
velib,Paris,475fb58d2afd3086fbd2a9033ec8b931,Glacière - Soeur Catherine Marie,0.325,13.0,27.0,40.0,0.0,0.0,48.83,2.344,13.0,0.0,penurie (vide)
velib,Paris,476fa8cce38af62426d784463a9c6bff,Cours de Vincennes - Soult,0.422,19.0,26.0,45.0,0.0,0.0,48.847,2.411,19.0,0.0,penurie (vide)
velib,Paris,478589d5f96e785e1c7a5ebcff4774aa,Aristide Briand - Place de la Résistance,1.0,30.0,0.0,30.0,0.0,1.0,48.821,2.251,30.0,1.0,saturation (pleine)
velib,Paris,478d719c0dddd6d741f8f908028f7365,Erasme - Ulm,0.625,15.0,9.0,24.0,0.0,0.0,48.843,2.345,15.0,0.0,penurie (vide)
velib,Paris,47d97d04d1a5b597a365d7f68b791628,Stéphanie Bouvard - Gambetta,0.621,18.0,11.0,29.0,0.0,0.0,48.815,2.402,18.0,0.0,penurie (vide)
velib,Paris,481c08b5d417392d4b28388fcfa6f451,Porte d'Italie,0.5,6.0,6.0,12.0,0.0,0.0,48.817,2.36,6.0,0.0,penurie (vide)
velib,Paris,482e8838210cb3275d79f9d358d36550,Paul Vaillant Couturier - Chaptal,0.816,31.0,7.0,38.0,0.0,0.0,48.893,2.278,31.0,0.0,penurie (vide)
velib,Paris,48318ed2ddd6896ece9fc0d8a2c29d27,Centquatre,0.122,5.0,36.0,41.0,0.0,0.0,48.889,2.371,5.0,0.0,penurie (vide)
velib,Paris,48a885c9c855ac9ef03a8e2407409b9a,La Motte-Picquet - Grenelle,0.206,7.0,27.0,34.0,0.0,0.0,48.849,2.299,7.0,0.0,penurie (vide)
velib,Paris,48cadf60130c43476db5f10ee0a9ac2b,Dr Calmette,1.0,18.0,0.0,18.0,0.0,1.0,48.745,2.409,18.0,1.0,saturation (pleine)
velib,Paris,48ce179c1dd74f6d9d03c1ab34ca8497,Général Delambre - Prebuard,0.643,18.0,10.0,28.0,0.0,0.0,48.939,2.223,18.0,0.0,penurie (vide)
velib,Paris,49835d2f1461a371a8bda8d533943255,Hippodrome Paris-Vincennes,0.308,12.0,27.0,39.0,0.0,0.0,48.82,2.446,12.0,0.0,penurie (vide)
velib,Paris,49b2c45d14f6c80361892f8717bb0b23,Jean Moulin - Place Victor et Hélène Basch,0.077,3.0,36.0,39.0,0.0,0.0,48.828,2.326,3.0,0.0,penurie (vide)
velib,Paris,49eacfd3001e615471d246f6a67d8361,Jacques Kellner - Saint-Ouen,0.089,4.0,41.0,45.0,0.0,0.0,48.896,2.328,4.0,0.0,penurie (vide)
velib,Paris,4a0cc53adfa01e61ff8a34dd687a48f9,Stade Georges Carpentier,0.25,10.0,30.0,40.0,0.0,0.0,48.82,2.367,10.0,0.0,penurie (vide)
velib,Paris,4a279a72d89c67bdfea32567e15d81f0,Ouest - Château ,0.098,4.0,37.0,41.0,0.0,0.0,48.836,2.319,4.0,0.0,penurie (vide)
velib,Paris,4a9c97f9a2e344e91ff9a1006039dd6c,Abbé Groult - Convention,0.0,0.0,26.0,26.0,1.0,0.0,48.836,2.302,0.0,1.0,penurie (vide)
velib,Paris,4ae15c04833b6c26d4a9ce7ead2110cd,Roquépine - Malesherbes,0.981,51.0,1.0,52.0,0.0,0.0,48.873,2.32,51.0,0.0,penurie (vide)
velib,Paris,4afe86d948cb3d2580163ad955714f60,George Sand - Jean de La Fontaine,0.828,24.0,5.0,29.0,0.0,0.0,48.85,2.268,24.0,0.0,penurie (vide)
velib,Paris,4b34814a0315a65f6a017384805e1397,Ménilmontant - Oberkampf,0.1,4.0,36.0,40.0,0.0,0.0,48.867,2.383,4.0,0.0,penurie (vide)
velib,Paris,4b38deaa46ca3695d610f7749ad3930e,Paul Valery - Victor Hugo,0.706,12.0,5.0,17.0,0.0,0.0,48.871,2.289,12.0,0.0,penurie (vide)
velib,Paris,4c081274276675f0f1c9019e056989b2,Place du 8 Mai 1945,0.222,4.0,14.0,18.0,0.0,0.0,48.872,2.203,4.0,0.0,penurie (vide)
velib,Paris,4c195e576b892f6d3350a36e59a52ff3,Dunkerque - Rocroy,0.087,2.0,21.0,23.0,0.0,0.0,48.881,2.351,2.0,0.0,penurie (vide)
velib,Paris,4c41a324865b7e740a5491db8a1990c6,Stalingrad - Barbara,0.158,3.0,16.0,19.0,0.0,0.0,48.809,2.318,3.0,0.0,penurie (vide)
velib,Paris,4c8553b35dc89575c685b7f9f8b95e45,Centenaire - Sorins,0.159,7.0,37.0,44.0,0.0,0.0,48.859,2.427,7.0,0.0,penurie (vide)
velib,Paris,4c87601ee15ead2a7a475813822c3366,Commandant Rivière,0.927,38.0,3.0,41.0,0.0,0.0,48.873,2.31,38.0,0.0,penurie (vide)
velib,Paris,4c9385d2c3e2fa4da9a58c2cd3e689f1,Centre Georges Pompidou,0.84,21.0,4.0,25.0,0.0,0.0,48.861,2.353,21.0,0.0,penurie (vide)
velib,Paris,4ca58fd78dc9d3a72786b6ab86d4f643,Petit - Manin,0.2,4.0,16.0,20.0,0.0,0.0,48.887,2.394,4.0,0.0,penurie (vide)
velib,Paris,4d2847de57ed1bfdff073562cfe40102,Quai Jules Guesde - Saint-Simon,0.964,27.0,1.0,28.0,0.0,0.0,48.804,2.409,27.0,0.0,penurie (vide)
velib,Paris,4d337f54a433d8f9184dfc6912a76d5f,Bessières - Porte de Clichy,0.25,8.0,24.0,32.0,0.0,0.0,48.896,2.318,8.0,0.0,penurie (vide)
velib,Paris,4d33a2fd0a030ce0bbf6bb191311f031,Place de la Porte de Châtillon,0.121,7.0,51.0,58.0,0.0,0.0,48.824,2.319,7.0,0.0,penurie (vide)
velib,Paris,4d36ffe89447b54557da625279984139,Bineau - Louise Michel,0.32,8.0,17.0,25.0,0.0,0.0,48.887,2.284,8.0,0.0,penurie (vide)
velib,Paris,4d67d47bc51f094cdc80cef25cb5296f,Flandrin - Henri Martin,0.647,11.0,6.0,17.0,0.0,0.0,48.864,2.272,11.0,0.0,penurie (vide)
velib,Paris,4d6b7bfa6acf7a9fd0426f9c4598a5c1,Ancien Canal - Hélène Brion,0.545,12.0,10.0,22.0,0.0,0.0,48.895,2.419,12.0,0.0,penurie (vide)
velib,Paris,4d7be17e9451729cd5294f00fe2400aa,Louis Lumière.,0.773,17.0,5.0,22.0,0.0,0.0,48.862,2.411,17.0,0.0,penurie (vide)
velib,Paris,4db0c66471154c8a003b70b53035ed70,Victor Cousin - Cujas,0.421,8.0,11.0,19.0,0.0,0.0,48.848,2.342,8.0,0.0,penurie (vide)
velib,Paris,4dd908f32b997b30c247b8ac08c99588,Milton - Manuel,0.136,3.0,19.0,22.0,0.0,0.0,48.878,2.341,3.0,0.0,penurie (vide)
velib,Paris,4e270e7543dbc1e3af8ee9cbe22b82d3,Sommerard - Saint-Jacques,0.485,16.0,17.0,33.0,0.0,0.0,48.85,2.345,16.0,0.0,penurie (vide)
velib,Paris,4e5d45e2645f52e7e1c603bfd3b99569,Orteaux - Mouraud,0.042,1.0,23.0,24.0,0.0,0.0,48.856,2.409,1.0,0.0,penurie (vide)
velib,Paris,4e5fd81e9840a078414fa0631415bd15,Préfecture de Créteil,0.407,11.0,16.0,27.0,0.0,0.0,48.784,2.454,11.0,0.0,penurie (vide)
velib,Paris,4e77ed6a8ec732f5e3a914289211d3da,Nationale - Vincent Auriol,0.152,5.0,28.0,33.0,0.0,0.0,48.833,2.362,5.0,0.0,penurie (vide)
velib,Paris,4ef8fdff19582fe28d2ebb83c9bc611e,Buzenval - Vignoles,0.0,0.0,16.0,16.0,1.0,0.0,48.854,2.4,0.0,1.0,penurie (vide)
velib,Paris,4f9b51c9a7bf8e4967589f4d14055c25,Botzaris - Crimée,0.2,4.0,16.0,20.0,0.0,0.0,48.88,2.389,4.0,0.0,penurie (vide)
velib,Paris,4fe423a6b6f41f72aec4ed85a95eb998,Place Charles Vallin,0.083,2.0,22.0,24.0,0.0,0.0,48.836,2.303,2.0,0.0,penurie (vide)
velib,Paris,4ff9a71bf1ab03a4c7ae7c8091a319a7,Place Henri Dunant - Gare RER,0.767,23.0,7.0,30.0,0.0,0.0,48.788,2.291,23.0,0.0,penurie (vide)
velib,Paris,5009a21a0d517a308da8e6ecbff1882f,Île de la Jatte,0.955,21.0,1.0,22.0,0.0,0.0,48.894,2.267,21.0,0.0,penurie (vide)
velib,Paris,5021fe96eef9583e4fb9583d94017826,Morice - Général Leclerc,0.458,11.0,13.0,24.0,0.0,0.0,48.902,2.313,11.0,0.0,penurie (vide)
velib,Paris,503019ba45ddeea8f7279edc467baac4,Karl Marx,0.125,2.0,14.0,16.0,0.0,0.0,48.785,2.365,2.0,0.0,penurie (vide)
velib,Paris,5086d6e204e73a68cf7412c7adc80f88,Gabriel Péri - Danielle Casanova,0.5,9.0,9.0,18.0,0.0,0.0,48.79,2.403,9.0,0.0,penurie (vide)
velib,Paris,508b6b7baae451f439f9dd5486fba870,Place Du Général De Gaulle,0.12,3.0,22.0,25.0,0.0,0.0,48.869,2.433,3.0,0.0,penurie (vide)
velib,Paris,5095a873888840fcc229b2f85b33a0dc,Mazagran - Bonne Nouvelle,0.32,8.0,17.0,25.0,0.0,0.0,48.87,2.351,8.0,0.0,penurie (vide)
velib,Paris,50c909bb60eab69572fd6530b3b3c096,Porte de Vincennes,0.625,20.0,12.0,32.0,0.0,0.0,48.846,2.416,20.0,0.0,penurie (vide)
velib,Paris,50db3425c20f335dfb38aaeb26bea527,Square Louise Michel,0.028,1.0,35.0,36.0,0.0,0.0,48.885,2.344,1.0,0.0,penurie (vide)
velib,Paris,515068b9a6985641e4682ad19ee189f5,Jean-Pierre Timbaud - Vaucouleurs,0.17,8.0,39.0,47.0,0.0,0.0,48.868,2.378,8.0,0.0,penurie (vide)
velib,Paris,51802b48685ec3506c95609b9babbf9f,Guynemer - Séverine,1.0,26.0,0.0,26.0,0.0,1.0,48.831,2.279,26.0,1.0,saturation (pleine)
velib,Paris,518cf61f91caf4d1053228b2952b63b5,Eugène Oudiné - Dessous Des Berges,0.209,9.0,34.0,43.0,0.0,0.0,48.826,2.375,9.0,0.0,penurie (vide)
velib,Paris,51a58938b42b876697c88470bad283af,Place Denfert-Rochereau,0.4,8.0,12.0,20.0,0.0,0.0,48.843,2.246,8.0,0.0,penurie (vide)
velib,Paris,51a75eb1687d62baf1e65b15180efc8b,Malakoff - Place de la Porte Maillot,0.679,19.0,9.0,28.0,0.0,0.0,48.877,2.283,19.0,0.0,penurie (vide)
velib,Paris,51abcbfbe050871714b1bb647e9b66a3,Eugène Varlin - Place de la Paix,0.609,14.0,9.0,23.0,0.0,0.0,48.793,2.363,14.0,0.0,penurie (vide)
velib,Paris,51c1b57f171b242f29efd94d80a2274d,Saint-Denis - Rivoli,0.286,12.0,30.0,42.0,0.0,0.0,48.859,2.348,12.0,0.0,penurie (vide)
velib,Paris,51c8b18ffcb64a56b46425c69aa6c30d,Jussieu - Guy de la Brosse,0.359,14.0,25.0,39.0,0.0,0.0,48.846,2.356,14.0,0.0,penurie (vide)
velib,Paris,51ebad3d693a45da3f101384aa4cb879,Jean-François Lépine - Stephenson,0.182,4.0,18.0,22.0,0.0,0.0,48.886,2.357,4.0,0.0,penurie (vide)
velib,Paris,52109fbacb0830dfc7e3ce8298217320,Porte Maillot - Perreire,0.766,36.0,11.0,47.0,0.0,0.0,48.878,2.284,36.0,0.0,penurie (vide)
velib,Paris,522c47b8d0ec09ad47516c94b4b3af99,Porte d'Ivry,0.32,16.0,34.0,50.0,0.0,0.0,48.822,2.369,16.0,0.0,penurie (vide)
velib,Paris,52927eb9fdf2015b999d3ec69d474291,Gare Saint-Lazare - Cour du Havre,0.349,15.0,28.0,43.0,0.0,0.0,48.876,2.327,15.0,0.0,penurie (vide)
velib,Paris,52b01c04fa532057be420f9adf40023b,Place des Ardoines,0.955,42.0,2.0,44.0,0.0,0.0,48.783,2.407,42.0,0.0,penurie (vide)
velib,Paris,52f441bc9a3d8ab927e5b0ee790da7b6,Mairie de Clamart,0.0,0.0,33.0,33.0,1.0,0.0,48.801,2.262,0.0,1.0,penurie (vide)
velib,Paris,53384e8a5bfec57267eb3aacba0a41aa,Square Raymond Souplex,0.02,1.0,50.0,51.0,0.0,0.0,48.892,2.335,1.0,0.0,penurie (vide)
velib,Paris,5349a87a2dc217a11ab002391c09f021,Cambrai - Benjamin Constant,0.326,14.0,29.0,43.0,0.0,0.0,48.896,2.381,14.0,0.0,penurie (vide)
velib,Paris,5395a6630068724fbccff0654d2b9d02,Port - Confluence,0.304,7.0,16.0,23.0,0.0,0.0,48.936,2.344,7.0,0.0,penurie (vide)
velib,Paris,5399a19c91ef7753a1556af62ae3d842,Porte de Charenton,0.212,14.0,52.0,66.0,0.0,0.0,48.831,2.399,14.0,0.0,penurie (vide)
velib,Paris,539fe9e0bef09a653e563e2bee1ddcbd,Créteil Pointe du Lac,0.643,18.0,10.0,28.0,0.0,0.0,48.769,2.463,18.0,0.0,penurie (vide)
velib,Paris,53b575bc33e915c4fcf5142e80eeb3f4,Lauriston - Copernic,0.211,4.0,15.0,19.0,0.0,0.0,48.869,2.29,4.0,0.0,penurie (vide)
velib,Paris,53cd9ef67faaac40d23fced2ce6cdd7d,Félix Faure - Convention,0.674,29.0,14.0,43.0,0.0,0.0,48.841,2.288,29.0,0.0,penurie (vide)
velib,Paris,53ddb0a18e318b6aa294c08c8d7b84b9,Place Farhat Hached,1.0,28.0,0.0,28.0,0.0,1.0,48.825,2.382,28.0,1.0,saturation (pleine)
velib,Paris,53de4b51762b1dbc20d06972e9f0801f,Toffier Decaux - Cartier Bresson,0.812,13.0,3.0,16.0,0.0,0.0,48.902,2.402,13.0,0.0,penurie (vide)
velib,Paris,54738e474e518b3188e883f172063315,Paris - Laitières,0.773,17.0,5.0,22.0,0.0,0.0,48.846,2.421,17.0,0.0,penurie (vide)
velib,Paris,54808e580dc07d345583f9945935a19f,Rond-Point Rhin et Danube,0.151,8.0,45.0,53.0,0.0,0.0,48.84,2.228,8.0,0.0,penurie (vide)
velib,Paris,54ba7d34918c88a8a52e2e39b0c6be8a,Hélène et François Missoffe - Emile Borel,0.759,22.0,7.0,29.0,0.0,0.0,48.9,2.322,22.0,0.0,penurie (vide)
velib,Paris,5554d5346800146173e3a83b2a21304f,Pajol - Riquet ,0.255,12.0,35.0,47.0,0.0,0.0,48.89,2.363,12.0,0.0,penurie (vide)
velib,Paris,55665ed0ae76ed7a31ee5c8af7f2b83d,Quai de Valmy,,0.0,0.0,0.0,1.0,1.0,48.881,2.368,,1.0,penurie (vide)
velib,Paris,557a0531c4372aa3abe987d7052a8cc7,Douai - Bruxelles,0.04,1.0,24.0,25.0,0.0,0.0,48.883,2.331,1.0,0.0,penurie (vide)
velib,Paris,55a74d7a373b87349702949cca7ba8ab,Panthéon - Valette,0.353,18.0,33.0,51.0,0.0,0.0,48.847,2.346,18.0,0.0,penurie (vide)
velib,Paris,55c8651cf3cfe0f652057671f01efba9,Archives - Rivoli,0.583,14.0,10.0,24.0,0.0,0.0,48.857,2.354,14.0,0.0,penurie (vide)
velib,Paris,55d766b2cfd797e5962b8a5133cb9a33,Youri Gagarine - Karl Marx,0.048,1.0,20.0,21.0,0.0,0.0,48.784,2.359,1.0,0.0,penurie (vide)
velib,Paris,55fb78d097a93dde27d5ffb2ed798e6a,Bachaumont - Montmartre,0.625,20.0,12.0,32.0,0.0,0.0,48.866,2.345,20.0,0.0,penurie (vide)
velib,Paris,56127eb9720adb51b601e8b935e0a44a,Beaujon - Wagram,0.179,5.0,23.0,28.0,0.0,0.0,48.875,2.296,5.0,0.0,penurie (vide)
velib,Paris,5613abda7bf456dc93404430dbcdb904,Varenne,0.413,19.0,27.0,46.0,0.0,0.0,48.857,2.315,19.0,0.0,penurie (vide)
velib,Paris,56202ee0049e59d8a16a10cb55a336e5,Javel - André Citroën,0.909,40.0,4.0,44.0,0.0,0.0,48.846,2.279,40.0,0.0,penurie (vide)
velib,Paris,5647d067f510533f3e7b855d4c133ec5,Richard Lenoir - Jean-Pierre Timbaud,0.294,10.0,24.0,34.0,0.0,0.0,48.866,2.369,10.0,0.0,penurie (vide)
velib,Paris,56717eb48edd3481e0faa47237f12cdc,Sablons - Georges Mandel,0.053,2.0,36.0,38.0,0.0,0.0,48.864,2.282,2.0,0.0,penurie (vide)
velib,Paris,56c2da4066fd35120072927ac72d88b2,Place Valhubert,0.327,16.0,33.0,49.0,0.0,0.0,48.844,2.364,16.0,0.0,penurie (vide)
velib,Paris,56c7339743765c3a76dcbdcd16d16e82,Vasco de Gama,0.608,31.0,20.0,51.0,0.0,0.0,48.837,2.284,31.0,0.0,penurie (vide)
velib,Paris,56fc0ca1b3caf57070597768309dbbfc,Bourg l'Abbé - Saint-Martin,0.155,9.0,49.0,58.0,0.0,0.0,48.864,2.352,9.0,0.0,penurie (vide)
velib,Paris,57286527e9b73c17fb2b43770b4389c0,Cloître Saint-Merri - Renard,0.312,10.0,22.0,32.0,0.0,0.0,48.859,2.352,10.0,0.0,penurie (vide)
velib,Paris,572c85c617126fc0d3d6350f36409163,Convention - Lourmel,0.714,25.0,10.0,35.0,0.0,0.0,48.842,2.286,25.0,0.0,penurie (vide)
velib,Paris,576ba344f0cc9971dbb7c78849f3b0cb,Parc Pierre Lagravère,0.862,25.0,4.0,29.0,0.0,0.0,48.927,2.239,25.0,0.0,penurie (vide)
velib,Paris,5799ed57a07c351159be7ae75ac1329c,Gare de Nogent-le-Perreux,0.531,17.0,15.0,32.0,0.0,0.0,48.838,2.494,17.0,0.0,penurie (vide)
velib,Paris,58523eb76e479390d1253e58c81d2818,Place de la République - Voltaire,0.471,8.0,9.0,17.0,0.0,0.0,48.867,2.365,8.0,0.0,penurie (vide)
velib,Paris,5858fc71045ceab12067bfd2bcb26fd7,Oberkampf - République,0.125,3.0,21.0,24.0,0.0,0.0,48.865,2.376,3.0,0.0,penurie (vide)
velib,Paris,586e62e13a7304af305902bf3e0a1844,Université Paris Est Créteil,0.568,25.0,19.0,44.0,0.0,0.0,48.788,2.446,25.0,0.0,penurie (vide)
velib,Paris,5892755681978b9c0b1bd30a9244628b,Suffren - Champ de Mars,0.87,20.0,3.0,23.0,0.0,0.0,48.855,2.295,20.0,0.0,penurie (vide)
velib,Paris,58e8e86662c4435658ad15198cd04830,Gare d'Austerlitz - Pont Charles de Gaulle,0.76,57.0,18.0,75.0,0.0,0.0,48.842,2.367,57.0,0.0,penurie (vide)
velib,Paris,58fe68f9c265ec7ac773eb61eb172ea8,Odessa - Départ,0.132,5.0,33.0,38.0,0.0,0.0,48.843,2.324,5.0,0.0,penurie (vide)
velib,Paris,591a785f40e5173034f8b867c16f41fe,Mairie de La Garenne Colombes,0.773,17.0,5.0,22.0,0.0,0.0,48.907,2.247,17.0,0.0,penurie (vide)
velib,Paris,59758c9a187ab61d902e4c599986e3c3,Gérando - Rochechouart,0.0,0.0,20.0,20.0,1.0,0.0,48.883,2.346,0.0,1.0,penurie (vide)
velib,Paris,599ba9ea3625cc347e892274d793ba38,Bosquet - Saint-Dominique,0.75,21.0,7.0,28.0,0.0,0.0,48.859,2.304,21.0,0.0,penurie (vide)
velib,Paris,59c0c31cf9b162c068be9f3ef77070d8,Suffren - Pérignon,0.556,25.0,20.0,45.0,0.0,0.0,48.847,2.307,25.0,0.0,penurie (vide)
velib,Paris,59f355492ad3a784fdba53e67467b207,Charonne - Robert et Sonia Delaunay,0.1,2.0,18.0,20.0,0.0,0.0,48.856,2.393,2.0,0.0,penurie (vide)
velib,Paris,5a06c91f1c491c0335750a3bd2cb79e8,Marché Saint-Germain,0.333,7.0,14.0,21.0,0.0,0.0,48.852,2.336,7.0,0.0,penurie (vide)
velib,Paris,5a4d2ed672fe6e9025d264be9a1ac084,Française - Etienne Marcel,0.028,1.0,35.0,36.0,0.0,0.0,48.864,2.348,1.0,0.0,penurie (vide)
velib,Paris,5a7ba29f2cb6e5321929a4622e0466db,Roquette - Folie Regnault,0.096,5.0,47.0,52.0,0.0,0.0,48.859,2.387,5.0,0.0,penurie (vide)
velib,Paris,5ad9d6f7accf003521cdb6809fab3dc7,Saint-Honoré - Musée du Louvre,0.933,28.0,2.0,30.0,0.0,0.0,48.863,2.335,28.0,0.0,penurie (vide)
velib,Paris,5b1fa1760874c32ab00f5f7d7868744b,Les Blagis,0.16,4.0,21.0,25.0,0.0,0.0,48.785,2.303,4.0,0.0,penurie (vide)
velib,Paris,5b28c22d222f28249528d03c417d3f16,Raymond Poincaré - Place Victor Hugo,0.16,4.0,21.0,25.0,0.0,0.0,48.87,2.285,4.0,0.0,penurie (vide)
velib,Paris,5b5eb9e7584013b19ee1436863a9847f,Pereire - Rennequin,0.619,13.0,8.0,21.0,0.0,0.0,48.884,2.295,13.0,0.0,penurie (vide)
velib,Paris,5badff6831123b5a67e49cacd1fa67ac,Square des Amandiers,0.04,1.0,24.0,25.0,0.0,0.0,48.866,2.389,1.0,0.0,penurie (vide)
velib,Paris,5bbe3ddccd0a479b991ea8fbb9ec9695,Porte d'Auteuil,0.333,11.0,22.0,33.0,0.0,0.0,48.848,2.261,11.0,0.0,penurie (vide)
velib,Paris,5bef3033751fd119b44503f7569282ae,Nicolaï - Charenton,0.182,8.0,36.0,44.0,0.0,0.0,48.835,2.393,8.0,0.0,penurie (vide)
velib,Paris,5c2639c19391b5ecbc5fa57b45a699d2,Mairie du 18ème,0.0,0.0,39.0,39.0,1.0,0.0,48.893,2.345,0.0,1.0,penurie (vide)
velib,Paris,5c2cc3d86482f8eb7a2024c4c0a6c6a7,Pyrénées - Ménilmontant,0.038,1.0,25.0,26.0,0.0,0.0,48.869,2.395,1.0,0.0,penurie (vide)
velib,Paris,5c31d3c9102ee36744dbd80d7728cd1a,Résistance - Hoche,0.034,1.0,28.0,29.0,0.0,0.0,48.864,2.436,1.0,0.0,penurie (vide)
velib,Paris,5c6685a20651eb72e17dd12195420471,Pierre Demours - Laugier,0.189,7.0,30.0,37.0,0.0,0.0,48.881,2.295,7.0,0.0,penurie (vide)
velib,Paris,5cb8c5a256ce3ec664bcd28429052846,Réaumur - Montmartre,0.105,4.0,34.0,38.0,0.0,0.0,48.868,2.345,4.0,0.0,penurie (vide)
velib,Paris,5cc8f47571f1fbacc37b07b700ded02e,De Toqueville - Terrasse,0.2,6.0,24.0,30.0,0.0,0.0,48.882,2.314,6.0,0.0,penurie (vide)
velib,Paris,5cea0280af29439c53a67719ef3523dd,Iles de Loisirs de Créteil,0.25,6.0,18.0,24.0,0.0,0.0,48.78,2.446,6.0,0.0,penurie (vide)
velib,Paris,5cf3b0f1e9826108771f269dfce91df2,Guichet - Jean Jaurès,0.107,3.0,25.0,28.0,0.0,0.0,48.905,2.302,3.0,0.0,penurie (vide)
velib,Paris,5d409fbc3eedd8c0391fd021b055855e,Emile Reynaud - Porte de la Villette ,0.143,3.0,18.0,21.0,0.0,0.0,48.901,2.389,3.0,0.0,penurie (vide)
velib,Paris,5d71e734c3ba190fca3cc0e653b69597,Quai Voltaire,1.0,32.0,0.0,32.0,0.0,1.0,48.859,2.331,32.0,1.0,saturation (pleine)
velib,Paris,5d72fe66321350e4ac6aaca586fae6c5,Hautpoul - Jean Jaurès,0.033,1.0,29.0,30.0,0.0,0.0,48.886,2.387,1.0,0.0,penurie (vide)
velib,Paris,5d9d89d03e173d1a15f2faa9e8c9a839,Chausson - Gabriel Péri,0.667,14.0,7.0,21.0,0.0,0.0,48.922,2.295,14.0,0.0,penurie (vide)
velib,Paris,5e0300976302386725fcf174d74af436,Pau Casals - Neuve Tolbiac,0.974,74.0,2.0,76.0,0.0,0.0,48.831,2.377,74.0,0.0,penurie (vide)
velib,Paris,5e105726e01c9c076168257bbc2b049e,Granges aux Belles - Hôpital Saint-Louis,0.053,3.0,54.0,57.0,0.0,0.0,48.875,2.367,3.0,0.0,penurie (vide)
velib,Paris,5eb5db9c41d17700a148122ad509c735,Buffon - Jardin des Plantes,0.467,14.0,16.0,30.0,0.0,0.0,48.843,2.362,14.0,0.0,penurie (vide)
velib,Paris,5f705fa8749379a07ed113903c77e5d9,Hôpital Mondor,0.741,20.0,7.0,27.0,0.0,0.0,48.799,2.454,20.0,0.0,penurie (vide)
velib,Paris,5f7f1a88b8c27c0429d439b6e5f6ea71,Bercy - Traversiére,1.0,30.0,0.0,30.0,0.0,1.0,48.846,2.37,30.0,1.0,saturation (pleine)
velib,Paris,5fe45802ea2c9fbcb50f1dfbae649682,Rampal - Belleville,0.053,1.0,18.0,19.0,0.0,0.0,48.873,2.38,1.0,0.0,penurie (vide)
velib,Paris,60016166754ab9b88d6a7bbd3928c08f,Place Eustache Deschamps,0.421,8.0,11.0,19.0,0.0,0.0,48.794,2.337,8.0,0.0,penurie (vide)
velib,Paris,60873b537f43d902e22dfeb66a9e98f3,Jules Guesdes - Carnot,0.625,10.0,6.0,16.0,0.0,0.0,48.938,2.351,10.0,0.0,penurie (vide)
velib,Paris,60e455c02d1a9c60e92e8bea5e3004de,Marcel Yol - Jullien,0.138,4.0,25.0,29.0,0.0,0.0,48.825,2.287,4.0,0.0,penurie (vide)
velib,Paris,61c3ce6255fa7faffe02f7d5ee8e7e81,Président Roosevelt - Rouget de Lisle,0.875,35.0,5.0,40.0,0.0,0.0,48.83,2.262,35.0,0.0,penurie (vide)
velib,Paris,61e5c46fd1462b710c8aeea3ec8c2c60,Bruant - Vincent Auriol,0.87,20.0,3.0,23.0,0.0,0.0,48.835,2.367,20.0,0.0,penurie (vide)
velib,Paris,626aae3b367a4cfa9dde9e771cd171e2,Henry Farman,1.0,16.0,0.0,16.0,0.0,1.0,48.834,2.271,16.0,1.0,saturation (pleine)
velib,Paris,627503e5338e7a6cf374105842af17a0,Caulaincourt - Place Constantin Pecqueur,0.07,3.0,40.0,43.0,0.0,0.0,48.89,2.338,3.0,0.0,penurie (vide)
velib,Paris,627c66d91bfcb0cd2bc516f92002ca99,Averroès - Aimé Césaire,0.438,7.0,9.0,16.0,0.0,0.0,48.914,2.413,7.0,0.0,penurie (vide)
velib,Paris,628546ab87318c1235d4e487e16d6903,Marignan - Champs-Elysées,0.641,25.0,14.0,39.0,0.0,0.0,48.869,2.307,25.0,0.0,penurie (vide)
velib,Paris,62f3254534266bbed321e50393217e5b,Larmeroux - Baudelaire,0.138,4.0,25.0,29.0,0.0,0.0,48.817,2.281,4.0,0.0,penurie (vide)
velib,Paris,6314044c1fec5974e9b45d3ddd2bdf3b,Leredde - Tolbiac,0.273,12.0,32.0,44.0,0.0,0.0,48.829,2.374,12.0,0.0,penurie (vide)
velib,Paris,6326b14961097287778d5449f4f5a5fb,Courcelles - Place des Ternes,0.129,4.0,27.0,31.0,0.0,0.0,48.878,2.299,4.0,0.0,penurie (vide)
velib,Paris,632db7a3d56b70eaea8fa3b0074ea060,Terroirs de France - Lheureux,0.891,49.0,6.0,55.0,0.0,0.0,48.832,2.389,49.0,0.0,penurie (vide)
velib,Paris,6333a1ba99c874b88d09e4639192be74,Maxime Gorki - Paul Vaillant-Couturier,0.15,3.0,17.0,20.0,0.0,0.0,48.797,2.368,3.0,0.0,penurie (vide)
velib,Paris,635faae0207b4471672667ae804cbd62,Arthur Ranc - Hôpital Bichat,0.48,12.0,13.0,25.0,0.0,0.0,48.898,2.334,12.0,0.0,penurie (vide)
velib,Paris,6360510e3a5f3d5e209bb2f57c83946d,Créteil Pompadour,0.182,8.0,36.0,44.0,0.0,0.0,48.773,2.435,8.0,0.0,penurie (vide)
velib,Paris,637d5379be40fbdb4601b18db683a06b,Gare RER,0.536,15.0,13.0,28.0,0.0,0.0,48.896,2.458,15.0,0.0,penurie (vide)
velib,Paris,6387eaf99dbe327adaab47babd7a913d,Parc Suzanne Lenglen,0.98,50.0,1.0,51.0,0.0,0.0,48.833,2.277,50.0,0.0,penurie (vide)
velib,Paris,63982bf8351763c93d94c566d0cf3b01,Lac Daumesnil - Saint-Maurice,0.12,6.0,44.0,50.0,0.0,0.0,48.828,2.418,6.0,0.0,penurie (vide)
velib,Paris,63d676ef7a95b94ac1065c8ed479c0cd,Haut du Mont-Mesly,0.211,4.0,15.0,19.0,0.0,0.0,48.78,2.469,4.0,0.0,penurie (vide)
velib,Paris,6434dada42d90673e795af597169531d,Hôtel de Ville de Fontenay-aux-Roses,0.059,2.0,32.0,34.0,0.0,0.0,48.791,2.287,2.0,0.0,penurie (vide)
velib,Paris,6461710be86ebba24622c18e83566e25,Londres - Europe,0.407,11.0,16.0,27.0,0.0,0.0,48.879,2.325,11.0,0.0,penurie (vide)
velib,Paris,6481289a7dcd0ca44f1a0de513116197,Jouffroy d'Abbans - Malesherbes,0.259,7.0,20.0,27.0,0.0,0.0,48.885,2.307,7.0,0.0,penurie (vide)
velib,Paris,656546f7b09611cd89f2eae9c4b8b141,Gabriel Péri - Jules Ferry,0.68,17.0,8.0,25.0,0.0,0.0,48.926,2.391,17.0,0.0,penurie (vide)
velib,Paris,66011897fd7101a7bb10b9e85558fe53,Evariste Galois,0.0,0.0,21.0,21.0,1.0,0.0,48.873,2.413,0.0,1.0,penurie (vide)
velib,Paris,6601de08f7e23983c000398043585558,Paul Signac - Aristide Briand,0.0,0.0,35.0,35.0,1.0,0.0,48.87,2.45,0.0,1.0,penurie (vide)
velib,Paris,660c4f1931862fb44696bdb9a0526799,Place de la Reine Astrid,0.789,45.0,12.0,57.0,0.0,0.0,48.865,2.303,45.0,0.0,penurie (vide)
velib,Paris,670bf978de4b76803dee6983a7042953,Danielle Casanova - Opéra,0.95,19.0,1.0,20.0,0.0,0.0,48.868,2.333,19.0,0.0,penurie (vide)
velib,Paris,670de043230e3acedb313e4f8ef3abb3,Jean Jaurès - Paul Lafargue,0.962,25.0,1.0,26.0,0.0,0.0,48.885,2.248,25.0,0.0,penurie (vide)
velib,Paris,67447a40039cae5e6f47f8ffb8fd2b26,Square Louis XVI,0.69,20.0,9.0,29.0,0.0,0.0,48.873,2.324,20.0,0.0,penurie (vide)
velib,Paris,677733930199bba381b05cb4671c686a,Gare Montparnasse - Vaugirard,0.348,23.0,43.0,66.0,0.0,0.0,48.842,2.32,23.0,0.0,penurie (vide)
velib,Paris,678e7a75eb4feea5c40b9228f2961edd,Jardins d'Eole,0.1,2.0,18.0,20.0,0.0,0.0,48.887,2.367,2.0,0.0,penurie (vide)
velib,Paris,67b871714c5747e4b27c22703cf13013,Jean Oestreicher - Porte de Champerret,0.3,6.0,14.0,20.0,0.0,0.0,48.887,2.289,6.0,0.0,penurie (vide)
velib,Paris,67b9665dbf6be35ef311f28fc1cdd303,Madeleine Vionnet,0.976,40.0,1.0,41.0,0.0,0.0,48.903,2.374,40.0,0.0,penurie (vide)
velib,Paris,67d3021bbcb8a76cd7d8bb1ea1e64dc9,Jean Bologne - Passy,0.056,1.0,17.0,18.0,0.0,0.0,48.858,2.28,1.0,0.0,penurie (vide)
velib,Paris,6804f69932aa639140cd339c2d3033a8,Raspail - Chomel,0.429,21.0,28.0,49.0,0.0,0.0,48.852,2.327,21.0,0.0,penurie (vide)
velib,Paris,680fd30c77c24aee346d88a423352c07,Benjamin Delessert - Jean Lolive,0.375,6.0,10.0,16.0,0.0,0.0,48.894,2.418,6.0,0.0,penurie (vide)
velib,Paris,681dc5faed71ff141b9538db0677139b,Piat - Parc de Belleville,0.143,3.0,18.0,21.0,0.0,0.0,48.872,2.385,3.0,0.0,penurie (vide)
velib,Paris,6881d1cf44f5cefd9ad4f9647db8af22,Place de la Porte de Champeret,0.333,9.0,18.0,27.0,0.0,0.0,48.886,2.292,9.0,0.0,penurie (vide)
velib,Paris,68a0859b6014cb5598a5df4ad1f51f37,Jules Guesde - Laennec,0.167,3.0,15.0,18.0,0.0,0.0,48.876,2.501,3.0,0.0,penurie (vide)
velib,Paris,68ca854e2c39a7982b5464638cad53e9,Résistance - Parmentier,0.5,17.0,17.0,34.0,0.0,0.0,48.86,2.437,17.0,0.0,penurie (vide)
velib,Paris,693bb23d822ab432a22b0f2b9e4614a1,Square de la rue Pixérécourt,0.0,0.0,44.0,44.0,1.0,0.0,48.874,2.396,0.0,1.0,penurie (vide)
velib,Paris,695c2cd3ffaa9eb3fc72fd36f5930ea1,Albert Kahn - Duhesme,0.054,2.0,35.0,37.0,0.0,0.0,48.896,2.346,2.0,0.0,penurie (vide)
velib,Paris,69dc7c72e30b8bf012e18432a41ecb35,Véron - Lepic,0.0,0.0,19.0,19.0,1.0,0.0,48.885,2.335,0.0,1.0,penurie (vide)
velib,Paris,69e8e95c360a5d1ebf083fc2ad11e332,Paul Bodin - Clichy,0.161,5.0,26.0,31.0,0.0,0.0,48.893,2.317,5.0,0.0,penurie (vide)
velib,Paris,69ea3da4aca764e814d2df353fd3dcc1,Place d'Italie - Soeur Rosalie,0.059,3.0,48.0,51.0,0.0,0.0,48.832,2.355,3.0,0.0,penurie (vide)
velib,Paris,6a2afbbf8bede56b4edb7c3ebade0e6c,Grande Truanderie - Saint-Denis,0.133,4.0,26.0,30.0,0.0,0.0,48.863,2.35,4.0,0.0,penurie (vide)
velib,Paris,6a2c14f71aefa51eaad2cda6c1e6d220,Conservatoire de Musique,0.16,4.0,21.0,25.0,0.0,0.0,48.771,2.403,4.0,0.0,penurie (vide)
velib,Paris,6a51885695884a884bbc51e4ad276c63,Place des Victoires,1.0,23.0,0.0,23.0,0.0,1.0,48.866,2.342,23.0,1.0,saturation (pleine)
velib,Paris,6a847ac4b705e2863bba9460a0b320fe,Le Brun - Gobelins,0.083,4.0,44.0,48.0,0.0,0.0,48.835,2.353,4.0,0.0,penurie (vide)
velib,Paris,6ab04d33c2786fdee83912ebd000afe1,Place Balard,1.0,31.0,0.0,31.0,0.0,1.0,48.836,2.278,31.0,1.0,saturation (pleine)
velib,Paris,6b1f2d11be3fd0eca68fa47eb2831604,Lobau - Hôtel de Ville,0.441,26.0,33.0,59.0,0.0,0.0,48.856,2.353,26.0,0.0,penurie (vide)
velib,Paris,6b23eb8e0e5648bd5dab1e5c23c0819d,Villette - Belleville,0.068,3.0,41.0,44.0,0.0,0.0,48.873,2.376,3.0,0.0,penurie (vide)
velib,Paris,6b3146891becc31ec966f04c191a3f41,Louis Xavier de Ricard - Ancienne Mairie,0.375,12.0,20.0,32.0,0.0,0.0,48.846,2.472,12.0,0.0,penurie (vide)
velib,Paris,6b80112d3ff3ceced1d3f6755d6ea52c,Docteur Calmette - Martre,0.259,7.0,20.0,27.0,0.0,0.0,48.899,2.309,7.0,0.0,penurie (vide)
velib,Paris,6bc6f2d8fdc3834725d146dcf9357fda,Reuilly - Place Felix Eboue,0.167,7.0,35.0,42.0,0.0,0.0,48.84,2.395,7.0,0.0,penurie (vide)
velib,Paris,6c13526853cc9b99ae8dca138948813d,René Boulanger - Lancry,0.091,3.0,30.0,33.0,0.0,0.0,48.869,2.36,3.0,0.0,penurie (vide)
velib,Paris,6c2c25c661c7887ad23c1d9888275333,Charonne - Bureau,0.17,8.0,39.0,47.0,0.0,0.0,48.854,2.396,8.0,0.0,penurie (vide)
velib,Paris,6c4cbabf7296437901d571faac6c58ab,Youri Gagarine - Commune de Paris,0.581,18.0,13.0,31.0,0.0,0.0,48.782,2.394,18.0,0.0,penurie (vide)
velib,Paris,6c75657634e0c4b55692a4d544c776e4,Saint-Mandé - Fabre d'Eglantine,0.059,2.0,32.0,34.0,0.0,0.0,48.845,2.397,2.0,0.0,penurie (vide)
velib,Paris,6c79e98afe3bff87a4889679567d3449,Flandre - Riquet,0.053,1.0,18.0,19.0,0.0,0.0,48.888,2.374,1.0,0.0,penurie (vide)
velib,Paris,6c7f1d70ea73bcb103aaf47f39917fb1,Championnet.,0.15,3.0,17.0,20.0,0.0,0.0,48.895,2.35,3.0,0.0,penurie (vide)
velib,Paris,6ca396381dc2e5d8d179d85ae3555abd,Indre - Prairies,0.054,2.0,35.0,37.0,0.0,0.0,48.863,2.403,2.0,0.0,penurie (vide)
velib,Paris,6cbe15611593e1cffd0a9abf54aeffc8,Gare de Lyon - Place Louis Armand,0.842,48.0,9.0,57.0,0.0,0.0,48.846,2.373,48.0,0.0,penurie (vide)
velib,Paris,6cff08acfffcc9b4dce991d1b4989375,Hôtel de Ville - Adrienne Bolland,0.233,7.0,23.0,30.0,0.0,0.0,48.905,2.446,7.0,0.0,penurie (vide)
velib,Paris,6d02e56c206d9ad59d18de86a2d803e9,Pont De Charenton,0.944,17.0,1.0,18.0,0.0,0.0,48.818,2.42,17.0,0.0,penurie (vide)
velib,Paris,6d5f0ea757d3d4afdd55dfbee5e5c64e,Square Simon Bolivar,0.087,2.0,21.0,23.0,0.0,0.0,48.875,2.383,2.0,0.0,penurie (vide)
velib,Paris,6d66ea4f4a91618d90c2d38dce144c93,Quai de Sèvres - Manufacture Nationale,0.962,25.0,1.0,26.0,0.0,0.0,48.829,2.225,25.0,0.0,penurie (vide)
velib,Paris,6d7a65475d1cd37432ee07f95fb22782,Reynaldo Hahn - Lagny,0.056,1.0,17.0,18.0,0.0,0.0,48.849,2.412,1.0,0.0,penurie (vide)
velib,Paris,6d7a9c41afcf314160762197077516f4,Bastille - Beaumarchais,0.333,7.0,14.0,21.0,0.0,0.0,48.854,2.369,7.0,0.0,penurie (vide)
velib,Paris,6d8a6fb7c3cdf48ab6b9ad80c5daa479,Mairie d'Issy,0.878,36.0,5.0,41.0,0.0,0.0,48.824,2.272,36.0,0.0,penurie (vide)
velib,Paris,6d94e7063eddead1f7d1d94741f00c40,Champeaux - Gallieni,0.091,4.0,40.0,44.0,0.0,0.0,48.864,2.416,4.0,0.0,penurie (vide)
velib,Paris,6dfb5192fb139d203175e04219fea536,Louis Lejeune - Barbès,0.6,15.0,10.0,25.0,0.0,0.0,48.818,2.327,15.0,0.0,penurie (vide)
velib,Paris,6e0dbb5b877eec618e2b40acdfcc6bb8,Mairie du 12ème,0.429,12.0,16.0,28.0,0.0,0.0,48.841,2.388,12.0,0.0,penurie (vide)
velib,Paris,6e7fe18ebf59e6fe8ce09971877dfa37,Madagascar - Meuniers,0.087,4.0,42.0,46.0,0.0,0.0,48.835,2.397,4.0,0.0,penurie (vide)
velib,Paris,6e83356e72ec27f60425108ea2b3e4a4,Stade de France - Francis de Pressensé,0.682,30.0,14.0,44.0,0.0,0.0,48.919,2.362,30.0,0.0,penurie (vide)
velib,Paris,6e865da9c84be25fa89686b823e8c43f,Rouget de Lisle,0.529,18.0,16.0,34.0,0.0,0.0,48.765,2.407,18.0,0.0,penurie (vide)
velib,Paris,6eb8825f820d60b3d97416cf5aa6d06b,Général Martial Valin - Pont du Garigliano,0.938,15.0,1.0,16.0,0.0,0.0,48.838,2.271,15.0,0.0,penurie (vide)
velib,Paris,6ef7ab5bf9f169d23ecf040788d64c5f,Saint-Honoré - 29 juillet,0.444,8.0,10.0,18.0,0.0,0.0,48.866,2.331,8.0,0.0,penurie (vide)
velib,Paris,6f163843456db2f12326bdcb36a7a448,Archives - Pastourelle,0.893,25.0,3.0,28.0,0.0,0.0,48.862,2.36,25.0,0.0,penurie (vide)
velib,Paris,6f6e68db5cb71ab4f63447f6d87d4d7e,Louis Armand - Bernard Palissy,0.952,20.0,1.0,21.0,0.0,0.0,48.917,2.313,20.0,0.0,penurie (vide)
velib,Paris,6f6f1f5431a7e2c27a603aef058bed71,Saint-Jacques - Soufflot,0.267,4.0,11.0,15.0,0.0,0.0,48.846,2.343,4.0,0.0,penurie (vide)
velib,Paris,6f758e5af2327521e408ec046d8bd838,Halle Freyssinet - Parvis Alan Turing,1.0,37.0,0.0,37.0,0.0,1.0,48.833,2.371,37.0,1.0,saturation (pleine)
velib,Paris,6f88ea4da712ac28d99e44f06154901a,Gare Arcueil - Cachan,0.88,22.0,3.0,25.0,0.0,0.0,48.8,2.328,22.0,0.0,penurie (vide)
velib,Paris,6fa0041144d81e5767dfcfe14827a9e5,Decrès - Alésia,0.067,2.0,28.0,30.0,0.0,0.0,48.832,2.314,2.0,0.0,penurie (vide)
velib,Paris,708acae760e37ba6e3c808518cf4bab9,Naples - Rome,0.08,2.0,23.0,25.0,0.0,0.0,48.88,2.321,2.0,0.0,penurie (vide)
velib,Paris,70d345261b0074723823359f223f273d,Jean Jaurès - Bouret,0.28,7.0,18.0,25.0,0.0,0.0,48.883,2.371,7.0,0.0,penurie (vide)
velib,Paris,71308f42372767bb03fbb56021e1f5b1,Ecole Militaire - Place Joffre,0.615,16.0,10.0,26.0,0.0,0.0,48.852,2.302,16.0,0.0,penurie (vide)
velib,Paris,714f99ee52cc477714e0d084246e9038,Bourdonnais - Tour Eiffel,0.644,38.0,21.0,59.0,0.0,0.0,48.861,2.296,38.0,0.0,penurie (vide)
velib,Paris,71aded7e7b3842115325ee49a15e6522,Marseille - Beaurepaire,0.151,8.0,45.0,53.0,0.0,0.0,48.872,2.364,8.0,0.0,penurie (vide)
velib,Paris,71bc26f2ebf392c4c0aa5c189bf97dd2,Franciade - Gabriel Péri,0.667,14.0,7.0,21.0,0.0,0.0,48.933,2.356,14.0,0.0,penurie (vide)
velib,Paris,720b992168dfaf617e180c5ac09f6ffe,Mûriers - Père Lachaise,0.0,0.0,20.0,20.0,1.0,0.0,48.864,2.392,0.0,1.0,penurie (vide)
velib,Paris,72140933e9dd791b9f71da9035791ac8,Séminaire de Conflans - Liberté,0.76,19.0,6.0,25.0,0.0,0.0,48.823,2.404,19.0,0.0,penurie (vide)
velib,Paris,723ed2a530c8ac46bbeb6d87ede77194,Mairie du 11ème,0.549,28.0,23.0,51.0,0.0,0.0,48.859,2.379,28.0,0.0,penurie (vide)
velib,Paris,725d29d84f7137c5578500a657301181,Bienfaisance - Place de Narvik,0.833,30.0,6.0,36.0,0.0,0.0,48.877,2.313,30.0,0.0,penurie (vide)
velib,Paris,7268faf54f66d26bfcde7f0cf3396b50,Morillons - Dantzig,0.137,7.0,44.0,51.0,0.0,0.0,48.833,2.299,7.0,0.0,penurie (vide)
velib,Paris,72a0291ab5eed79b7edd30e648034cf2,André Theuriet - Blagis,0.964,27.0,1.0,28.0,0.0,0.0,48.78,2.313,27.0,0.0,penurie (vide)
velib,Paris,72cdc7f2b8b1b5e56951a1d47d34eecf,8 Mai 1945 - 10 Juillet 1940,0.7,21.0,9.0,30.0,0.0,0.0,48.785,2.398,21.0,0.0,penurie (vide)
velib,Paris,7321eda6529f6da9b6df36a4d1074102,Tardieu - Chappe,0.0,0.0,15.0,15.0,1.0,0.0,48.884,2.342,0.0,1.0,penurie (vide)
velib,Paris,741cc63c0e156a9c9e020c0bccc9b724,Cimetière de Boulogne-Billancourt,0.875,35.0,5.0,40.0,0.0,0.0,48.831,2.252,35.0,0.0,penurie (vide)
velib,Paris,743adb8b95db35d000d7dc5429c44497,Clef des Champs - Albert Dhalenne,0.786,22.0,6.0,28.0,0.0,0.0,48.915,2.331,22.0,0.0,penurie (vide)
velib,Paris,746131ad4dcba556a6c67ba17bd83cc7,Reims - Porte d'Asnières,0.577,15.0,11.0,26.0,0.0,0.0,48.892,2.3,15.0,0.0,penurie (vide)
velib,Paris,74ca5235baf4f12dd6aff2e56acac915,Pesaro - Préfecture,0.619,13.0,8.0,21.0,0.0,0.0,48.896,2.224,13.0,0.0,penurie (vide)
velib,Paris,7507124b8a32edb1b192ce9ba2eec477,Louis le Grand - Italiens,1.0,32.0,0.0,32.0,0.0,1.0,48.871,2.334,32.0,1.0,saturation (pleine)
velib,Paris,7512cf00c80212a6a052264fad1e85bd,Bateliers - Hippodrome,,0.0,0.0,0.0,1.0,1.0,48.912,2.328,,1.0,penurie (vide)
velib,Paris,75577927f1cca5915590bc2d46e1b5c8,Froment - Bréguet,0.651,28.0,15.0,43.0,0.0,0.0,48.857,2.373,28.0,0.0,penurie (vide)
velib,Paris,756211affb67f45b0cf7cbca754ddc35,Parc Floral du Bel Air,0.24,6.0,19.0,25.0,0.0,0.0,48.839,2.439,6.0,0.0,penurie (vide)
velib,Paris,75c417c121c5c1d315ba5132048763be,Place Falguière,0.0,0.0,22.0,22.0,1.0,0.0,48.836,2.31,0.0,1.0,penurie (vide)
velib,Paris,76240150d4ee35e563b890f0721b592c,Jacques Callot - Mazarine,0.25,7.0,21.0,28.0,0.0,0.0,48.855,2.338,7.0,0.0,penurie (vide)
velib,Paris,76692ca3f594c2495dac1aa4f6779829,Estienne d'Orves - Henri Ginoux,0.065,2.0,29.0,31.0,0.0,0.0,48.815,2.321,2.0,0.0,penurie (vide)
velib,Paris,7678b523b0deb45d09512d7129af7355,Réunion - Avron,0.038,1.0,25.0,26.0,0.0,0.0,48.853,2.404,1.0,0.0,penurie (vide)
velib,Paris,768ddc2b2ca4a55976019dd0b9f6433d,Belidor - Gouvion-Saint-Cyr,0.128,5.0,34.0,39.0,0.0,0.0,48.88,2.285,5.0,0.0,penurie (vide)
velib,Paris,76a447473beff5d431a203199e839ed9,Petit - Georges Thill,0.182,4.0,18.0,22.0,0.0,0.0,48.886,2.39,4.0,0.0,penurie (vide)
velib,Paris,76ae8b1d3d0c67d29fa57692fa306fc8,Taitbout - Châteaudun,0.396,21.0,32.0,53.0,0.0,0.0,48.876,2.335,21.0,0.0,penurie (vide)
velib,Paris,76d14169d75a0edb8e8ea3a458e371cb,Cambronne - Mademoiselle,0.431,28.0,37.0,65.0,0.0,0.0,48.843,2.302,28.0,0.0,penurie (vide)
velib,Paris,76d33163a756fcfe97d74ab87ae2722d,Faubourg Poissonnière - Dunkerque,0.0,0.0,30.0,30.0,1.0,0.0,48.881,2.35,0.0,1.0,penurie (vide)
velib,Paris,76d95de2fa489b3287c50f7b8fa43992,Rond-point du Dr Albert Schweitzer,0.619,13.0,8.0,21.0,0.0,0.0,48.79,2.314,13.0,0.0,penurie (vide)
velib,Paris,77323e3c46650ca40881e62356cdd809,Charlot - Stade Gabriel Voisin,0.793,23.0,6.0,29.0,0.0,0.0,48.827,2.268,23.0,0.0,penurie (vide)
velib,Paris,7735a7f0adb007c57c93516c90cc5612,Parmentier - Fontaine au Roi,0.085,4.0,43.0,47.0,0.0,0.0,48.868,2.373,4.0,0.0,penurie (vide)
velib,Paris,773aa12714642d2db324733a49a8d0aa,Mairie d'Ivry-sur-Seine,0.804,41.0,10.0,51.0,0.0,0.0,48.811,2.384,41.0,0.0,penurie (vide)
velib,Paris,7769eff98d6c531912c7142de0a0b9d1,Maurice d'Ocagne - General Maudhuy,0.033,1.0,29.0,30.0,0.0,0.0,48.824,2.316,1.0,0.0,penurie (vide)
velib,Paris,779832466a75e60f656a9a3ad33a1d1e,Beaumarchais - Saint-Gilles,0.118,6.0,45.0,51.0,0.0,0.0,48.858,2.368,6.0,0.0,penurie (vide)
velib,Paris,77b337a27e18263ea6c62df64af7c441,René Coty - Place Denfert-Rochereau,0.167,6.0,30.0,36.0,0.0,0.0,48.833,2.333,6.0,0.0,penurie (vide)
velib,Paris,77b7084d5a9a678cbf1f0c17356a4f86,Martignac - Grenelle,0.28,7.0,18.0,25.0,0.0,0.0,48.858,2.319,7.0,0.0,penurie (vide)
velib,Paris,77d33d7defdf65816fbd6a5919b0b299,Thouin - Cardinal Lemoine,0.118,2.0,15.0,17.0,0.0,0.0,48.845,2.349,2.0,0.0,penurie (vide)
velib,Paris,7804facd4c662c6162f7ef4d4de020d6,Esplanade du Foncet - Camille Desmoulins,1.0,28.0,0.0,28.0,0.0,1.0,48.827,2.261,28.0,1.0,saturation (pleine)
velib,Paris,780ad61f388cfbe42a9cb041d5084d4f,Amédée Huon - Fort d'Ivry,0.8,24.0,6.0,30.0,0.0,0.0,48.805,2.388,24.0,0.0,penurie (vide)
velib,Paris,782947ad7a5d7a2455bb62bb3f1647b9,Pereire - Ternes,0.021,1.0,47.0,48.0,0.0,0.0,48.88,2.288,1.0,0.0,penurie (vide)
velib,Paris,783f984c18ca7ee73262b89e951b6c07,Hôtel de Ville de Levallois Perret,0.32,8.0,17.0,25.0,0.0,0.0,48.893,2.289,8.0,0.0,penurie (vide)
velib,Paris,78b0c1c2a9b18f24ef024257370b66be,Legendre - Dulong,0.087,2.0,21.0,23.0,0.0,0.0,48.885,2.316,2.0,0.0,penurie (vide)
velib,Paris,78c4b10cec0bd84b4956be84120c1546,Coquillière - Louvre,0.75,15.0,5.0,20.0,0.0,0.0,48.864,2.343,15.0,0.0,penurie (vide)
velib,Paris,78e3071882b1e611eecbcd1724458d34,Jean Lolive - Parc Stalingrad,0.5,10.0,10.0,20.0,0.0,0.0,48.892,2.409,10.0,0.0,penurie (vide)
velib,Paris,78ec9186acd18a0b30bd3156d24b9f8d,Benjamin Godard - Victor Hugo,0.429,15.0,20.0,35.0,0.0,0.0,48.866,2.276,15.0,0.0,penurie (vide)
velib,Paris,78f5a9bb8e18d04558fb96cc635dc44a,Vaugirard - Verrerie,1.0,25.0,0.0,25.0,0.0,1.0,48.821,2.237,25.0,1.0,saturation (pleine)
velib,Paris,7908885bc051e0f33d09a4402fcaa8ac,Hôpital Necker,0.667,26.0,13.0,39.0,0.0,0.0,48.846,2.313,26.0,0.0,penurie (vide)
velib,Paris,79e5a30a067af0b94e20431f2d6e855c,Vladimir Ilitch Lénine - Andrée Chedid,0.065,2.0,29.0,31.0,0.0,0.0,48.813,2.332,2.0,0.0,penurie (vide)
velib,Paris,7a55227599469e49e1f5dbadd2921c65,Cimetière d'Issy-les-Moulineaux,0.083,2.0,22.0,24.0,0.0,0.0,48.818,2.261,2.0,0.0,penurie (vide)
velib,Paris,7a6cf2471a1ce755690cc9f9c07add9f,Duhamel - André Gide,0.6,12.0,8.0,20.0,0.0,0.0,48.837,2.313,12.0,0.0,penurie (vide)
velib,Paris,7ab783be4cdea1002c13ba6cf9d6aa83,Pierre Larousse - Raymond Losserand,0.133,4.0,26.0,30.0,0.0,0.0,48.831,2.312,4.0,0.0,penurie (vide)
velib,Paris,7ad11b6e7ea15032c55a328e0389d49d,Alfred de Vigny - Place du Général Brocard,0.303,10.0,23.0,33.0,0.0,0.0,48.878,2.305,10.0,0.0,penurie (vide)
velib,Paris,7b04d2fde1d44c834c59833ec93b6bd3,Bruneseau - Quai d'Ivry,0.804,37.0,9.0,46.0,0.0,0.0,48.825,2.389,37.0,0.0,penurie (vide)
velib,Paris,7b353ebac8ff456e4ef3f00a7cdaff49,Parc Monceau,0.412,7.0,10.0,17.0,0.0,0.0,48.881,2.31,7.0,0.0,penurie (vide)
velib,Paris,7bfc511f2f3651b01e03a353496cfe16,Porte des Lilas - Faidherbe,0.057,2.0,33.0,35.0,0.0,0.0,48.879,2.412,2.0,0.0,penurie (vide)
velib,Paris,7c1631c4a4f01a4744b3d7c14fb3adc5,Point du Jour - Jean Jaurès,0.45,18.0,22.0,40.0,0.0,0.0,48.829,2.246,18.0,0.0,penurie (vide)
velib,Paris,7c170ff921cdea5c238904095152d77d,Théâtre - Lourmel,0.604,32.0,21.0,53.0,0.0,0.0,48.848,2.29,32.0,0.0,penurie (vide)
velib,Paris,7c58b341c5c0844331cdc2a812b666c8,Roland Garros - Jean Bouin,0.107,3.0,25.0,28.0,0.0,0.0,48.809,2.285,3.0,0.0,penurie (vide)
velib,Paris,7c9b9a23ad9fe63f8b1a61746881993a,Cléry - Montmartre,0.75,42.0,14.0,56.0,0.0,0.0,48.867,2.345,42.0,0.0,penurie (vide)
velib,Paris,7caaf63216ae02be12a826198641e5a6,Saint-Maur - Roquette,0.262,17.0,48.0,65.0,0.0,0.0,48.859,2.384,17.0,0.0,penurie (vide)
velib,Paris,7cb99d71fe6c85c697cca15b53a73854,Daumesnil - Picpus,0.45,9.0,11.0,20.0,0.0,0.0,48.837,2.402,9.0,0.0,penurie (vide)
velib,Paris,7cd657a96896e3c280736ede53091af6,Rottembourg - Général Michel Bizot,0.643,27.0,15.0,42.0,0.0,0.0,48.838,2.404,27.0,0.0,penurie (vide)
velib,Paris,7cef24b69cb01a3ea78805f16f4cf7e1,Henri Barbusse - Stalingrad,0.462,6.0,7.0,13.0,0.0,0.0,48.814,2.287,6.0,0.0,penurie (vide)
velib,Paris,7d145bbd89111d7193b951dfc6c02487,Caumartin - Provence,0.955,21.0,1.0,22.0,0.0,0.0,48.874,2.328,21.0,0.0,penurie (vide)
velib,Paris,7d4a1deff9c53059e2650658661a840c,Primo Levi - Frigos,0.382,13.0,21.0,34.0,0.0,0.0,48.831,2.38,13.0,0.0,penurie (vide)
velib,Paris,7d526832aa6f663934c380e5f78bacb3,Moscou - Edouard Vaillant,0.571,16.0,12.0,28.0,0.0,0.0,48.908,2.469,16.0,0.0,penurie (vide)
velib,Paris,7d6ba3781c835c4a552b373689b71188,Saint-Romain - Cherche-Midi,0.929,13.0,1.0,14.0,0.0,0.0,48.847,2.321,13.0,0.0,penurie (vide)
velib,Paris,7da27dac71c34dccfc69d1be53dde793,Gambetta - Tourelles,0.0,0.0,20.0,20.0,1.0,0.0,48.875,2.406,0.0,1.0,penurie (vide)
velib,Paris,7dec508bf9eb5166320961b9d5d46086,Davout - Volga,0.107,3.0,25.0,28.0,0.0,0.0,48.853,2.411,3.0,0.0,penurie (vide)
velib,Paris,7df77f9738f0852d4f434eb218cdfe41,Bordier - Félix Faure,0.167,8.0,40.0,48.0,0.0,0.0,48.904,2.383,8.0,0.0,penurie (vide)
velib,Paris,7df813454e9d096e9b681b05d95376fe,Jardin d'Acclimatation,0.394,13.0,20.0,33.0,0.0,0.0,48.879,2.271,13.0,0.0,penurie (vide)
velib,Paris,7e295427bc65e29626f90d52a934e3b1,Belleville - Pyrénées,0.025,1.0,39.0,40.0,0.0,0.0,48.874,2.386,1.0,0.0,penurie (vide)
velib,Paris,7e36c938c73f88c7802fbb47008c7a5e,Alexandre Dumas - Voltaire,0.192,14.0,59.0,73.0,0.0,0.0,48.853,2.389,14.0,0.0,penurie (vide)
velib,Paris,7e45bbe871f605d9f9e99ba9a0e07170,La Motte-Picquet - La Tour Maubourg,0.538,21.0,18.0,39.0,0.0,0.0,48.857,2.31,21.0,0.0,penurie (vide)
velib,Paris,7ed7da9dbe8eb6d68a9280817ef64fdc,Porte de la Villette,0.36,9.0,16.0,25.0,0.0,0.0,48.898,2.386,9.0,0.0,penurie (vide)
velib,Paris,7eddfddc58844d6d4c34b06ac41d8b5d,Fédération - Suffren,0.56,14.0,11.0,25.0,0.0,0.0,48.853,2.298,14.0,0.0,penurie (vide)
velib,Paris,7ee5e0361df559e7d3e154be71e7f316,Place de la Nation - Charonne,0.472,17.0,19.0,36.0,0.0,0.0,48.848,2.4,17.0,0.0,penurie (vide)
velib,Paris,7ef580273a8f00faf1801d35c09f9bbb,Ecole Vétérinaire,1.0,35.0,0.0,35.0,0.0,1.0,48.815,2.422,35.0,1.0,saturation (pleine)
velib,Paris,7f19f458f67464338660a1e2ade3c48c,Cimetière de Montmartre,0.023,1.0,42.0,43.0,0.0,0.0,48.886,2.333,1.0,0.0,penurie (vide)
velib,Paris,7f204913ba23709c929d2470cfd9218a,Square Etienne Jarousse,0.2,5.0,20.0,25.0,0.0,0.0,48.825,2.293,5.0,0.0,penurie (vide)
velib,Paris,7f597fd4deb148ebb2e0545b229e5bc7,Cité des Sciences et de l'Industrie,0.571,16.0,12.0,28.0,0.0,0.0,48.897,2.385,16.0,0.0,penurie (vide)
velib,Paris,7fa857d7b5503f01facbf6c0eea5a98f,Mairie du 14ème,0.219,7.0,25.0,32.0,0.0,0.0,48.833,2.325,7.0,0.0,penurie (vide)
velib,Paris,7fc31fcfefd948c62d6b9c2b04b10534,Assas - Rennes,0.742,23.0,8.0,31.0,0.0,0.0,48.849,2.329,23.0,0.0,penurie (vide)
velib,Paris,7fc3e4f54064acce831a1df660b1474c,Place Tony de Graaff,0.619,26.0,16.0,42.0,0.0,0.0,48.818,2.246,26.0,0.0,penurie (vide)
velib,Paris,7fd490acafba9293944d4820c8aa93e9,Vignerons - Minimes,0.31,9.0,20.0,29.0,0.0,0.0,48.841,2.431,9.0,0.0,penurie (vide)
velib,Paris,80778031e1a033712bfc3a27a190d5dd,Beaux-Arts - Bonaparte,0.25,5.0,15.0,20.0,0.0,0.0,48.856,2.335,5.0,0.0,penurie (vide)
velib,Paris,809068ab0c9f09c33ee62418690d73ed,Hôpital Bégin,0.846,22.0,4.0,26.0,0.0,0.0,48.846,2.427,22.0,0.0,penurie (vide)
velib,Paris,80d99e3a323117129b2639ce06f3fbce,Enghien - Faubourg Poissonnière,0.871,27.0,4.0,31.0,0.0,0.0,48.872,2.348,27.0,0.0,penurie (vide)
velib,Paris,80e7409eb7fe7c76c43c8a4d73d4cb73,Parmentier - Hôpital Saint-Louis,0.095,4.0,38.0,42.0,0.0,0.0,48.871,2.37,4.0,0.0,penurie (vide)
velib,Paris,81226f9fbddf1664d075edd369c5511b,Etienne Marcel - Montorgueil,0.179,5.0,23.0,28.0,0.0,0.0,48.865,2.346,5.0,0.0,penurie (vide)
velib,Paris,8167ee58e982deb8d87db08cf2252c52,ZAC des Louvresses,0.812,26.0,6.0,32.0,0.0,0.0,48.944,2.306,26.0,0.0,penurie (vide)
velib,Paris,817f3c10a4e1381e80037f9313a0f6e7,Ivry - Simone Weil,0.222,4.0,14.0,18.0,0.0,0.0,48.823,2.366,4.0,0.0,penurie (vide)
velib,Paris,81b5f3481817598a3b4b9017d8974c90,Bargue -  Dutot,0.19,4.0,17.0,21.0,0.0,0.0,48.838,2.309,4.0,0.0,penurie (vide)
velib,Paris,81c6917af57589f4738c3a3b55008ab8,Manin - Carrières d'Amérique,0.158,3.0,16.0,19.0,0.0,0.0,48.885,2.392,3.0,0.0,penurie (vide)
velib,Paris,8220455fba73126b12189b65c00d8984,Convention - Vaugirard,0.41,25.0,36.0,61.0,0.0,0.0,48.838,2.296,25.0,0.0,penurie (vide)
velib,Paris,822ef088981dcacb05d3874aa0e59212,Joffre - Aigle,0.45,9.0,11.0,20.0,0.0,0.0,48.904,2.245,9.0,0.0,penurie (vide)
velib,Paris,8235613994dae4894ef7b7ae432e599d,Pasteur - Cotentin,0.394,13.0,20.0,33.0,0.0,0.0,48.839,2.316,13.0,0.0,penurie (vide)
velib,Paris,826a4a953b490f00543e641a56887061,Place Jean Mermoz,0.345,10.0,19.0,29.0,0.0,0.0,48.922,2.272,10.0,0.0,penurie (vide)
velib,Paris,82afb3ca468026dfa2d45e3232c688f3,Championnet - Vauvenargues,0.194,6.0,25.0,31.0,0.0,0.0,48.894,2.332,6.0,0.0,penurie (vide)
velib,Paris,82be1e73fc5805fc36fdcbce8962a99b,Gare Rer de Fontenay sous Bois,0.148,9.0,52.0,61.0,0.0,0.0,48.844,2.463,9.0,0.0,penurie (vide)
velib,Paris,82df2ba836609fce7f480875b16b2650,Vieille du Temple - Francs Bourgeois,0.276,8.0,21.0,29.0,0.0,0.0,48.858,2.358,8.0,0.0,penurie (vide)
velib,Paris,830766d11da5990ccc5dced559f91b7a,Franklin Roosevelt - Kennedy,0.0,0.0,20.0,20.0,1.0,0.0,48.772,2.359,0.0,1.0,penurie (vide)
velib,Paris,830d78c2cc265de5070ce99ce5be32a0,Place de Verdun,0.425,17.0,23.0,40.0,0.0,0.0,48.82,2.474,17.0,0.0,penurie (vide)
velib,Paris,831340bdad9ddffe855e3a3069ed8a73,Longchamp - Place d'Iéna,0.917,33.0,3.0,36.0,0.0,0.0,48.865,2.293,33.0,0.0,penurie (vide)
velib,Paris,836347f9253af1ed4df83a06f4dcf260,Cimetière de Montrouge,0.19,11.0,47.0,58.0,0.0,0.0,48.821,2.322,11.0,0.0,penurie (vide)
velib,Paris,83911f48161327bb1e16d51784820e05,Porte de Clignancourt.,0.054,3.0,53.0,56.0,0.0,0.0,48.897,2.344,3.0,0.0,penurie (vide)
velib,Paris,84071df217688f11d76c6b8eba978e64,Silly - Louis Blériot,0.773,17.0,5.0,22.0,0.0,0.0,48.832,2.234,17.0,0.0,penurie (vide)
velib,Paris,840dc27c20c767b61d76312b8a1ef2a8,Place de Lévis,0.159,7.0,37.0,44.0,0.0,0.0,48.884,2.313,7.0,0.0,penurie (vide)
velib,Paris,842bd8e36dd32f151107f6bce53085ab,Uzès - Montmartre,0.966,28.0,1.0,29.0,0.0,0.0,48.871,2.343,28.0,0.0,penurie (vide)
velib,Paris,843973d08c5772881936d80cffe16ed7,Chevaleret - Louise Weiss,0.613,19.0,12.0,31.0,0.0,0.0,48.833,2.371,19.0,0.0,penurie (vide)
velib,Paris,8450f57ac206a32b85baa5d454366148,Jean Mermoz - Champs-Elysées,0.787,37.0,10.0,47.0,0.0,0.0,48.87,2.311,37.0,0.0,penurie (vide)
velib,Paris,848bc55504507501e775d6ee4dc8880e,Cauchy - Cévennes,0.6,30.0,20.0,50.0,0.0,0.0,48.843,2.275,30.0,0.0,penurie (vide)
velib,Paris,84a06befc8d25d3673e2239ee3e417ae,Moulin de Pierre - Abbé Grégoire,0.05,1.0,19.0,20.0,0.0,0.0,48.822,2.275,1.0,0.0,penurie (vide)
velib,Paris,84c21751673bee545208d1b533c9e137,Roossevelt - Impasse du Marché,,0.0,0.0,0.0,1.0,1.0,48.777,2.297,,1.0,penurie (vide)
velib,Paris,84d22ec38d74707e8c80a1b4e7a23cff,Beaubourg - Michel-le-Comte,0.75,12.0,4.0,16.0,0.0,0.0,48.863,2.354,12.0,0.0,penurie (vide)
velib,Paris,85114dc6446addbd5b74917c955c0cf0,Marseillaise - Grenade,0.262,11.0,31.0,42.0,0.0,0.0,48.889,2.398,11.0,0.0,penurie (vide)
velib,Paris,85217ae439e1765cdac1eee4488872e4,Dora Maar - Nadia Guendouz,0.885,23.0,3.0,26.0,0.0,0.0,48.905,2.322,23.0,0.0,penurie (vide)
velib,Paris,8561b8c39252e8a4287181c7410b932f,Jean Jaurès - Salvador Allende,0.023,1.0,42.0,43.0,0.0,0.0,48.821,2.303,1.0,0.0,penurie (vide)
velib,Paris,85eddb44cbdcb7673baa653c5577a5e5,Place de la Nation - Picpus,0.25,9.0,27.0,36.0,0.0,0.0,48.847,2.4,9.0,0.0,penurie (vide)
velib,Paris,85f20fa1ddcb0cb074a830d099dea308,Lucie Aubrac - Franklin,0.222,8.0,28.0,36.0,0.0,0.0,48.862,2.444,8.0,0.0,penurie (vide)
velib,Paris,8601c34d7f1a457da026bb956c81e7c5,Estrapade - Ulm,0.5,8.0,8.0,16.0,0.0,0.0,48.845,2.345,8.0,0.0,penurie (vide)
velib,Paris,86245c11064e6c59600ed1a72ca437b7,Montreuil - Gonnet,0.174,4.0,19.0,23.0,0.0,0.0,48.851,2.389,4.0,0.0,penurie (vide)
velib,Paris,862b0065529ede9a4b3473e3d9ea5b95,Kléber - Gouverneur Général Eboué,0.833,20.0,4.0,24.0,0.0,0.0,48.827,2.272,20.0,0.0,penurie (vide)
velib,Paris,8638c76ee8353c7c01b72719a2ce1f5d,Gaston Tessier - Rosa Parks RER,0.265,9.0,25.0,34.0,0.0,0.0,48.896,2.374,9.0,0.0,penurie (vide)
velib,Paris,866bf8c8dd59d33c07ce8d86b0b108c1,Place de l'Insurrection d'Août 1944 ,0.5,15.0,15.0,30.0,0.0,0.0,48.815,2.398,15.0,0.0,penurie (vide)
velib,Paris,8684a922b92f476994b3017da087b7de,Anatole France - President Roosevelt,0.192,5.0,21.0,26.0,0.0,0.0,48.916,2.381,5.0,0.0,penurie (vide)
velib,Paris,86fd034d7e3d134c61a97e71fda1a566,Mairie de Clichy,0.208,10.0,38.0,48.0,0.0,0.0,48.904,2.306,10.0,0.0,penurie (vide)
velib,Paris,8706f800095fdb0a33900767fed4ef81,Lycée Saint Exupéry - Juliette Savar,0.8,24.0,6.0,30.0,0.0,0.0,48.783,2.464,24.0,0.0,penurie (vide)
velib,Paris,870719ff70ad1818f893d18c40190636,Claude Vellefaux - Sambre et Meuse,0.242,8.0,25.0,33.0,0.0,0.0,48.875,2.37,8.0,0.0,penurie (vide)
velib,Paris,871aa2c4a74eeb7f11d3eddc3ba1b2b2,Mairie du 15ème,0.244,11.0,34.0,45.0,0.0,0.0,48.842,2.299,11.0,0.0,penurie (vide)
velib,Paris,872fdfe8bc3d8669b1629ee2d40e0a1d,Molière - République,0.143,4.0,24.0,28.0,0.0,0.0,48.811,2.315,4.0,0.0,penurie (vide)
velib,Paris,87703ddf1e1a414a10a8d0dc7ab4b647,Boulets - Faubourg Saint-Antoine,0.093,4.0,39.0,43.0,0.0,0.0,48.849,2.392,4.0,0.0,penurie (vide)
velib,Paris,87ab0b2527afbc3feb4207e68d1daaa5,Hôtel de Ville de Vincennes,0.148,4.0,23.0,27.0,0.0,0.0,48.848,2.44,4.0,0.0,penurie (vide)
velib,Paris,87e34c28bb6e0832e317d25f064d3d0f,Montreuil - Voltaire,0.121,4.0,29.0,33.0,0.0,0.0,48.851,2.393,4.0,0.0,penurie (vide)
velib,Paris,87f0c36c975001dfef7afda904d36892,Place de Rhin et Danube,0.069,2.0,27.0,29.0,0.0,0.0,48.882,2.393,2.0,0.0,penurie (vide)
velib,Paris,87f3af5e6eb0cfb04c00353b83219674,Placette Grégoire Collas,0.92,23.0,2.0,25.0,0.0,0.0,48.943,2.249,23.0,0.0,penurie (vide)
velib,Paris,880f4e871e939e441817c3e7e150c17e,Bertrand Sincholle - Henri Barbusse,0.476,10.0,11.0,21.0,0.0,0.0,48.899,2.304,10.0,0.0,penurie (vide)
velib,Paris,88251df4ad9261e6c17a643408e06f51,Perle - Vieille du Temple,0.333,12.0,24.0,36.0,0.0,0.0,48.86,2.361,12.0,0.0,penurie (vide)
velib,Paris,8830e2e4859919ef62f809d20dc11794,Bois de Vincennes - Porte Jaune,0.206,7.0,27.0,34.0,0.0,0.0,48.839,2.461,7.0,0.0,penurie (vide)
velib,Paris,8849744b960000fce78be23da961afa2,Charles de Gaulle - Jean Lolive,0.435,10.0,13.0,23.0,0.0,0.0,48.893,2.413,10.0,0.0,penurie (vide)
velib,Paris,8882402df59791a07752d171af7345b9,Bourse du Travail,0.267,4.0,11.0,15.0,0.0,0.0,48.869,2.362,4.0,0.0,penurie (vide)
velib,Paris,88a70760615fb3d48cb3743aadcee98d,Bobillot - Paulin Mery,0.087,2.0,21.0,23.0,0.0,0.0,48.83,2.354,2.0,0.0,penurie (vide)
velib,Paris,88e55530a7df700c87b45cee73276be2,Sèvres-Gallieni,0.889,24.0,3.0,27.0,0.0,0.0,48.838,2.228,24.0,0.0,penurie (vide)
velib,Paris,88ea02c860f8968afc61c3bdf7fa50c2,Saint Georges - d'Aumale,0.091,2.0,20.0,22.0,0.0,0.0,48.878,2.337,2.0,0.0,penurie (vide)
velib,Paris,893c86b48d2cf0413a16c8b63f79cb89,Hameau Fleuri - Marché,1.0,22.0,0.0,22.0,0.0,1.0,48.831,2.241,22.0,1.0,saturation (pleine)
velib,Paris,894197f05300286868f6ed8858a881c1,Edgar Quinet - Raspail,0.043,2.0,44.0,46.0,0.0,0.0,48.839,2.33,2.0,0.0,penurie (vide)
velib,Paris,895b102f0932674a199d15ba51d85ccf,Petit Palais,0.622,28.0,17.0,45.0,0.0,0.0,48.867,2.316,28.0,0.0,penurie (vide)
velib,Paris,897b752ed6a3fc11f65f000dbdbb404a,Place des Marseillais,0.5,17.0,17.0,34.0,0.0,0.0,48.827,2.406,17.0,0.0,penurie (vide)
velib,Paris,897f01ed21bee29e71afab5c9c85c569,Place de la Porte de Paris,0.167,6.0,30.0,36.0,0.0,0.0,48.93,2.356,6.0,0.0,penurie (vide)
velib,Paris,8983da055d19e398e2b354ef5576a141,Raffet - Montmorency,0.525,21.0,19.0,40.0,0.0,0.0,48.853,2.263,21.0,0.0,penurie (vide)
velib,Paris,899522631659992a066b10699eee6a61,Mairie de Romainville,0.312,5.0,11.0,16.0,0.0,0.0,48.885,2.436,5.0,0.0,penurie (vide)
velib,Paris,89a2f294f9bfae90b5a072b1ce5aabe9,Faidherbe - Dahomey,0.405,17.0,25.0,42.0,0.0,0.0,48.851,2.384,17.0,0.0,penurie (vide)
velib,Paris,89a8c55d66b3d2fd96fc1e5cd169100d,Chastenet de Géry - Marcel Paul,0.08,2.0,23.0,25.0,0.0,0.0,48.8,2.357,2.0,0.0,penurie (vide)
velib,Paris,89c8a8eebda320ff3d9176526f822b66,Cours de Vincennes - Davout,0.289,13.0,32.0,45.0,0.0,0.0,48.847,2.411,13.0,0.0,penurie (vide)
velib,Paris,8a2db4a17ab91252b68538d5fd666824,Porte de la Plaine,0.441,15.0,19.0,34.0,0.0,0.0,48.828,2.292,15.0,0.0,penurie (vide)
velib,Paris,8a5aed60fc8805d38fdc6f00088538bf,Regnault - Patay,0.919,57.0,5.0,62.0,0.0,0.0,48.824,2.377,57.0,0.0,penurie (vide)
velib,Paris,8a621999524f1f819e5fdde38cf379d7,Marc Sangnier - Porte de Vanves,0.143,3.0,18.0,21.0,0.0,0.0,48.825,2.311,3.0,0.0,penurie (vide)
velib,Paris,8a8c32c98e07071125d3b1ac06f43e59,Haies - Réunion,0.227,5.0,17.0,22.0,0.0,0.0,48.854,2.402,5.0,0.0,penurie (vide)
velib,Paris,8a8d5a1e9a5e6ea852ec2fbbc41e061f,Versailles - Claude Terrasse,0.565,26.0,20.0,46.0,0.0,0.0,48.84,2.264,26.0,0.0,penurie (vide)
velib,Paris,8ab5dcca384aad21e3b083a30d6ae263,Lacépède - Monge,0.043,1.0,22.0,23.0,0.0,0.0,48.844,2.352,1.0,0.0,penurie (vide)
velib,Paris,8ad2062f7428ffb3221bc38035341327,Wilson - Métallurgie,0.346,9.0,17.0,26.0,0.0,0.0,48.909,2.358,9.0,0.0,penurie (vide)
velib,Paris,8af502d66561a113b98e5d7122a86948,Belfort - Victor Hugo,0.565,13.0,10.0,23.0,0.0,0.0,48.902,2.317,13.0,0.0,penurie (vide)
velib,Paris,8b24ed46593b2410a918887466ef965e,Claude Debussy - Marc Bloch,0.891,49.0,6.0,55.0,0.0,0.0,48.91,2.312,49.0,0.0,penurie (vide)
velib,Paris,8b4b25f627acdb4ef50592ea5f0ea365,Dunkerque - Faubourg Saint-Denis,0.06,3.0,47.0,50.0,0.0,0.0,48.88,2.357,3.0,0.0,penurie (vide)
velib,Paris,8b6c7f0a58390e17eb9f96b500eb3ff6,Sydney Bechet - Jacques Gautier,0.737,14.0,5.0,19.0,0.0,0.0,48.844,2.188,14.0,0.0,penurie (vide)
velib,Paris,8bb6ac32d1cea53074f220ea42deabc8,Paul Barruel - Vaugirard,0.162,6.0,31.0,37.0,0.0,0.0,48.84,2.304,6.0,0.0,penurie (vide)
velib,Paris,8bccf59c14a081407bc35aee04a9bca2,Macdonald - Césaria Evora,0.091,6.0,60.0,66.0,0.0,0.0,48.899,2.379,6.0,0.0,penurie (vide)
velib,Paris,8bed56510cbe8d46a9f696e46e85dc00,Mairie du 10ème,0.158,3.0,16.0,19.0,0.0,0.0,48.872,2.358,3.0,0.0,penurie (vide)
velib,Paris,8c620fa63905bd539f3c72bf0e24804a,Volontaires - Vaugirard,0.394,13.0,20.0,33.0,0.0,0.0,48.841,2.308,13.0,0.0,penurie (vide)
velib,Paris,8c8650d5a244ee4d61f19be350fb474f,Vanne - Saussaies,0.6,12.0,8.0,20.0,0.0,0.0,48.786,2.339,12.0,0.0,penurie (vide)
velib,Paris,8ceb4cb0d2e314bc05a72bb010d1aa33,Jules Guesdes - Général de Gaulle,0.042,1.0,23.0,24.0,0.0,0.0,48.819,2.279,1.0,0.0,penurie (vide)
velib,Paris,8cedb65feb208b696ce5a3af48bf3c1f,Grande Rue - Europe,0.208,5.0,19.0,24.0,0.0,0.0,48.822,2.206,5.0,0.0,penurie (vide)
velib,Paris,8d249a46e5837f8bfcc93e5554e19b97,Porte d'Orléans,0.391,18.0,28.0,46.0,0.0,0.0,48.823,2.325,18.0,0.0,penurie (vide)
velib,Paris,8d41ec026062e742512e66fc11577a2c,François Truffaut - Saint Emilion,0.969,63.0,2.0,65.0,0.0,0.0,48.834,2.387,63.0,0.0,penurie (vide)
velib,Paris,8d5e18ea3b29e7080dc930aeea34b28d,Moncey - Blanche,0.375,6.0,10.0,16.0,0.0,0.0,48.88,2.331,6.0,0.0,penurie (vide)
velib,Paris,8d718350b29821ee46bbfe1636f9c6be,Général De Gaulle - Alouette,0.08,2.0,23.0,25.0,0.0,0.0,48.839,2.418,2.0,0.0,penurie (vide)
velib,Paris,8de502d50fb54670bd28a1b4400d3f06,De Gaulle - Moulin,0.136,3.0,19.0,22.0,0.0,0.0,48.886,2.23,3.0,0.0,penurie (vide)
velib,Paris,8ded3e624001e2ca893e0ee830c0946f,Verdun - Adrien Damalix,0.174,4.0,19.0,23.0,0.0,0.0,48.822,2.422,4.0,0.0,penurie (vide)
velib,Paris,8df9fc2af6ae0b2ba2fd72b051efee62,Gardenat Lapostol - Franklin Roosevelt,0.917,22.0,2.0,24.0,0.0,0.0,48.872,2.223,22.0,0.0,penurie (vide)
velib,Paris,8e172b6b28086d5386808db004281fe4,Guy Môquet - Compoint,0.059,2.0,32.0,34.0,0.0,0.0,48.892,2.323,2.0,0.0,penurie (vide)
velib,Paris,8e1eba8392804914f6a89c10ccac98d2,Charenton - Prague,0.6,15.0,10.0,25.0,0.0,0.0,48.848,2.376,15.0,0.0,penurie (vide)
velib,Paris,8e4cb27ac7f8b5a92238cb509d3e9660,Raspail Barbès,0.5,14.0,14.0,28.0,0.0,0.0,48.853,2.425,14.0,0.0,penurie (vide)
velib,Paris,8e9a06c5972efc20de0b1c9e42dd2483,Saint-François-Xavier,0.571,24.0,18.0,42.0,0.0,0.0,48.852,2.315,24.0,0.0,penurie (vide)
velib,Paris,8ec0d700d10be4303ec09d7f2dd20d18,Place de la Nation - Taillebourg,0.085,4.0,43.0,47.0,0.0,0.0,48.849,2.397,4.0,0.0,penurie (vide)
velib,Paris,8ee60418eaeee4d4cce0eb1de973b034,Dantzig - Lefebvre,0.091,3.0,30.0,33.0,0.0,0.0,48.83,2.296,3.0,0.0,penurie (vide)
velib,Paris,8efa43d5891ff1395473ee31d5e68893,Hôpital - Campo-Formio,0.4,4.0,6.0,10.0,0.0,0.0,48.835,2.358,4.0,0.0,penurie (vide)
velib,Paris,8f275a7310d4ed997c235252009ade6f,Galilée - Kléber,0.75,24.0,8.0,32.0,0.0,0.0,48.867,2.291,24.0,0.0,penurie (vide)
velib,Paris,8f47c42da61baceafe1d4fcb4aa40b1e,Jonquoy - Didot,0.0,0.0,30.0,30.0,1.0,0.0,48.829,2.316,0.0,1.0,penurie (vide)
velib,Paris,8f9e44fefbf0c2d9cc5dfd48d0a42561,Ventadour - Opéra,0.96,24.0,1.0,25.0,0.0,0.0,48.867,2.334,24.0,0.0,penurie (vide)
velib,Paris,8fb78a943a8de0988762c5ffa5ca9655,Place de la Fraternité,0.095,2.0,19.0,21.0,0.0,0.0,48.857,2.423,2.0,0.0,penurie (vide)
velib,Paris,8fe272d23e3a1f83406b5c8dc8bbc87f,Général De Gaulle - Vivien,0.0,0.0,22.0,22.0,1.0,0.0,48.836,2.419,0.0,1.0,penurie (vide)
velib,Paris,8ff03d31fb24c2e8eacdd4b72c608215,Pierre-Simon Girard  - Paris,0.0,0.0,35.0,35.0,1.0,0.0,48.901,2.456,0.0,1.0,penurie (vide)
velib,Paris,902ffbb73c6e7a6e582450ce2c77f07a,Bercy.,0.985,64.0,1.0,65.0,0.0,0.0,48.84,2.379,64.0,0.0,penurie (vide)
velib,Paris,903e948db37663eeb8fe5c1f73f3fead,Madeleine Michelis - Roule,0.48,12.0,13.0,25.0,0.0,0.0,48.883,2.277,12.0,0.0,penurie (vide)
velib,Paris,9045305884a8b94dd89e67993cc8828d,Square Cambronne,0.25,14.0,42.0,56.0,0.0,0.0,48.848,2.303,14.0,0.0,penurie (vide)
velib,Paris,907ceab389cb2fcffe65c9df93f9fd50,Bichat - Grange aux Belles,0.133,4.0,26.0,30.0,0.0,0.0,48.874,2.365,4.0,0.0,penurie (vide)
velib,Paris,908ea4992f0910f1a9f8c87a986495e8,Rouget de L'isle - Watteau,0.684,13.0,6.0,19.0,0.0,0.0,48.778,2.396,13.0,0.0,penurie (vide)
velib,Paris,90b0df158e64ee58661addd5a5091470,Calmette,0.903,28.0,3.0,31.0,0.0,0.0,48.881,2.425,28.0,0.0,penurie (vide)
velib,Paris,90be40125cf9f55a5e9a54a41dea29b3,Sèvres - Maréchal Juin,0.722,13.0,5.0,18.0,0.0,0.0,48.832,2.229,13.0,0.0,penurie (vide)
velib,Paris,90f695e0c1794b98ef78df609ee1af83,Lagny - Victor Basch,0.96,24.0,1.0,25.0,0.0,0.0,48.849,2.426,24.0,0.0,penurie (vide)
velib,Paris,91466f101aa17d48fe8920d7a0bba01f,Jean Jaurès - Place du Dr Roux,0.971,33.0,1.0,34.0,0.0,0.0,48.928,2.295,33.0,0.0,penurie (vide)
velib,Paris,91611b3ad97f9508ed784d469a44ab23,Pierre Sarrazin - Saint-Michel,0.806,25.0,6.0,31.0,0.0,0.0,48.851,2.342,25.0,0.0,penurie (vide)
velib,Paris,916abb00296671bf40a0857fbe6e9c09,Poissonniers - Championnet,0.077,2.0,24.0,26.0,0.0,0.0,48.895,2.353,2.0,0.0,penurie (vide)
velib,Paris,918a19e04457f5fb4653381f63547cd0,Monte Cristo - Bagnolet,0.0,0.0,36.0,36.0,1.0,0.0,48.857,2.397,0.0,1.0,penurie (vide)
velib,Paris,91a0a608950ea7a60e53041838545353,Gergovie - Alésia,0.037,2.0,52.0,54.0,0.0,0.0,48.831,2.319,2.0,0.0,penurie (vide)
velib,Paris,924b72bdc53d12e790b00428cbb0c6a0,Euryale Dehaynin - Loire,0.037,1.0,26.0,27.0,0.0,0.0,48.886,2.377,1.0,0.0,penurie (vide)
velib,Paris,92a76a55ecccb996217e600e7fcc71a4,Chemin Vert - Fraternité,0.55,11.0,9.0,20.0,0.0,0.0,48.877,2.446,11.0,0.0,penurie (vide)
velib,Paris,92afdd348c1cb23f0ddf66efc9838172,Gare du Nord - Saint-Vincent de Paul,0.042,1.0,23.0,24.0,0.0,0.0,48.881,2.352,1.0,0.0,penurie (vide)
velib,Paris,92d391e2afb5c9539d9db74ce21c73ea,Place de l'Europe - Quai de Bercy,0.235,4.0,13.0,17.0,0.0,0.0,48.825,2.395,4.0,0.0,penurie (vide)
velib,Paris,930acdb7fe5923f92bc9d8072f770171,Roger Salengro - Fontainebleau,0.12,3.0,22.0,25.0,0.0,0.0,48.815,2.361,3.0,0.0,penurie (vide)
velib,Paris,930b746bb09f1ed84bf66a47f262c746,Route de la Muette - Porte de Neuilly,0.34,17.0,33.0,50.0,0.0,0.0,48.88,2.259,17.0,0.0,penurie (vide)
velib,Paris,937192a3f66b1fd89bb190880a5837ea,Aristide Briand - Gare de Bagneux,0.429,9.0,12.0,21.0,0.0,0.0,48.794,2.321,9.0,0.0,penurie (vide)
velib,Paris,939d34b87085be9c28ac13a3d45174ba,Jean Monnet - Iles,0.719,23.0,9.0,32.0,0.0,0.0,48.823,2.25,23.0,0.0,penurie (vide)
velib,Paris,941cfe9f9b5713db63edbabc06b073f7,Place des Fêtes - Solitaires,0.103,3.0,26.0,29.0,0.0,0.0,48.877,2.392,3.0,0.0,penurie (vide)
velib,Paris,94426ad2d7f2d578154b9fc0741e50a6,Custine - Ramey,0.024,1.0,40.0,41.0,0.0,0.0,48.889,2.347,1.0,0.0,penurie (vide)
velib,Paris,94473027e5f9ccd9d252127506e1eaa9,Pierre Lefaucheux - Traversière,1.0,35.0,0.0,35.0,0.0,1.0,48.824,2.242,35.0,1.0,saturation (pleine)
velib,Paris,9468274d3c6d8dd8c367c4b8650c869e,Jouffroy d'Abbans - Wagram,0.211,8.0,30.0,38.0,0.0,0.0,48.882,2.301,8.0,0.0,penurie (vide)
velib,Paris,9518e77af08d1c9de97c239cf8b88392,Square Léon,0.0,0.0,33.0,33.0,1.0,0.0,48.887,2.353,0.0,1.0,penurie (vide)
velib,Paris,9537ec3ced26253bae7fb7ee2b2a6747,Place Aristide Briand,0.229,8.0,27.0,35.0,0.0,0.0,48.822,2.413,8.0,0.0,penurie (vide)
velib,Paris,956e68ff3c314e64d0ea4ed37b2fa658,Place De Fontenoy - Saxe,0.889,16.0,2.0,18.0,0.0,0.0,48.85,2.307,16.0,0.0,penurie (vide)
velib,Paris,95a2879c64daca7926cc31f06b5e4189,Michelet - Dr Bauer,0.258,8.0,23.0,31.0,0.0,0.0,48.906,2.344,8.0,0.0,penurie (vide)
velib,Paris,95c1435aa0f5215f55c0f05b26a54aa5,Hôtel de Ville d'Argenteuil,0.233,7.0,23.0,30.0,0.0,0.0,48.947,2.25,7.0,0.0,penurie (vide)
velib,Paris,9610e0f08bdd770e25a74784f60a54a2,Guynemer - Jardin du Luxembourg,0.543,19.0,16.0,35.0,0.0,0.0,48.847,2.333,19.0,0.0,penurie (vide)
velib,Paris,9630a6b8b51146c17a242e365c5694e2,Sénat - Condé,0.581,18.0,13.0,31.0,0.0,0.0,48.85,2.338,18.0,0.0,penurie (vide)
velib,Paris,963d751a8dc6d8e59c3407ef044c8e9c,Verdun - Carnot,0.214,6.0,22.0,28.0,0.0,0.0,48.808,2.374,6.0,0.0,penurie (vide)
velib,Paris,966cdc534089421c74a9002dff3db96b,Berthier - Porte de Clichy,0.727,16.0,6.0,22.0,0.0,0.0,48.894,2.313,16.0,0.0,penurie (vide)
velib,Paris,967998940a3d3e11137932b5f469dafc,Mairie du 4ème,0.357,15.0,27.0,42.0,0.0,0.0,48.856,2.356,15.0,0.0,penurie (vide)
velib,Paris,96a76f04f00a6169b93feb87cca3493c,Félix Faure - Sadi Carnot,0.172,5.0,24.0,29.0,0.0,0.0,48.908,2.379,5.0,0.0,penurie (vide)
velib,Paris,96b8a6032ec2f86759a21a73bc399c76,Jeanne Hornet - Girardot,0.0,0.0,26.0,26.0,1.0,0.0,48.874,2.428,0.0,1.0,penurie (vide)
velib,Paris,96d117e55dc5c0e9e57b1b01fce3ad2f,Porte Dorée,0.382,13.0,21.0,34.0,0.0,0.0,48.835,2.408,13.0,0.0,penurie (vide)
velib,Paris,96da5179f064ed57f1281b90b280534e,Place de la Gare,0.826,38.0,8.0,46.0,0.0,0.0,48.803,2.428,38.0,0.0,penurie (vide)
velib,Paris,975344ae3b1ec6ffc978f7e6ff7a228b,Gare de Bellevue,0.737,14.0,5.0,19.0,0.0,0.0,48.819,2.23,14.0,0.0,penurie (vide)
velib,Paris,976cea1d42a0f1f31dd9dcc9b1955471,Gare de Clichy-Levallois ,0.565,13.0,10.0,23.0,0.0,0.0,48.897,2.298,13.0,0.0,penurie (vide)
velib,Paris,978534770f3c4a0dedd3580b38ea9885,Bateliers - Quai de Seine,0.462,12.0,14.0,26.0,0.0,0.0,48.916,2.324,12.0,0.0,penurie (vide)
velib,Paris,97a41d7c2ab98f6cfd222f1d9c98db27,Dom-Pérignon - Gravelle,0.184,9.0,40.0,49.0,0.0,0.0,48.825,2.41,9.0,0.0,penurie (vide)
velib,Paris,97a61a9cd77866e269df86547624c2b5,Palais des Sports,0.952,20.0,1.0,21.0,0.0,0.0,48.833,2.286,20.0,0.0,penurie (vide)
velib,Paris,97abd1f80091fc8dd2696ba4cddbd48a,Sadi Carnot - François Mitterrand ,0.115,3.0,23.0,26.0,0.0,0.0,48.875,2.424,3.0,0.0,penurie (vide)
velib,Paris,97b6708834de025b9e45127a27d85dbf,Duroc - Place de Breteuil,0.275,11.0,29.0,40.0,0.0,0.0,48.847,2.313,11.0,0.0,penurie (vide)
velib,Paris,97be823ff92c0cb7b610995740202bb7,Quai du Président Roosevelt - Pont Aval,0.933,28.0,2.0,30.0,0.0,0.0,48.834,2.266,28.0,0.0,penurie (vide)
velib,Paris,97fad83e776c59db7e19c6f582c9d353,Paul Doumer - Stalingrad,0.792,19.0,5.0,24.0,0.0,0.0,48.807,2.337,19.0,0.0,penurie (vide)
velib,Paris,986d3ca234713ae05835c847abea6a3b,Pyramide - Parc Floral,0.167,8.0,40.0,48.0,0.0,0.0,48.837,2.44,8.0,0.0,penurie (vide)
velib,Paris,98cbc5337e1ebbce250cb8f3b0c5b58f,Ménilmontant - Père Lachaise,0.024,1.0,40.0,41.0,0.0,0.0,48.863,2.387,1.0,0.0,penurie (vide)
velib,Paris,98eb2f2eab4d456bda354b19f9f23418,Turbigo - Réaumur,0.4,12.0,18.0,30.0,0.0,0.0,48.866,2.356,12.0,0.0,penurie (vide)
velib,Paris,98ede5759354c8fdd447219a0915b394,Cité de la Musique,0.169,10.0,49.0,59.0,0.0,0.0,48.889,2.393,10.0,0.0,penurie (vide)
velib,Paris,98ffe0d7e614bf4797a00cf0b646412e,Place de Finlande,0.28,7.0,18.0,25.0,0.0,0.0,48.862,2.311,7.0,0.0,penurie (vide)
velib,Paris,991d3ac2108b86f2d8b44b832d2cca9e,Schoelcher - Raspail,0.02,1.0,48.0,49.0,0.0,0.0,48.837,2.331,1.0,0.0,penurie (vide)
velib,Paris,994efb0e266b1a1a3d07abc48c873fe4,Jean Rostand - Paul Vaillant Couturier,0.333,13.0,26.0,39.0,0.0,0.0,48.908,2.453,13.0,0.0,penurie (vide)
velib,Paris,99678a6a0780e479f54c08a1305d2a2a,Octave Feuillet - Albéric Magnard,0.25,5.0,15.0,20.0,0.0,0.0,48.861,2.273,5.0,0.0,penurie (vide)
velib,Paris,996e3dcc36093db3bc26e1a4c572ec2b,Cesaria Evora - Rosa Parks,0.195,8.0,33.0,41.0,0.0,0.0,48.897,2.375,8.0,0.0,penurie (vide)
velib,Paris,9978cde2d4e70ed19299b8602ac82bac,Thérèse - Opéra,1.0,25.0,0.0,25.0,0.0,1.0,48.866,2.334,25.0,1.0,saturation (pleine)
velib,Paris,9a28fe91cb383c274df5a5aa8c112044,François 1er - Montaigne,0.717,38.0,15.0,53.0,0.0,0.0,48.867,2.307,38.0,0.0,penurie (vide)
velib,Paris,9a72fc27b0ac1f90fd77a2c8e59eb31e,Lavoisier - Missak Manouchian,0.529,9.0,8.0,17.0,0.0,0.0,48.863,2.496,9.0,0.0,penurie (vide)
velib,Paris,9ad6b000a8ffc56ee486c94e432b06db,Georges Pompidou - Verdun,0.462,12.0,14.0,26.0,0.0,0.0,48.875,2.232,12.0,0.0,penurie (vide)
velib,Paris,9af9913862210207cd74eaf408a28fc7,Place des Arts - Jean Mermoz,0.15,3.0,17.0,20.0,0.0,0.0,48.88,2.183,3.0,0.0,penurie (vide)
velib,Paris,9b22a6aab0bdce1dd54114e47fcdc00c,Charles Robin - Grange aux Belles,0.0,0.0,22.0,22.0,1.0,0.0,48.877,2.37,0.0,1.0,penurie (vide)
velib,Paris,9b2700f3b19beb1dd9df2fd6a013789f,Faubourg Du Temple - Republique,0.921,35.0,3.0,38.0,0.0,0.0,48.868,2.365,35.0,0.0,penurie (vide)
velib,Paris,9b372295bfdf1439b536be8a8379e24e,Saint-Didier - Raymond Poincaré,0.625,10.0,6.0,16.0,0.0,0.0,48.866,2.286,10.0,0.0,penurie (vide)
velib,Paris,9b500b459bb4c0aba959a354251c0cf3,Quai Panhard et Levassor,0.789,45.0,12.0,57.0,0.0,0.0,48.828,2.384,45.0,0.0,penurie (vide)
velib,Paris,9b573ec174a6c3c24292ce8c7b522c4f,Victor Hugo - Ecoles,0.56,14.0,11.0,25.0,0.0,0.0,48.805,2.418,14.0,0.0,penurie (vide)
velib,Paris,9b91251c38bc1e4e1879ad831cfedad9,Liège - Moscou,0.235,4.0,13.0,17.0,0.0,0.0,48.88,2.326,4.0,0.0,penurie (vide)
velib,Paris,9b9554ed0bb4e23a6f1aa20518ddac4d,Place Nationale - Château-des-Rentiers,0.278,5.0,13.0,18.0,0.0,0.0,48.829,2.365,5.0,0.0,penurie (vide)
velib,Paris,9bcab172a445b5f9d656a09c53700ca9,Sèvres Rive Gauche,0.375,12.0,20.0,32.0,0.0,0.0,48.821,2.215,12.0,0.0,penurie (vide)
velib,Paris,9c085b9301af6eb9d127e14afbfdbfd1,Faustin Hélie - Desbordes-Valmore,0.375,12.0,20.0,32.0,0.0,0.0,48.859,2.277,12.0,0.0,penurie (vide)
velib,Paris,9c3824733e3c2b8c8abdd07679ab5659,Sèvres - Lecourbe,0.15,9.0,51.0,60.0,0.0,0.0,48.845,2.311,9.0,0.0,penurie (vide)
velib,Paris,9c642c3d69fb45ee86c3697787b2e459,Charles de Gaulle - Les Sablons,0.629,22.0,13.0,35.0,0.0,0.0,48.881,2.272,22.0,0.0,penurie (vide)
velib,Paris,9d18733666f1a40149f7471390185296,Ecoles - Carmes,0.0,0.0,36.0,36.0,1.0,0.0,48.849,2.347,0.0,1.0,penurie (vide)
velib,Paris,9d5e8812bab913b5ffae948cf4730781,Crevaux - Bugeaud,0.387,12.0,19.0,31.0,0.0,0.0,48.871,2.281,12.0,0.0,penurie (vide)
velib,Paris,9e2cd1fa8e5e100e113b6dc86f9e85c3,Manin - Crimée,0.05,1.0,19.0,20.0,0.0,0.0,48.883,2.386,1.0,0.0,penurie (vide)
velib,Paris,9e488e62a077b551e8dc9c5970674442,Alexandre Dumas - Place de la Réunion,0.067,3.0,42.0,45.0,0.0,0.0,48.855,2.4,3.0,0.0,penurie (vide)
velib,Paris,9e5c9428e2733a7cd912c6db891a0b89,Bercy - Villot,0.933,28.0,2.0,30.0,0.0,0.0,48.842,2.377,28.0,0.0,penurie (vide)
velib,Paris,9e88938078e837e55a03cf6193682de5,Place Georges Guillaumin,0.464,13.0,15.0,28.0,0.0,0.0,48.875,2.302,13.0,0.0,penurie (vide)
velib,Paris,9eca9e39a4bd2df5f0a272db2c944f15,Liard - Amiral Mouchez,0.308,8.0,18.0,26.0,0.0,0.0,48.821,2.342,8.0,0.0,penurie (vide)
velib,Paris,9eefdcb912f6503b4f58ea46e7b15d45,Henri Barbusse,0.241,7.0,22.0,29.0,0.0,0.0,48.932,2.398,7.0,0.0,penurie (vide)
velib,Paris,9efb83e6e67306562f7132a15741192e,Faubourg Montmartre - La Fayette,0.559,19.0,15.0,34.0,0.0,0.0,48.875,2.341,19.0,0.0,penurie (vide)
velib,Paris,9efe1958b75c48b1bdfd9aa1591c49a7,Fief - République,0.783,18.0,5.0,23.0,0.0,0.0,48.832,2.256,18.0,0.0,penurie (vide)
velib,Paris,9f3a09ad148ebe8863d60cb3a983c2cd,Jean Jaurès - Ouvrières Pivéreuses,0.25,4.0,12.0,16.0,0.0,0.0,48.91,2.4,4.0,0.0,penurie (vide)
velib,Paris,9f9584cd914c3f7c44e1d972a8403035,Boyer-Barret - Raymond Losserand,0.0,0.0,23.0,23.0,1.0,0.0,48.833,2.317,0.0,1.0,penurie (vide)
velib,Paris,9fb2c6e479a17058ca747ba526e4dfa6,Fragonard - Porte de Clichy,0.453,24.0,29.0,53.0,0.0,0.0,48.894,2.314,24.0,0.0,penurie (vide)
velib,Paris,9fc247da248648d7b775afef4e61c53d,Tristan Tzara -  Tchaïkovski,0.152,5.0,28.0,33.0,0.0,0.0,48.895,2.365,5.0,0.0,penurie (vide)
velib,Paris,a0269dc7b97959671ca0a90d98be4359,Parc André Citroën,0.683,43.0,20.0,63.0,0.0,0.0,48.841,2.278,43.0,0.0,penurie (vide)
velib,Paris,a0438ebf45ccced9dd13d06641b86e7a,Lally-Tollendal - Armand Carrel,0.08,2.0,23.0,25.0,0.0,0.0,48.883,2.375,2.0,0.0,penurie (vide)
velib,Paris,a05e3efd8791e6f96231d866777ef91c,Jardin Marguerite Long,0.364,8.0,14.0,22.0,0.0,0.0,48.882,2.284,8.0,0.0,penurie (vide)
velib,Paris,a06d0b8d58b7312e6952148b677d9a0d,Place Jean-Baptiste Clément,0.042,1.0,23.0,24.0,0.0,0.0,48.812,2.362,1.0,0.0,penurie (vide)
velib,Paris,a1608bb58dff0b09b90fc7a0f4955d83,Génie - Mozart,0.211,4.0,15.0,19.0,0.0,0.0,48.795,2.373,4.0,0.0,penurie (vide)
velib,Paris,a173c6e0430da957bbaf8f66e14dd131,Gare RER - Canadiens,0.15,6.0,34.0,40.0,0.0,0.0,48.82,2.464,6.0,0.0,penurie (vide)
velib,Paris,a177a3a0b0f22a96ba58c27858a37a3c,Jeûneurs - Mulhouse,0.593,16.0,11.0,27.0,0.0,0.0,48.869,2.347,16.0,0.0,penurie (vide)
velib,Paris,a18642b8ca59b29fe96d26aefa5711b0,Constantine - Université,0.619,39.0,24.0,63.0,0.0,0.0,48.861,2.315,39.0,0.0,penurie (vide)
velib,Paris,a18d40718f2f31f20dc307c07aac9fbd,Marne - Germain Dardan,0.364,8.0,14.0,22.0,0.0,0.0,48.812,2.304,8.0,0.0,penurie (vide)
velib,Paris,a2047790eab21c53adbba02ed0bfe5bc,Belfort - Voltaire,0.377,20.0,33.0,53.0,0.0,0.0,48.856,2.383,20.0,0.0,penurie (vide)
velib,Paris,a2bb4627fa2a1d2cdc8f33150ea94635,Résistance - Romain Rolland,0.75,21.0,7.0,28.0,0.0,0.0,48.951,2.231,21.0,0.0,penurie (vide)
velib,Paris,a2e25ec469bbb119709223e0b057bc71,Melun - Jean Jaurès,0.042,1.0,23.0,24.0,0.0,0.0,48.884,2.376,1.0,0.0,penurie (vide)
velib,Paris,a31926c8d82c4c77611d9b3204d56707,Place Ginette Hamelin,0.918,45.0,4.0,49.0,0.0,0.0,48.838,2.382,45.0,0.0,penurie (vide)
velib,Paris,a31aed60ff2963c8bfe4ff747e3c8cca,Fabre d'Eglantine - Place de la Nation,0.015,1.0,67.0,68.0,0.0,0.0,48.847,2.396,1.0,0.0,penurie (vide)
velib,Paris,a32e5be42a0b2334a48192545fa85d49,Mariotte - Batignolles,0.15,3.0,17.0,20.0,0.0,0.0,48.885,2.321,3.0,0.0,penurie (vide)
velib,Paris,a3431c76c61452b655d065b5ce6f0865,Gare d'Argenteuil,0.184,7.0,31.0,38.0,0.0,0.0,48.947,2.257,7.0,0.0,penurie (vide)
velib,Paris,a344eab980ce89367872f583e0eb68b7,Stalingrad - Rigollots,0.098,5.0,46.0,51.0,0.0,0.0,48.85,2.456,5.0,0.0,penurie (vide)
velib,Paris,a34af781b8ad3c9891e9ffeb5bca312d,Mstislav Rostropovitch - Berthier,0.5,8.0,8.0,16.0,0.0,0.0,48.892,2.309,8.0,0.0,penurie (vide)
velib,Paris,a362cf32ab42c2f92c5d73c81b7f8927,Tourlaque - Damrémont,0.0,0.0,16.0,16.0,1.0,0.0,48.888,2.333,0.0,1.0,penurie (vide)
velib,Paris,a38f27b218f46ee5a46557e0beb7d19d,Marché Secrétan,0.095,2.0,19.0,21.0,0.0,0.0,48.881,2.373,2.0,0.0,penurie (vide)
velib,Paris,a39734a757cc3e8405c726a31447ff3f,Rocher - Laborde,0.141,9.0,55.0,64.0,0.0,0.0,48.876,2.323,9.0,0.0,penurie (vide)
velib,Paris,a3b5891ee77f7b24c948c9901532cf5c,Le Goff - Gay-Lussac,0.114,4.0,31.0,35.0,0.0,0.0,48.846,2.341,4.0,0.0,penurie (vide)
velib,Paris,a3e47b0db0706d8980ad5ce16e4697b2,Grands Moulins de Pantin,0.184,9.0,40.0,49.0,0.0,0.0,48.897,2.396,9.0,0.0,penurie (vide)
velib,Paris,a3ed081725c7cb0dd19cd556164300db,Tanger - Place du Maroc,0.0,0.0,18.0,18.0,1.0,0.0,48.886,2.369,0.0,1.0,penurie (vide)
velib,Paris,a40751b578cd48f0edb1fd5274f29c74,Gare de Courbevoie,0.667,22.0,11.0,33.0,0.0,0.0,48.899,2.251,22.0,0.0,penurie (vide)
velib,Paris,a41a3140688497dc5a4dc8c262a59e65,Bréguet - Sabin,0.667,22.0,11.0,33.0,0.0,0.0,48.857,2.371,22.0,0.0,penurie (vide)
velib,Paris,a41c910adee6a07881812ef4abcd1e5d,Ségur - d'Estrées,0.737,14.0,5.0,19.0,0.0,0.0,48.851,2.31,14.0,0.0,penurie (vide)
velib,Paris,a472c5c568e8bf512f007046421bde57,Lemercier - Cardinet,0.087,2.0,21.0,23.0,0.0,0.0,48.89,2.317,2.0,0.0,penurie (vide)
velib,Paris,a497dc1ed4a61b01828f0f64ba00aec4,Grande Armée - Brunel,0.35,21.0,39.0,60.0,0.0,0.0,48.876,2.288,21.0,0.0,penurie (vide)
velib,Paris,a4ea97a5b4ecaee85ddf51406dc59412,Victor Hugo - Magasins Généraux,0.485,16.0,17.0,33.0,0.0,0.0,48.903,2.368,16.0,0.0,penurie (vide)
velib,Paris,a51409c37aa55e1555d7fc1dd1349981,Ivry - Baudricourt,0.15,3.0,17.0,20.0,0.0,0.0,48.825,2.363,3.0,0.0,penurie (vide)
velib,Paris,a535a8a7e5afca51b036fc8257bf81cb,Edouard Vaillant - Paul-Adolphe Souriau,0.741,20.0,7.0,27.0,0.0,0.0,48.835,2.248,20.0,0.0,penurie (vide)
velib,Paris,a53d4eed1e846d93c5832df8fcb49be2,Quatre Vents - Carrefour de l'Odéon,0.25,9.0,27.0,36.0,0.0,0.0,48.852,2.338,9.0,0.0,penurie (vide)
velib,Paris,a55ceb0aadc0216a6a3c4d80f880e413,Stalingrad - Général de Gaulle,0.64,16.0,9.0,25.0,0.0,0.0,48.823,2.497,16.0,0.0,penurie (vide)
velib,Paris,a57d7d92b609976b6bd739d2f9d27a66,Cherche-Midi - Hôpital Necker,0.237,9.0,29.0,38.0,0.0,0.0,48.845,2.318,9.0,0.0,penurie (vide)
velib,Paris,a5816027f41b2799e91b665c95e1938d,Ney - Porte de Clignancourt,0.04,1.0,24.0,25.0,0.0,0.0,48.898,2.346,1.0,0.0,penurie (vide)
velib,Paris,a58ef7c0c3d2e39a6e62c5853680910b,Place des Larris,0.265,9.0,25.0,34.0,0.0,0.0,48.857,2.478,9.0,0.0,penurie (vide)
velib,Paris,a59f867a689ec8bab0b42e27b783d44f,Place de l'Hôtel de Ville,1.0,14.0,0.0,14.0,0.0,1.0,48.857,2.351,14.0,1.0,saturation (pleine)
velib,Paris,a5f21cf7e9bb0b13f76170597fc26e0d,Place Saint-André des Arts,0.462,6.0,7.0,13.0,0.0,0.0,48.853,2.343,6.0,0.0,penurie (vide)
velib,Paris,a5fb3ba2ae84664e8ba0746dd6d9def2,Emile Blemont - Poteau,0.059,2.0,32.0,34.0,0.0,0.0,48.894,2.342,2.0,0.0,penurie (vide)
velib,Paris,a62b710a59f6b8bef80feaf0d9efdd82,Provence - Chaussée d'Antin,0.64,16.0,9.0,25.0,0.0,0.0,48.874,2.333,16.0,0.0,penurie (vide)
velib,Paris,a64573b5190cc358a71dc8214c79271e,Hôtel de Ville de Boulogne Billancourt,0.962,25.0,1.0,26.0,0.0,0.0,48.835,2.242,25.0,0.0,penurie (vide)
velib,Paris,a6533a9ecdee68f1a242f9684412591b,Charenton - Place du Col Bourgoin,0.545,18.0,15.0,33.0,0.0,0.0,48.845,2.383,18.0,0.0,penurie (vide)
velib,Paris,a6aa8bf23601e486728ce63af3d17273,Romain Rolland,0.24,6.0,19.0,25.0,0.0,0.0,48.82,2.323,6.0,0.0,penurie (vide)
velib,Paris,a6edfce8291e8a7aabf0fd8481b87ed6,Riquet - Marx Dormoy,0.114,4.0,31.0,35.0,0.0,0.0,48.89,2.36,4.0,0.0,penurie (vide)
velib,Paris,a6f1564569e1d62e4556ec82cbc9c46c,Saint-Gilles - Turenne,0.4,6.0,9.0,15.0,0.0,0.0,48.858,2.365,6.0,0.0,penurie (vide)
velib,Paris,a6f79ccace6709222f6568835e596aea,Dunois - Clisson,0.51,26.0,25.0,51.0,0.0,0.0,48.832,2.367,26.0,0.0,penurie (vide)
velib,Paris,a6fe29a0751fae126e59b510008b9a86,Neuilly - Petit,0.667,10.0,5.0,15.0,0.0,0.0,48.899,2.296,10.0,0.0,penurie (vide)
velib,Paris,a707f0d55e72ed3ba40835bfded9e5a6,Place Nelson Mandela,0.071,2.0,26.0,28.0,0.0,0.0,48.898,2.218,2.0,0.0,penurie (vide)
velib,Paris,a70f5619affa1b57b55552979476a5e6,Richard Wallace - Place du 8 Mai 1945,0.621,18.0,11.0,29.0,0.0,0.0,48.879,2.242,18.0,0.0,penurie (vide)
velib,Paris,a70f7cfe5367e3815e4bb81149e1aeb3,Louis Rolland - République,0.5,13.0,13.0,26.0,0.0,0.0,48.817,2.319,13.0,0.0,penurie (vide)
velib,Paris,a728c3796d1b4797469bde32fed91fb2,Boissière - Etienne Dolet,0.238,5.0,16.0,21.0,0.0,0.0,48.876,2.468,5.0,0.0,penurie (vide)
velib,Paris,a733119c0fbf1873f239a36096229758,Enfants du Paradis - Peupliers,0.949,56.0,3.0,59.0,0.0,0.0,48.833,2.257,56.0,0.0,penurie (vide)
velib,Paris,a7478adb05e486927575b7cbd32a4d3c,Bréa - Raspail,0.208,5.0,19.0,24.0,0.0,0.0,48.843,2.33,5.0,0.0,penurie (vide)
velib,Paris,a789bcac867c5fc853fe60539ff272dd,Vincennes - Douy-Delcupe,0.211,8.0,30.0,38.0,0.0,0.0,48.855,2.436,8.0,0.0,penurie (vide)
velib,Paris,a7e209752be4863c5aa1ea23fa3c4a3f,Charentonneau - Maison Alfort,0.75,21.0,7.0,28.0,0.0,0.0,48.81,2.443,21.0,0.0,penurie (vide)
velib,Paris,a86f12e18348286736ab41da11eafb4b,Victor Hugo - Bineau,0.76,19.0,6.0,25.0,0.0,0.0,48.888,2.278,19.0,0.0,penurie (vide)
velib,Paris,a87ab4a2181ddd14a7ef18b8c51dd088,Hôpital Européen Georges Pompidou,0.872,68.0,10.0,78.0,0.0,0.0,48.838,2.275,68.0,0.0,penurie (vide)
velib,Paris,a8855a3a7125fda567b6a555ab9d7ba2,Leroy des Barres - Médiathèque,0.333,8.0,16.0,24.0,0.0,0.0,48.928,2.368,8.0,0.0,penurie (vide)
velib,Paris,a8ee95d6a5eef44801263d267e11b3b2,Général Leclerc - République,0.586,17.0,12.0,29.0,0.0,0.0,48.916,2.268,17.0,0.0,penurie (vide)
velib,Paris,a90a9bc82e780db844388c07ec5db33a,Mazagran - Pierre de Coubertin,0.933,14.0,1.0,15.0,0.0,0.0,48.816,2.344,14.0,0.0,penurie (vide)
velib,Paris,a9327c94687936335b1d4778a2fc09b7,Commandant l'Herminier - Gallieni,0.706,12.0,5.0,17.0,0.0,0.0,48.847,2.416,12.0,0.0,penurie (vide)
velib,Paris,a940947cd186bb911fef79ebfac26a15,Magenta - Chabrol,0.273,6.0,16.0,22.0,0.0,0.0,48.876,2.356,6.0,0.0,penurie (vide)
velib,Paris,a94f709a498fb6af00283b70ac8273d4,Maxime Gorki - Louis Aragon,0.15,3.0,17.0,20.0,0.0,0.0,48.789,2.368,3.0,0.0,penurie (vide)
velib,Paris,a98a057a26baa7eaa60ad906bee0f9fe,Le Vau - Maurice Bertaux,0.44,11.0,14.0,25.0,0.0,0.0,48.868,2.411,11.0,0.0,penurie (vide)
velib,Paris,a9978c7ba53fcc826780d8d0b50a4777,Clichy - Douai,0.1,3.0,27.0,30.0,0.0,0.0,48.884,2.328,3.0,0.0,penurie (vide)
velib,Paris,a9b725738c4d5e65b432322380ffc6f4,Alfred Roll - Berthier,0.296,8.0,19.0,27.0,0.0,0.0,48.888,2.3,8.0,0.0,penurie (vide)
velib,Paris,a9bc03f19bd965f2edd21e4292c15c67,Institut de France,0.412,14.0,20.0,34.0,0.0,0.0,48.858,2.336,14.0,0.0,penurie (vide)
velib,Paris,a9d88d3aff9e1688efab4890fae066f1,Porte Dauphine,0.138,9.0,56.0,65.0,0.0,0.0,48.871,2.275,9.0,0.0,penurie (vide)
velib,Paris,a9f9dcc669e059e9290eb597295d4c89,Place Saint-Ferdinand,0.162,6.0,31.0,37.0,0.0,0.0,48.878,2.289,6.0,0.0,penurie (vide)
velib,Paris,aa0f3e58b6d9156384b00ff6d51a51ba,Louis Dain - Rosiers,0.121,4.0,29.0,33.0,0.0,0.0,48.905,2.338,4.0,0.0,penurie (vide)
velib,Paris,aa2d4856ad873fef207ba6cda1f71ed4,Vivaldi - Antoine-Julien Hénard,0.296,8.0,19.0,27.0,0.0,0.0,48.842,2.39,8.0,0.0,penurie (vide)
velib,Paris,aa7ead9254a3eeddc94f3a0c1f5401f1,Gare Saint-Lazare - Isly,0.269,7.0,19.0,26.0,0.0,0.0,48.875,2.327,7.0,0.0,penurie (vide)
velib,Paris,aab036aa25502038d890cf777bd76a29,Sérurier - Alphonse Aulard,0.188,3.0,13.0,16.0,0.0,0.0,48.881,2.398,3.0,0.0,penurie (vide)
velib,Paris,aabf3d9583cf2b62ca800af45c693cdd,Camille Groult - Guy Môquet,0.636,14.0,8.0,22.0,0.0,0.0,48.787,2.398,14.0,0.0,penurie (vide)
velib,Paris,aac4f90d6cf075249aa7e822ac33ae9c,Lagny - Auguste Blanqui,0.926,25.0,2.0,27.0,0.0,0.0,48.849,2.422,25.0,0.0,penurie (vide)
velib,Paris,aacfd26d587b548d359e965dee4277c3,Danton - Serpente,0.152,5.0,28.0,33.0,0.0,0.0,48.852,2.341,5.0,0.0,penurie (vide)
velib,Paris,aaf094b8df78bcaccf4d909ea8996c4c,Châteaudun - Place de la Liberté,0.583,14.0,10.0,24.0,0.0,0.0,48.91,2.245,14.0,0.0,penurie (vide)
velib,Paris,abcd872dc070f17262126b1d885ba600,Geoffroy - Marie,0.6,12.0,8.0,20.0,0.0,0.0,48.874,2.345,12.0,0.0,penurie (vide)
velib,Paris,abe2610c7f5148f6262beb10081cf147,Gouthière - Poterne des Peupliers,0.469,15.0,17.0,32.0,0.0,0.0,48.821,2.351,15.0,0.0,penurie (vide)
velib,Paris,ac090301d156f8658f2421b14e637615,Gare du Nord - Place de Valenciennes,0.047,2.0,41.0,43.0,0.0,0.0,48.879,2.354,2.0,0.0,penurie (vide)
velib,Paris,ac326e377ca88631993b205d6942832e,Basilique,0.941,16.0,1.0,17.0,0.0,0.0,48.936,2.359,16.0,0.0,penurie (vide)
velib,Paris,ac84962093d74f46b5fe4dd89561ca47,Sabot - Rennes,0.56,14.0,11.0,25.0,0.0,0.0,48.853,2.332,14.0,0.0,penurie (vide)
velib,Paris,acccf709969dbe1a2fca57bf6716d086,Saint-Denis - Université,0.773,17.0,5.0,22.0,0.0,0.0,48.946,2.364,17.0,0.0,penurie (vide)
velib,Paris,acd91d023955ffa2985c8862fa796cdd,Récollets - Square Villemin,0.154,2.0,11.0,13.0,0.0,0.0,48.875,2.36,2.0,0.0,penurie (vide)
velib,Paris,acdd3a2005f56b2d29fe9be35e2a7b17,Saint-Ambroise - Parmentier,0.158,6.0,32.0,38.0,0.0,0.0,48.862,2.377,6.0,0.0,penurie (vide)
velib,Paris,ad02173862ed52d509d3b582cba81519,Cambronne - Villa Croix Nivert,0.525,32.0,29.0,61.0,0.0,0.0,48.846,2.302,32.0,0.0,penurie (vide)
velib,Paris,ad3ee1118ade84c9d4a9042d60facb74,Diderot - Pierre Bourdan,0.381,8.0,13.0,21.0,0.0,0.0,48.848,2.39,8.0,0.0,penurie (vide)
velib,Paris,ad618131189d8275690885289432562c,Place de la République - Temple,0.867,13.0,2.0,15.0,0.0,0.0,48.867,2.364,13.0,0.0,penurie (vide)
velib,Paris,ad8bac0d11b077ff9134a1bca75ae09b,Belles Feuilles - Place de Mexico,0.217,5.0,18.0,23.0,0.0,0.0,48.866,2.283,5.0,0.0,penurie (vide)
velib,Paris,ad9a84361b63c948191ce2febd95b048,Square du Bataclan,0.737,14.0,5.0,19.0,0.0,0.0,48.863,2.371,14.0,0.0,penurie (vide)
velib,Paris,ade3b4c149b48a2911da9b1764c7c9d5,Assas - Luxembourg,0.258,8.0,23.0,31.0,0.0,0.0,48.844,2.333,8.0,0.0,penurie (vide)
velib,Paris,ade4ab3d7418c90727d6ab6dff761511,Jean-Jacques Rousseau - Deux Ecus,0.591,13.0,9.0,22.0,0.0,0.0,48.863,2.341,13.0,0.0,penurie (vide)
velib,Paris,ae19b34618a3fe183c8987800afefb47,Colmar - Victor Hugo,0.781,25.0,7.0,32.0,0.0,0.0,48.887,2.174,25.0,0.0,penurie (vide)
velib,Paris,ae9ccf3b2ff245f606f82aedaf578a9c,Gare de Robinson,0.828,24.0,5.0,29.0,0.0,0.0,48.78,2.282,24.0,0.0,penurie (vide)
velib,Paris,ae9e895a1d4f37fe7e8119dbabe783e8,Val-Fleury,0.087,2.0,21.0,23.0,0.0,0.0,48.808,2.241,2.0,0.0,penurie (vide)
velib,Paris,aea62d71168ab6b7d0eaf8df1365aecf,Pré Saint-Gervais - Lilas,0.217,5.0,18.0,23.0,0.0,0.0,48.878,2.396,5.0,0.0,penurie (vide)
velib,Paris,afd259141843f240d250d217854b95e7,Lucie Aubrac - Fort,0.0,0.0,30.0,30.0,1.0,0.0,48.818,2.271,0.0,1.0,penurie (vide)
velib,Paris,b018a6d3d16d8a651b5003c3b4c8bb86,Square de Choisy - Eastman,0.042,1.0,23.0,24.0,0.0,0.0,48.829,2.358,1.0,0.0,penurie (vide)
velib,Paris,b01f159c458671951ae8b423e518ce93,Voltaire - Anatole France,0.0,0.0,27.0,27.0,1.0,0.0,48.892,2.284,0.0,1.0,penurie (vide)
velib,Paris,b0c0a9b0207679491ab4df65860392ad,Lucien Sampaix - Récollets,0.044,2.0,43.0,45.0,0.0,0.0,48.874,2.362,2.0,0.0,penurie (vide)
velib,Paris,b0f061cb7ac14c2234dee0e37bc82ba9,Saint-Blaise - Mouraud,0.0,0.0,27.0,27.0,1.0,0.0,48.857,2.409,0.0,1.0,penurie (vide)
velib,Paris,b11592abb8ce4ddfe3e9739a7bc5cd4e,Berri - Haussmann,0.796,39.0,10.0,49.0,0.0,0.0,48.875,2.308,39.0,0.0,penurie (vide)
velib,Paris,b12be68f3b9115784f498398517c80a0,Gare de l'Est - Faubourg-Saint-Martin,0.0,0.0,30.0,30.0,1.0,0.0,48.876,2.359,0.0,1.0,penurie (vide)
velib,Paris,b12cdb41cb813c52ad3050b93f4b61f8,Tertres - Fontaine,0.036,1.0,27.0,28.0,0.0,0.0,48.788,2.306,1.0,0.0,penurie (vide)
velib,Paris,b13e06697a148035ff70e59774a99363,Place de la Paix - Abbé Saint-Pierre,0.0,0.0,23.0,23.0,1.0,0.0,48.865,2.205,0.0,1.0,penurie (vide)
velib,Paris,b143c2202a98200b5593575c25a12aac,Gare Montparnasse - René Mouchotte,0.1,4.0,36.0,40.0,0.0,0.0,48.839,2.321,4.0,0.0,penurie (vide)
velib,Paris,b143e8c45739ad2928f3f19671c02429,Colonel Pierre Avia,0.964,27.0,1.0,28.0,0.0,0.0,48.83,2.275,27.0,0.0,penurie (vide)
velib,Paris,b1561c50f08da68c0110740454cb31c3,Tolbiac - Boussingault,0.675,27.0,13.0,40.0,0.0,0.0,48.826,2.342,27.0,0.0,penurie (vide)
velib,Paris,b182b8f3c3bf89592cbad0e7118a6d3e,Ledru-Rollin - Place du Père Chaillet,0.389,14.0,22.0,36.0,0.0,0.0,48.856,2.379,14.0,0.0,penurie (vide)
velib,Paris,b1d32243d25773bd7ae07e2e649e224d,Lebrun - Colonel Fabien ,0.0,0.0,26.0,26.0,1.0,0.0,48.783,2.381,0.0,1.0,penurie (vide)
velib,Paris,b1daaef5e0f23f3e6b5988d0a01a787e,Henri Barbusse - Bourguignons,0.294,10.0,24.0,34.0,0.0,0.0,48.913,2.273,10.0,0.0,penurie (vide)
velib,Paris,b1f0604f8538fbb7d37e901bae4eff29,Metz - Faubourg Saint-Denis,0.234,11.0,36.0,47.0,0.0,0.0,48.871,2.354,11.0,0.0,penurie (vide)
velib,Paris,b1f0b90f2fa3212b58f1d0021ac41a84,Carducci - Place Hannah Arendt,0.04,1.0,24.0,25.0,0.0,0.0,48.877,2.386,1.0,0.0,penurie (vide)
velib,Paris,b21d6575c55b259833ea59d85e30b3f5,Bézout - Général Leclerc,0.071,2.0,26.0,28.0,0.0,0.0,48.829,2.329,2.0,0.0,penurie (vide)
velib,Paris,b23c99c5ae850d46b146ed36cbc71a8d,Richard Lenoir - Place de la Bastille,0.49,25.0,26.0,51.0,0.0,0.0,48.854,2.37,25.0,0.0,penurie (vide)
velib,Paris,b265bb38050ed4bacc98c10ad3a7e671,Place du Cornillon - Stade de France,0.235,8.0,26.0,34.0,0.0,0.0,48.925,2.364,8.0,0.0,penurie (vide)
velib,Paris,b29f7d9e60033b34f440667923648dc4,Béranger - Félix Faure,0.143,4.0,24.0,28.0,0.0,0.0,48.804,2.285,4.0,0.0,penurie (vide)
velib,Paris,b2ecfbe37576fd2c3ad451558f000232,Victoria - Place du Chatelet,0.7,14.0,6.0,20.0,0.0,0.0,48.858,2.347,14.0,0.0,penurie (vide)
velib,Paris,b36411fb0a33a59d977438de7a3dbd3e,Notre-Dame-des-Champs - Stanislas,0.611,11.0,7.0,18.0,0.0,0.0,48.845,2.329,11.0,0.0,penurie (vide)
velib,Paris,b3887c9a211793ce130130cfcd998b01,Porte de Versailles,0.964,27.0,1.0,28.0,0.0,0.0,48.832,2.288,27.0,0.0,penurie (vide)
velib,Paris,b3a7c57046c9323e40239d235b3b8c98,Traktir - Foch,0.318,7.0,15.0,22.0,0.0,0.0,48.873,2.292,7.0,0.0,penurie (vide)
velib,Paris,b3b1f9720a1fd1218135a9d4701ee1f9,Lieutenant Colonel Prudhon - Repos,0.154,4.0,22.0,26.0,0.0,0.0,48.947,2.238,4.0,0.0,penurie (vide)
velib,Paris,b3ce94d4f02923feba8c90864645ffdf,Saint-Antoine Sévigné,0.269,7.0,19.0,26.0,0.0,0.0,48.855,2.361,7.0,0.0,penurie (vide)
velib,Paris,b3df50a62555a3efc752cfb0635072f3,Hôtel de ville de Fontenay-sous-Bois,1.0,20.0,0.0,20.0,0.0,1.0,48.849,2.475,20.0,1.0,saturation (pleine)
velib,Paris,b3fa06f2170cf43988e15d5fd119e88f,Landy - Heurtault,0.571,16.0,12.0,28.0,0.0,0.0,48.915,2.376,16.0,0.0,penurie (vide)
velib,Paris,b40e3312c23f09aaaa9f2c0215beb1fe,Hôtel de Ville de Saint-Ouen,0.417,20.0,28.0,48.0,0.0,0.0,48.911,2.334,20.0,0.0,penurie (vide)
velib,Paris,b418c57e161bae7f53bc416148ab4abd,Pelée - Alphonse Baudin,0.474,18.0,20.0,38.0,0.0,0.0,48.86,2.371,18.0,0.0,penurie (vide)
velib,Paris,b41e27b4d98234d26fa1c1b5550fdb6b,Auguste Blanqui - Corvisart,0.038,1.0,25.0,26.0,0.0,0.0,48.83,2.35,1.0,0.0,penurie (vide)
velib,Paris,b47dce00d89aa949eb78d11ac579d150,Temple - Haudriettes,0.474,9.0,10.0,19.0,0.0,0.0,48.862,2.357,9.0,0.0,penurie (vide)
velib,Paris,b4845c36f3202ce8846cd06f5d41a4ec,Arcole - Notre-Dame,0.5,6.0,6.0,12.0,0.0,0.0,48.854,2.349,6.0,0.0,penurie (vide)
velib,Paris,b4a54499cfbf4c019f263844568f31c1,Jean-Baptiste Charcot - Sainte-Geneviève,0.762,16.0,5.0,21.0,0.0,0.0,48.903,2.279,16.0,0.0,penurie (vide)
velib,Paris,b4a9fd83cf40c8b7f6d32f1d688dc500,Ancienne Mairie - André Morizet,0.6,15.0,10.0,25.0,0.0,0.0,48.838,2.234,15.0,0.0,penurie (vide)
velib,Paris,b4fcb3ec9634753d8ed0e2f3814b1110,Square Montholon,0.286,6.0,15.0,21.0,0.0,0.0,48.877,2.346,6.0,0.0,penurie (vide)
velib,Paris,b55dde7a1c4072a62e176b7d232f4ef1,Nungesser - Santé,0.0,0.0,22.0,22.0,1.0,0.0,48.852,2.449,0.0,1.0,penurie (vide)
velib,Paris,b5ab69f1149431d5e2d88e6e48c13bfd,Jean Jaurès - Presles,0.467,14.0,16.0,30.0,0.0,0.0,48.907,2.396,14.0,0.0,penurie (vide)
velib,Paris,b5e0ce34d56d5a00d64947b6045b9fdc,Silly - Galliéni,0.4,10.0,15.0,25.0,0.0,0.0,48.836,2.233,10.0,0.0,penurie (vide)
velib,Paris,b5f68aea6f9159be790d003020dbbaa9,Benoît Frachon - République,0.655,19.0,10.0,29.0,0.0,0.0,48.852,2.416,19.0,0.0,penurie (vide)
velib,Paris,b62e4465312c4da84a91a204b9f8fd8c,Lagny - Joffre,0.742,23.0,8.0,31.0,0.0,0.0,48.849,2.418,23.0,0.0,penurie (vide)
velib,Paris,b66f4ff7513e8677ce750ba7304e33cc,Gare de Nanterre Ville,0.674,29.0,14.0,43.0,0.0,0.0,48.895,2.196,29.0,0.0,penurie (vide)
velib,Paris,b683174dfca691228c11a19d794d1b71,Guillaume Tell - Parc Henri Barbusse,0.05,1.0,19.0,20.0,0.0,0.0,48.89,2.42,1.0,0.0,penurie (vide)
velib,Paris,b7178daae0d22253ae3831c6d4044eeb,Batignolles - Place de Clichy,0.043,2.0,44.0,46.0,0.0,0.0,48.883,2.326,2.0,0.0,penurie (vide)
velib,Paris,b72bbb7eb5c7086e574f95846674e2f6,Liberté - Vert-de-Maisons,0.25,5.0,15.0,20.0,0.0,0.0,48.79,2.433,5.0,0.0,penurie (vide)
velib,Paris,b74512b9979ac7824c734c07bbd48fc4,Charonne - Avron,0.111,3.0,24.0,27.0,0.0,0.0,48.852,2.398,3.0,0.0,penurie (vide)
velib,Paris,b76faaff57a08ed421fd885afc6fe2a8,Square Gilbert Thomain,0.778,14.0,4.0,18.0,0.0,0.0,48.907,2.27,14.0,0.0,penurie (vide)
velib,Paris,b78d65c32354443bd0098fc31bbdaf88,Place Jacques Bonsergent,0.29,9.0,22.0,31.0,0.0,0.0,48.871,2.361,9.0,0.0,penurie (vide)
velib,Paris,b7b1c4fc2cac6a5289007a6624f1b90a,Léon Frot - Charonne,0.237,9.0,29.0,38.0,0.0,0.0,48.855,2.387,9.0,0.0,penurie (vide)
velib,Paris,b80e4fd2aa46d3195a0270829ca81284,Hôtel de Ville - Pont-Marie,0.441,15.0,19.0,34.0,0.0,0.0,48.854,2.357,15.0,0.0,penurie (vide)
velib,Paris,b80eaf3c0a9b389c2730a50539982203,Château - Bineau,0.391,9.0,14.0,23.0,0.0,0.0,48.89,2.27,9.0,0.0,penurie (vide)
velib,Paris,b86083ce4a62fc53e6bd20dd076e4ba6,Porte d'Aubervilliers,0.145,8.0,47.0,55.0,0.0,0.0,48.899,2.369,8.0,0.0,penurie (vide)
velib,Paris,b88622fa2683838b0565e7e0be139d6e,Octave Gréard - Tour Eiffel,0.879,29.0,4.0,33.0,0.0,0.0,48.857,2.293,29.0,0.0,penurie (vide)
velib,Paris,b91a0338e087aba86af02593847f0d0b,Pont de Levallois-bécon ,0.98,48.0,1.0,49.0,0.0,0.0,48.898,2.279,48.0,0.0,penurie (vide)
velib,Paris,b91a0d27525e7009c69c7be6cf2eaea3,Richard Lenoir - Voltaire,0.375,9.0,15.0,24.0,0.0,0.0,48.862,2.373,9.0,0.0,penurie (vide)
velib,Paris,b932c4981db56713f5cdf8f0bd6812b6,Jussieu - Fossés Saint-Bernard,0.474,18.0,20.0,38.0,0.0,0.0,48.847,2.353,18.0,0.0,penurie (vide)
velib,Paris,b936837401937a91e4558fc438b348fb,Faubourg St-Antoine - Place de la Nation,0.312,5.0,11.0,16.0,0.0,0.0,48.849,2.394,5.0,0.0,penurie (vide)
velib,Paris,b97a04ef3e78f433d706ea0703f3ec7e,Quai des Célestins - Henri IV,0.75,9.0,3.0,12.0,0.0,0.0,48.851,2.362,9.0,0.0,penurie (vide)
velib,Paris,ba220c2f91c92b4ed1a31315fbf59d1d,Mairie du 7ème,0.891,41.0,5.0,46.0,0.0,0.0,48.858,2.319,41.0,0.0,penurie (vide)
velib,Paris,ba2eb644d2305a1d1ae19220a5b4209f,Sorbonne - Ecoles,0.231,15.0,50.0,65.0,0.0,0.0,48.85,2.343,15.0,0.0,penurie (vide)
velib,Paris,ba37a6aea713b50c7b67705f1aff3040,Mairie du 20ème,0.148,4.0,23.0,27.0,0.0,0.0,48.865,2.399,4.0,0.0,penurie (vide)
velib,Paris,ba479f283b923edeb999197b70c4a78d,Saint-Amand - Labrouste,0.0,0.0,36.0,36.0,1.0,0.0,48.834,2.309,0.0,1.0,penurie (vide)
velib,Paris,ba65681ee1a650bfef62a78064308564,Place Charles Digeon,0.031,1.0,31.0,32.0,0.0,0.0,48.844,2.418,1.0,0.0,penurie (vide)
velib,Paris,bac8a7672d8084757dd5f21bfdc1cfc2,Henri Barbusse - Gabriel Péri,0.0,0.0,27.0,27.0,1.0,0.0,48.802,2.287,0.0,1.0,penurie (vide)
velib,Paris,bad8c427f2c0ec6e3521c3b4ee5a8e33,Carnot - Général Lanrezac,0.172,5.0,24.0,29.0,0.0,0.0,48.875,2.294,5.0,0.0,penurie (vide)
velib,Paris,bb02dbdca447a042d893b3ce443974ba,Bastille - Quai de la Rapée,0.593,16.0,11.0,27.0,0.0,0.0,48.847,2.367,16.0,0.0,penurie (vide)
velib,Paris,bb0a4ab4ded73f59ad666a95d0179447,Pont de Lodi - Dauphine,0.261,6.0,17.0,23.0,0.0,0.0,48.855,2.34,6.0,0.0,penurie (vide)
velib,Paris,bb630fc83299a0aa6f2decdbcac98881,Suresnes - Place du Souvenir Français,0.25,4.0,12.0,16.0,0.0,0.0,48.847,2.194,4.0,0.0,penurie (vide)
velib,Paris,bbbe9c129e66e5d0ea2af6e5f6cffba0,Lavandieres Sainte Opportune - Rivoli,0.115,3.0,23.0,26.0,0.0,0.0,48.859,2.347,3.0,0.0,penurie (vide)
velib,Paris,bc1961bbf9740082e9514a933bd502b5,Garibaldi - Gabriel Péri,0.5,14.0,14.0,28.0,0.0,0.0,48.906,2.332,14.0,0.0,penurie (vide)
velib,Paris,bc3731be62f9914a887f9516b315c83d,Bayen - Pereire,0.409,9.0,13.0,22.0,0.0,0.0,48.882,2.292,9.0,0.0,penurie (vide)
velib,Paris,bc7b2844eb1c694d3d447907d79202a3,Fernand Braudel - Vincent Auriol ,0.857,30.0,5.0,35.0,0.0,0.0,48.836,2.372,30.0,0.0,penurie (vide)
velib,Paris,bc90f39857a6b9e2a4b09baf2562b6ab,Méchain - Faubourg Saint-Jacques,0.375,6.0,10.0,16.0,0.0,0.0,48.836,2.338,6.0,0.0,penurie (vide)
velib,Paris,bcf9fb7fc6161096b6df2427d6a735dd,Pavé Grignon - Bretagne,0.9,18.0,2.0,20.0,0.0,0.0,48.757,2.401,18.0,0.0,penurie (vide)
velib,Paris,bd0cc37d59d1d25618aac76b0ff251ac,Yves Farges - Route d'Enghien,0.286,10.0,25.0,35.0,0.0,0.0,48.958,2.283,10.0,0.0,penurie (vide)
velib,Paris,bd0ea6b9f93e49030dca38ce0a3b5e21,Pyrénées - Cours de Vincennes,0.524,11.0,10.0,21.0,0.0,0.0,48.848,2.406,11.0,0.0,penurie (vide)
velib,Paris,bdb86d14e2bd6354e7aa1e7c7610acd4,Gare du Nord - Hôpital Lariboisière,0.042,2.0,46.0,48.0,0.0,0.0,48.882,2.352,2.0,0.0,penurie (vide)
velib,Paris,bdf374b071779abc1a0c59e89c68f204,Arbalète - Claude Bernard,0.088,3.0,31.0,34.0,0.0,0.0,48.84,2.348,3.0,0.0,penurie (vide)
velib,Paris,be3b16bc01fd0d89024e701419c68abd,Joseph Dijon - Ornano,0.029,1.0,33.0,34.0,0.0,0.0,48.894,2.348,1.0,0.0,penurie (vide)
velib,Paris,be3f66ae060ea6b006e4e959ffa89a5e,Pitié-Salpêtrière,0.745,38.0,13.0,51.0,0.0,0.0,48.837,2.365,38.0,0.0,penurie (vide)
velib,Paris,be5508c978ac002c6468e55accb555fd,Exelmans - Michel-Ange,0.938,30.0,2.0,32.0,0.0,0.0,48.843,2.26,30.0,0.0,penurie (vide)
velib,Paris,beb66ab17e2bd4a7cf8ee81fffe1fbb5,Tiron - Rivoli,0.25,7.0,21.0,28.0,0.0,0.0,48.856,2.358,7.0,0.0,penurie (vide)
velib,Paris,bf298b99f30ab0a824f23198687396c5,Mairie de quartier du Plateau - Mont-Valérien,0.211,4.0,15.0,19.0,0.0,0.0,48.88,2.207,4.0,0.0,penurie (vide)
velib,Paris,bf673f18227a42a5dcc3da272b83a8e9,Chazelles - Courcelles ,0.114,4.0,31.0,35.0,0.0,0.0,48.879,2.303,4.0,0.0,penurie (vide)
velib,Paris,bf6ea6342f642b589ad4156ef187e84c,Jean Jaurès - Jules Jacquemin,0.083,2.0,22.0,24.0,0.0,0.0,48.884,2.408,2.0,0.0,penurie (vide)
velib,Paris,bf7454ba878d169a278e984513d65bb6,Ordener - Poissonniers,0.057,2.0,33.0,35.0,0.0,0.0,48.891,2.351,2.0,0.0,penurie (vide)
velib,Paris,bf825ec63b2762a3c2e10f61cbefe5c5,Gambetta - Saint Fargeau,0.0,0.0,24.0,24.0,1.0,0.0,48.871,2.404,0.0,1.0,penurie (vide)
velib,Paris,bfce94d5e50d4f329022a751879f0dc7,Petites Ecuries - Faubourg Saint-Denis,0.5,14.0,14.0,28.0,0.0,0.0,48.873,2.354,14.0,0.0,penurie (vide)
velib,Paris,bfd0da5c08ed6b5437782cec359cda56,Convention - Campus de Bobigny,0.312,10.0,22.0,32.0,0.0,0.0,48.915,2.417,10.0,0.0,penurie (vide)
velib,Paris,bfdf67edbee29fe9460c0d7eba541fa5,Gare RER de Saint-Denis,0.5,18.0,18.0,36.0,0.0,0.0,48.936,2.347,18.0,0.0,penurie (vide)
velib,Paris,bff05c081ad5a7597f093b0b4fbd8e5f,Saint-Germain - Verdun,0.034,1.0,28.0,29.0,0.0,0.0,48.883,2.433,1.0,0.0,penurie (vide)
velib,Paris,c044b087da23d9a9f6974c2f0b71c3f4,Charenton - Wattignies,0.525,21.0,19.0,40.0,0.0,0.0,48.837,2.392,21.0,0.0,penurie (vide)
velib,Paris,c04cc7c5734ec4065cbf765a5c99711f,Chernoviz - Raynouard,0.0,0.0,37.0,37.0,1.0,0.0,48.857,2.282,0.0,1.0,penurie (vide)
velib,Paris,c07a274f282db2f80eedc179128a1588,Bas - Gabriel Péri,0.292,7.0,17.0,24.0,0.0,0.0,48.916,2.295,7.0,0.0,penurie (vide)
velib,Paris,c0c97440cf9f6487ff0762be5c5a2373,Gallieni - Lycée Charles Petitet,0.558,24.0,19.0,43.0,0.0,0.0,48.928,2.331,24.0,0.0,penurie (vide)
velib,Paris,c0ca414cc7641f067e9142aad86cc77c,François Ponsard - La Muette,0.261,6.0,17.0,23.0,0.0,0.0,48.858,2.274,6.0,0.0,penurie (vide)
velib,Paris,c0e877315f46f40bc1ef9a82c9075771,Batignolles - Rome,0.154,2.0,11.0,13.0,0.0,0.0,48.882,2.32,2.0,0.0,penurie (vide)
velib,Paris,c0e94fd15609b457f7f504d2c8f43487,Lacépède - Linné,0.057,3.0,50.0,53.0,0.0,0.0,48.844,2.355,3.0,0.0,penurie (vide)
velib,Paris,c0ff72472c8ce1be5e4ea3b474784061,Vistule - Choisy,0.091,3.0,30.0,33.0,0.0,0.0,48.824,2.362,3.0,0.0,penurie (vide)
velib,Paris,c1105acce4132674f6b57f793041cf3c,Centre Hospitalier Intercommunal de Créteil,0.882,15.0,2.0,17.0,0.0,0.0,48.797,2.464,15.0,0.0,penurie (vide)
velib,Paris,c112a52278dd51eab5e8e5714fe9ec8e,Jemmapes - Ecluses Saint-Martin,0.214,3.0,11.0,14.0,0.0,0.0,48.877,2.366,3.0,0.0,penurie (vide)
velib,Paris,c15994c1414ada861151cf5578f7e11b,Dugommier,0.235,12.0,39.0,51.0,0.0,0.0,48.839,2.39,12.0,0.0,penurie (vide)
velib,Paris,c15af81b7bfe31a3e0c3ebe24448013d,Arsonval - Falguière,0.043,1.0,22.0,23.0,0.0,0.0,48.84,2.313,1.0,0.0,penurie (vide)
velib,Paris,c16277b71cfb169bddbb29bb420f624b,Villersexel - Saint-Germain,0.933,14.0,1.0,15.0,0.0,0.0,48.858,2.324,14.0,0.0,penurie (vide)
velib,Paris,c1647dcd201b73b9913e842344a4c1f4,Marché Saint-Quentin,0.333,5.0,10.0,15.0,0.0,0.0,48.877,2.355,5.0,0.0,penurie (vide)
velib,Paris,c17a9911812cb8a668dbdce1104e240a,Balzac - Champs Elysées,0.621,18.0,11.0,29.0,0.0,0.0,48.873,2.3,18.0,0.0,penurie (vide)
velib,Paris,c1be70586e7d87c836721011257c2288,Marché aux fleurs,0.947,18.0,1.0,19.0,0.0,0.0,48.855,2.347,18.0,0.0,penurie (vide)
velib,Paris,c1c55be60272e11d93138766ff646764,Avenir,0.756,31.0,10.0,41.0,0.0,0.0,48.81,2.3,31.0,0.0,penurie (vide)
velib,Paris,c1dd4b0dc398452f7aaff4e02ea232a0,Saint-Fiacre - Poissonière,0.771,27.0,8.0,35.0,0.0,0.0,48.871,2.346,27.0,0.0,penurie (vide)
velib,Paris,c1e69c64deeb554320e40ab9dd9e10f7,Bagnolet - Place Saint-Blaise,0.037,1.0,26.0,27.0,0.0,0.0,48.86,2.403,1.0,0.0,penurie (vide)
velib,Paris,c1eab5a9bf54ad9eafe51635de04e07c,Censier - Jardin des Plantes,0.964,27.0,1.0,28.0,0.0,0.0,48.841,2.355,27.0,0.0,penurie (vide)
velib,Paris,c2a595e428cf31fcfdf020d809a53888,Gare des Vallées,0.368,7.0,12.0,19.0,0.0,0.0,48.913,2.258,7.0,0.0,penurie (vide)
velib,Paris,c2f220052da509ab53a6129ca538a42b,Clapeyron - Moscou,0.133,2.0,13.0,15.0,0.0,0.0,48.881,2.325,2.0,0.0,penurie (vide)
velib,Paris,c3250e94d8848caf3f29646b63ca09a3,Place Marcel Cachin,1.0,31.0,0.0,31.0,0.0,1.0,48.814,2.391,31.0,1.0,saturation (pleine)
velib,Paris,c34975e722f4caf33273bd2b90765a70,Saint-Michel - Luxembourg,0.333,9.0,18.0,27.0,0.0,0.0,48.845,2.339,9.0,0.0,penurie (vide)
velib,Paris,c3a5c7dc8528197bcf74a69f8c3a9f85,Square Claude Bernard,0.533,16.0,14.0,30.0,0.0,0.0,48.899,2.375,16.0,0.0,penurie (vide)
velib,Paris,c440d5f033c71b75a5390fdc670f7643,Route de Sèvres - Porte de Bagatelle,0.788,52.0,14.0,66.0,0.0,0.0,48.875,2.249,52.0,0.0,penurie (vide)
velib,Paris,c4a409283c34f819bc5dc562f62365a4,Porte de la Chapelle - Boulevard Ney,0.231,12.0,40.0,52.0,0.0,0.0,48.9,2.359,12.0,0.0,penurie (vide)
velib,Paris,c4ac8b9a7a00cca4b98bdb350aefebd4,Brochant - Clichy,0.038,2.0,51.0,53.0,0.0,0.0,48.89,2.32,2.0,0.0,penurie (vide)
velib,Paris,c4bb8e03ef466b8ed7b0b536daa2574d,Jourdan - Cité Universitaire,0.368,14.0,24.0,38.0,0.0,0.0,48.82,2.34,14.0,0.0,penurie (vide)
velib,Paris,c503eafcf1cc851ff3626fe92a7d0f9a,Quai de la Seine,0.083,2.0,22.0,24.0,0.0,0.0,48.884,2.37,2.0,0.0,penurie (vide)
velib,Paris,c51fb359bcf7171f3de38899d5a4711a,Place du Palais Royal,0.642,43.0,24.0,67.0,0.0,0.0,48.862,2.338,43.0,0.0,penurie (vide)
velib,Paris,c52fe310500338d05328a493f9e5a398,Place Edmond Michelet,0.136,3.0,19.0,22.0,0.0,0.0,48.86,2.35,3.0,0.0,penurie (vide)
velib,Paris,c60e64b99a2e67f10e36128ac8ba9735,Square des Saint-Simoniens,0.0,0.0,25.0,25.0,1.0,0.0,48.87,2.397,0.0,1.0,penurie (vide)
velib,Paris,c61edfd963e8ecdd59129015e49c8e5e,Place du 17 Octobre,0.706,12.0,5.0,17.0,0.0,0.0,48.92,2.298,12.0,0.0,penurie (vide)
velib,Paris,c65b661fd7d7677b8b2884bfa93990db,Parc des Pierrettes,0.0,0.0,22.0,22.0,1.0,0.0,48.797,2.291,0.0,1.0,penurie (vide)
velib,Paris,c6a39a31a86611c31fb3c34bae46e8f5,Boulangers - Cardinal Lemoine,0.263,5.0,14.0,19.0,0.0,0.0,48.846,2.352,5.0,0.0,penurie (vide)
velib,Paris,c6a57109702ddeb17e98719cc1e59548,Saint-Marc - Feydeau,0.973,36.0,1.0,37.0,0.0,0.0,48.87,2.342,36.0,0.0,penurie (vide)
velib,Paris,c6a919ba33a2cb3118e772edce4219f5,Adolphe Lalyre - Armand Silvestre,0.158,6.0,32.0,38.0,0.0,0.0,48.904,2.273,6.0,0.0,penurie (vide)
velib,Paris,c6cd3ee1a82b246c5cb86035faa68d1a,Château - République,0.348,8.0,15.0,23.0,0.0,0.0,48.863,2.416,8.0,0.0,penurie (vide)
velib,Paris,c6e687e00b92295c07001aaaba49d7ee,Place Jeanne d'Arc,0.083,3.0,33.0,36.0,0.0,0.0,48.83,2.369,3.0,0.0,penurie (vide)
velib,Paris,c737a1a2a4df9cd05b776763a8bfcd47,Maréchal Leclerc de Hauteclocque - Marché Buzenval,0.1,3.0,27.0,30.0,0.0,0.0,48.858,2.192,3.0,0.0,penurie (vide)
velib,Paris,c73cd994866ac7f654e63bd1869b05e9,Ferrus - Saint-Jacques,0.364,12.0,21.0,33.0,0.0,0.0,48.831,2.341,12.0,0.0,penurie (vide)
velib,Paris,c7a119e30d8a26d68e61152c74a87343,Ranelagh - Mozart,0.045,1.0,21.0,22.0,0.0,0.0,48.855,2.27,1.0,0.0,penurie (vide)
velib,Paris,c7a1d36b84ad38166ff710de7c2eab0c,François 1er - Lincoln,0.806,25.0,6.0,31.0,0.0,0.0,48.87,2.302,25.0,0.0,penurie (vide)
velib,Paris,c7a32dcef8ead4b5fed56b69f3248097,Hôtel de Ville d'Asnières sur Seine,0.31,9.0,20.0,29.0,0.0,0.0,48.91,2.288,9.0,0.0,penurie (vide)
velib,Paris,c7b318ad1bb3add88e7d495083518d56,Charles de Gaulle - Sablonville,0.615,16.0,10.0,26.0,0.0,0.0,48.88,2.276,16.0,0.0,penurie (vide)
velib,Paris,c809de54c74118121dda515b88cc8cd7,Bourdon - Pont Morland,0.56,28.0,22.0,50.0,0.0,0.0,48.848,2.366,28.0,0.0,penurie (vide)
velib,Paris,c81a55e172104b19b387bfd4a02bab9c,Place Jean Delay,0.412,14.0,20.0,34.0,0.0,0.0,48.823,2.354,14.0,0.0,penurie (vide)
velib,Paris,c890de5a4ae713ea20587509c5883323,Chanzy - Sud-Est,0.6,15.0,10.0,25.0,0.0,0.0,48.889,2.196,15.0,0.0,penurie (vide)
velib,Paris,c8b6d9b61456287d093e0c708796949d,Gare de l'Est - Chateau Landon,0.053,3.0,54.0,57.0,0.0,0.0,48.879,2.362,3.0,0.0,penurie (vide)
velib,Paris,c8ca1d140dac90e5571c377761f51505,Joseph Liouville - Croix Nivert,0.656,40.0,21.0,61.0,0.0,0.0,48.845,2.298,40.0,0.0,penurie (vide)
velib,Paris,c8dd78c42d1ed246a5d074e735dae8f3,Place d'Italie - Vincent Auriol,0.179,7.0,32.0,39.0,0.0,0.0,48.831,2.357,7.0,0.0,penurie (vide)
velib,Paris,c917abff645e65b56936689a897f91ac,Dôme - République,0.917,22.0,2.0,24.0,0.0,0.0,48.833,2.25,22.0,0.0,penurie (vide)
velib,Paris,c923203a02ef3af397694f3c550a182c,Thionville - Ourcq,0.091,2.0,20.0,22.0,0.0,0.0,48.889,2.383,2.0,0.0,penurie (vide)
velib,Paris,c9326a3111d3c44e3ac8114db5b2a677,Jules Guesde - Pont du Port à l'Anglais,0.433,13.0,17.0,30.0,0.0,0.0,48.796,2.417,13.0,0.0,penurie (vide)
velib,Paris,c9706431276f04db80843eb7662b7e07,Balzac - Olympes de Gouges,0.63,17.0,10.0,27.0,0.0,0.0,48.779,2.401,17.0,0.0,penurie (vide)
velib,Paris,c97c5cffb3759b0598a9d8ac07c3f8da,Bara - Henri Farman,1.0,58.0,0.0,58.0,0.0,1.0,48.833,2.268,58.0,1.0,saturation (pleine)
velib,Paris,c9a014d11040b1861c6e85efbb832ed8,Jules Vallès - Charonne,0.182,4.0,18.0,22.0,0.0,0.0,48.854,2.385,4.0,0.0,penurie (vide)
velib,Paris,c9b60112195f64453fa0be5d38ec81f2,Saint-Cloud - Hippodrome,0.172,5.0,24.0,29.0,0.0,0.0,48.858,2.255,5.0,0.0,penurie (vide)
velib,Paris,c9e40faf6c216f19841c1615291d3f05,Montmartre - Etienne Marcel,0.875,14.0,2.0,16.0,0.0,0.0,48.865,2.345,14.0,0.0,penurie (vide)
velib,Paris,c9edcdf32809c955e2ab833381c149a2,Guersant - Gouvion-Saint-Cyr,0.152,5.0,28.0,33.0,0.0,0.0,48.883,2.288,5.0,0.0,penurie (vide)
velib,Paris,c9f2af269df506f6f576bf0503409823,Mairie de Bagnolet,0.036,1.0,27.0,28.0,0.0,0.0,48.868,2.418,1.0,0.0,penurie (vide)
velib,Paris,c9ff70802c32d3cf02ee6e80394fc8eb,Leibniz - Jean Dollfus,0.062,2.0,30.0,32.0,0.0,0.0,48.896,2.333,2.0,0.0,penurie (vide)
velib,Paris,ca20583d5caa1989886730816f97399d,Pascal - Claude Bernard,0.347,17.0,32.0,49.0,0.0,0.0,48.839,2.35,17.0,0.0,penurie (vide)
velib,Paris,ca466df69e35273fc64c3ba842d83fa8,Place François Mitterand,0.03,1.0,32.0,33.0,0.0,0.0,48.865,2.443,1.0,0.0,penurie (vide)
velib,Paris,ca67ed1b26a3596c4e67f315de9be200,Porte d'Asnières,0.486,17.0,18.0,35.0,0.0,0.0,48.89,2.304,17.0,0.0,penurie (vide)
velib,Paris,cad3a08d56813eb6cc0f77d8c83dbdfd,Fessart - Château,0.684,13.0,6.0,19.0,0.0,0.0,48.842,2.24,13.0,0.0,penurie (vide)
velib,Paris,cad53c364f42eb03e0ececd089cc081e,Matignon - Faubourg Saint-Honoré,0.857,30.0,5.0,35.0,0.0,0.0,48.871,2.314,30.0,0.0,penurie (vide)
velib,Paris,cada83d656ebe4fdb26027abbdd9b422,Gambetta - Père Lachaise,0.071,2.0,26.0,28.0,0.0,0.0,48.864,2.398,2.0,0.0,penurie (vide)
velib,Paris,caf366ec5ee13e669bcc8c9a9b3fc0b7,Gaston Roussel - Commune de Paris,0.68,34.0,16.0,50.0,0.0,0.0,48.894,2.432,34.0,0.0,penurie (vide)
velib,Paris,cb13dedb8faacca75a1005939ccf9a9d,Boulets - Voltaire,0.421,16.0,22.0,38.0,0.0,0.0,48.852,2.389,16.0,0.0,penurie (vide)
velib,Paris,cb699740ae218b77b78f662442be89ae,Stade Gaston Bouillant,0.448,13.0,16.0,29.0,0.0,0.0,48.94,2.328,13.0,0.0,penurie (vide)
velib,Paris,cb86865b0a02da8981d54f3c56f7e274,Paris - Emile Zola,0.138,4.0,25.0,29.0,0.0,0.0,48.855,2.419,4.0,0.0,penurie (vide)
velib,Paris,cbf1513d99a12152bd7b0fd6ea0c0b93,Italie - Tolbiac,0.19,4.0,17.0,21.0,0.0,0.0,48.826,2.358,4.0,0.0,penurie (vide)
velib,Paris,cc045e8ede1dd88800eae4404ded7e00,Jessaint - Marx Dormoy,0.241,7.0,22.0,29.0,0.0,0.0,48.885,2.359,7.0,0.0,penurie (vide)
velib,Paris,cc0c5f797d46f3d8ad78f1b7e870bd75,Diane Arbus,0.25,9.0,27.0,36.0,0.0,0.0,48.899,2.352,9.0,0.0,penurie (vide)
velib,Paris,cc49367df2e0b6587bf53bc30213a936,Convention - Saint-Charles,0.773,17.0,5.0,22.0,0.0,0.0,48.843,2.283,17.0,0.0,penurie (vide)
velib,Paris,cc79fca23c984c0764ce515f2064b665,Créteil Village,0.88,22.0,3.0,25.0,0.0,0.0,48.791,2.464,22.0,0.0,penurie (vide)
velib,Paris,cc88fcbf27935cc244125ef9ceae5e26,Strasbourg - Saint-Denis,0.786,11.0,3.0,14.0,0.0,0.0,48.87,2.354,11.0,0.0,penurie (vide)
velib,Paris,cc90abc8999efada17673a622bd63613,Saint-Marcel - Hôpital,0.75,15.0,5.0,20.0,0.0,0.0,48.84,2.361,15.0,0.0,penurie (vide)
velib,Paris,ccc358ad44a942c29a201a19d23025dc,Marché d'Auteuil,0.656,21.0,11.0,32.0,0.0,0.0,48.848,2.265,21.0,0.0,penurie (vide)
velib,Paris,cccde3649133ed2952643b99fa3a69f4,Arthur Auger - Jean Jaurès,0.346,9.0,17.0,26.0,0.0,0.0,48.814,2.307,9.0,0.0,penurie (vide)
velib,Paris,ccd737a08df2677cef1e31a5c33a0385,Saint-Germain - Thenard,0.452,14.0,17.0,31.0,0.0,0.0,48.851,2.347,14.0,0.0,penurie (vide)
velib,Paris,ccddc3f74a52fc55e5dd7db77b86033a,Lieutenant Chauré - Etienne Marey,0.0,0.0,20.0,20.0,1.0,0.0,48.867,2.406,0.0,1.0,penurie (vide)
velib,Paris,cd1a791b72f3f9fc5d853d19ed32f311,Hoche - Tilsitt,0.212,7.0,26.0,33.0,0.0,0.0,48.875,2.297,7.0,0.0,penurie (vide)
velib,Paris,cd22f944f9fdf51318a16292e5bbc8c3,Auguste Blanqui - Glacière,0.169,10.0,49.0,59.0,0.0,0.0,48.831,2.344,10.0,0.0,penurie (vide)
velib,Paris,cd489a435681d84a885c7a188e9a1161,Place du Président Salvador Allende,0.356,21.0,38.0,59.0,0.0,0.0,48.897,2.401,21.0,0.0,penurie (vide)
velib,Paris,cd5327b63663bffded353199712296fa,Ruisseau - Ordener,0.146,7.0,41.0,48.0,0.0,0.0,48.893,2.34,7.0,0.0,penurie (vide)
velib,Paris,cd69b7db0fd7ebeee93947815fa06b25,Pyramide - Ecole du Breuil ,0.265,9.0,25.0,34.0,0.0,0.0,48.822,2.459,9.0,0.0,penurie (vide)
velib,Paris,cd7655a613600f921658453ab684a435,Gobelins - Port-Royal,0.436,17.0,22.0,39.0,0.0,0.0,48.837,2.352,17.0,0.0,penurie (vide)
velib,Paris,cd8520e3523db2cabae509e756e9c13c,Mézières - Rennes ,0.34,18.0,35.0,53.0,0.0,0.0,48.85,2.33,18.0,0.0,penurie (vide)
velib,Paris,cd91e4c9d707d0bebb4bd6677305110e,Vigée-Lebrun - Anselme Payen,0.167,4.0,20.0,24.0,0.0,0.0,48.839,2.311,4.0,0.0,penurie (vide)
velib,Paris,cd99f6fccb3b8308d3a209ed2d50f6b7,Guy Môquet - Etienne Dolet,0.609,14.0,9.0,23.0,0.0,0.0,48.815,2.298,14.0,0.0,penurie (vide)
velib,Paris,cdb65200c4ceb9dce69274bc4d2dc268,Saint-Séverin - Saint-Michel,0.067,2.0,28.0,30.0,0.0,0.0,48.853,2.344,2.0,0.0,penurie (vide)
velib,Paris,cdbabae1fe3896bc48c5b008a5c7b2d8,Jean Jaurès - Reine,0.935,29.0,2.0,31.0,0.0,0.0,48.84,2.24,29.0,0.0,penurie (vide)
velib,Paris,cdd59c8c602a90c3fed6dbf8d2f82103,Gustave Eiffel - Parc des Impressionnistes,0.138,4.0,25.0,29.0,0.0,0.0,48.904,2.295,4.0,0.0,penurie (vide)
velib,Paris,cdda626379b22db502e3212aa6902253,Place Aimé Césaire,0.259,7.0,20.0,27.0,0.0,0.0,48.783,2.243,7.0,0.0,penurie (vide)
velib,Paris,cdf5e0526888b551fc2fb951d345852e,Alger - Rivoli,0.95,19.0,1.0,20.0,0.0,0.0,48.865,2.329,19.0,0.0,penurie (vide)
velib,Paris,ce00d568338d0e7553448a88c3cb4a22,Maurice Payret-Dortail,0.773,17.0,5.0,22.0,0.0,0.0,48.878,2.223,17.0,0.0,penurie (vide)
velib,Paris,ce4e5a97532b51473d0bf57c118d4a4f,Pyrénées - Plaine,0.167,2.0,10.0,12.0,0.0,0.0,48.85,2.406,2.0,0.0,penurie (vide)
velib,Paris,cebc676249dd66560e19c0cf9e6aafea,Place Violet,0.791,34.0,9.0,43.0,0.0,0.0,48.845,2.291,34.0,0.0,penurie (vide)
velib,Paris,cef647062b0306bc184c430223a2155e,Camille Risch - Paul Armangot,0.92,23.0,2.0,25.0,0.0,0.0,48.775,2.374,23.0,0.0,penurie (vide)
velib,Paris,cefc98dfd9c1b8f4a9538c6a61d57a6b,Lampes,0.769,30.0,9.0,39.0,0.0,0.0,48.812,2.402,30.0,0.0,penurie (vide)
velib,Paris,cf06f90e57e47828b6a78c15756d6efd,Place Madeleine Daniélou,0.095,4.0,38.0,42.0,0.0,0.0,48.883,2.282,4.0,0.0,penurie (vide)
velib,Paris,cf0dcc3cdde692e1fca56a31ff549fff,Porte de Saint-Ouen - Bessières,0.195,8.0,33.0,41.0,0.0,0.0,48.898,2.329,8.0,0.0,penurie (vide)
velib,Paris,cf2845fd7cdf82c5822101739d3598cf,Jean Colly - Tolbiac,0.0,0.0,36.0,36.0,1.0,0.0,48.828,2.371,0.0,1.0,penurie (vide)
velib,Paris,cf34dec54143408a9d731235ec0e538c,Fontaine du Tertre - Calvaire,0.667,16.0,8.0,24.0,0.0,0.0,48.87,2.219,16.0,0.0,penurie (vide)
velib,Paris,cf4dfa3f6879b2834ad1cbc5d7bc6849,Galilée - Vernet,0.682,30.0,14.0,44.0,0.0,0.0,48.872,2.299,30.0,0.0,penurie (vide)
velib,Paris,cfb04039b2dd4859a627aaf88b07aaea,Demi-Lune - Aristide Briand,0.15,3.0,17.0,20.0,0.0,0.0,48.876,2.456,3.0,0.0,penurie (vide)
velib,Paris,cfd0fbc11c919802ae91c2eb8839bc29,Sainte-Elisabeth - Turbigo,0.469,15.0,17.0,32.0,0.0,0.0,48.866,2.36,15.0,0.0,penurie (vide)
velib,Paris,cfdecfc361ed07e08f45dcabb6b4389a,Place de la vache noire,0.28,7.0,18.0,25.0,0.0,0.0,48.81,2.327,7.0,0.0,penurie (vide)
velib,Paris,cfe055e9487ef772ec9df134a425b62f,Quai de l'Oise - Aisne,0.103,3.0,26.0,29.0,0.0,0.0,48.891,2.383,3.0,0.0,penurie (vide)
velib,Paris,cfe8facd91fe4fcbc173fe6b051e0524,Roquette - Thiéré,0.174,4.0,19.0,23.0,0.0,0.0,48.855,2.373,4.0,0.0,penurie (vide)
velib,Paris,d01c235cdb4b9097d28e455e2c74be01,Noisy le Sec - Jean-Baptiste Clément,0.091,2.0,20.0,22.0,0.0,0.0,48.875,2.415,2.0,0.0,penurie (vide)
velib,Paris,d0453cba0050a3750348d90b8d27f21b,Carnot - Pâquerettes,0.308,8.0,18.0,26.0,0.0,0.0,48.796,2.426,8.0,0.0,penurie (vide)
velib,Paris,d06b6074b26c67e4a503df2bec4220d9,Dutot - Place Alleray,0.0,0.0,55.0,55.0,1.0,0.0,48.837,2.307,0.0,1.0,penurie (vide)
velib,Paris,d0d3f7e68a27ed01037321db9119ba39,Charles de Gaulle,0.833,15.0,3.0,18.0,0.0,0.0,48.885,2.26,15.0,0.0,penurie (vide)
velib,Paris,d0dd4c71446d487e5e2bd12156a25230,Vignes - Boulainvilliers,0.0,0.0,21.0,21.0,1.0,0.0,48.856,2.275,0.0,1.0,penurie (vide)
velib,Paris,d0ea021404c44b9d7c69aeffdfece603,Dupleix - du Guesclin,0.191,9.0,38.0,47.0,0.0,0.0,48.851,2.297,9.0,0.0,penurie (vide)
velib,Paris,d16fc1f39f76274493aa77c45f2b36e5,Bois de Vincennes - Gare,0.54,27.0,23.0,50.0,0.0,0.0,48.836,2.471,27.0,0.0,penurie (vide)
velib,Paris,d17c296a25c00ec40e0484bce176a7ac,Batignolles - Beudant,0.0,0.0,44.0,44.0,1.0,0.0,48.882,2.32,0.0,1.0,penurie (vide)
velib,Paris,d17cf595103b6e4e9f35de8341444b7f,Wurtz - Tolbiac,0.25,7.0,21.0,28.0,0.0,0.0,48.826,2.345,7.0,0.0,penurie (vide)
velib,Paris,d187ec6f16648953827d9725582dda53,Quai de l'Aisne - Général Leclerc,0.5,11.0,11.0,22.0,0.0,0.0,48.896,2.401,11.0,0.0,penurie (vide)
velib,Paris,d19e975e803c256106251152a112ba7a,Parmentier - République,0.02,1.0,48.0,49.0,0.0,0.0,48.864,2.375,1.0,0.0,penurie (vide)
velib,Paris,d1a205319c0ce58cacbcf60dd8f54226,Place Fernand Forest,1.0,33.0,0.0,33.0,0.0,1.0,48.849,2.282,33.0,1.0,saturation (pleine)
velib,Paris,d1ba2fc1574bdec823864a3373312d04,Dunkerque - Maubeuge,0.086,3.0,32.0,35.0,0.0,0.0,48.88,2.353,3.0,0.0,penurie (vide)
velib,Paris,d1d05b02773239aaf28322d7b646f520,Jourdain - Place des Grandes Rigoles,0.045,1.0,21.0,22.0,0.0,0.0,48.874,2.39,1.0,0.0,penurie (vide)
velib,Paris,d1d88931b3ec2bdadebae98bce0a775d,Raspail - Varenne,0.824,14.0,3.0,17.0,0.0,0.0,48.853,2.326,14.0,0.0,penurie (vide)
velib,Paris,d1da3c0f31aac127904cd3b60055381a,Fontenay - Libération,0.125,3.0,21.0,24.0,0.0,0.0,48.848,2.445,3.0,0.0,penurie (vide)
velib,Paris,d227853e9d9fc8d6c3e75c3fbe9eaf66,Frères Flavien - Porte des Lilas,0.087,2.0,21.0,23.0,0.0,0.0,48.878,2.411,2.0,0.0,penurie (vide)
velib,Paris,d22fc51c6dcbdbf5b32e4b059311a8cc,Henri Barbusse - Marcel Cachin,0.364,12.0,21.0,33.0,0.0,0.0,48.937,2.372,12.0,0.0,penurie (vide)
velib,Paris,d243689d6ca258a5f5c454d856bde33a,Quai aux Fleurs - Pont Saint-Louis,0.579,11.0,8.0,19.0,0.0,0.0,48.853,2.352,11.0,0.0,penurie (vide)
velib,Paris,d269daa39170597c1baba53d89d7e887,Barbès - Monique Maunoury,0.275,11.0,29.0,40.0,0.0,0.0,48.816,2.369,11.0,0.0,penurie (vide)
velib,Paris,d28ebc744496d2db628197a316543b43,Mairie du 19ème,0.077,2.0,24.0,26.0,0.0,0.0,48.883,2.381,2.0,0.0,penurie (vide)
velib,Paris,d2b097f9d404bc73221242a9845ec9c7,Hoche - Jean Lolive,0.208,5.0,19.0,24.0,0.0,0.0,48.891,2.403,5.0,0.0,penurie (vide)
velib,Paris,d2b68e9aee4f8d99eb34c854f3b85736,Edouard Tremblay - Julian Grimaux,0.207,6.0,23.0,29.0,0.0,0.0,48.781,2.372,6.0,0.0,penurie (vide)
velib,Paris,d2d36ce1cf34e890b801db83379db9b3,Jules Guesde - Alsace,0.792,19.0,5.0,24.0,0.0,0.0,48.891,2.295,19.0,0.0,penurie (vide)
velib,Paris,d2fdb44d24221a8ead5536479a0aea46,Butte aux Cailles - Esperance,0.03,1.0,32.0,33.0,0.0,0.0,48.828,2.349,1.0,0.0,penurie (vide)
velib,Paris,d2ff4e868f7aeb9639f2ae96c6e83512,Pirogues de Bercy - Libourne,0.735,36.0,13.0,49.0,0.0,0.0,48.832,2.386,36.0,0.0,penurie (vide)
velib,Paris,d35b2b594f5e57d67ccab9e78051ab04,Parc Eli Lotar,0.389,7.0,11.0,18.0,0.0,0.0,48.918,2.373,7.0,0.0,penurie (vide)
velib,Paris,d39dc63368033011b19e414e04c713e2,Choisy - Pointe d'Ivry,0.083,2.0,22.0,24.0,0.0,0.0,48.822,2.363,2.0,0.0,penurie (vide)
velib,Paris,d3a2ff3c88a9849b2ee10579018a1364,Raspail - Manufacture des Oeillets,0.312,10.0,22.0,32.0,0.0,0.0,48.809,2.39,10.0,0.0,penurie (vide)
velib,Paris,d3a8891720a33bf7a94dc21f43c9251b,Place Jules Ferry,0.107,3.0,25.0,28.0,0.0,0.0,48.812,2.326,3.0,0.0,penurie (vide)
velib,Paris,d3b3781c33d6911a2b9500deaae8f33b,Charles Frérot - Albert Guilpin,0.767,23.0,7.0,30.0,0.0,0.0,48.816,2.351,23.0,0.0,penurie (vide)
velib,Paris,d3dc2fee037a699450ab092e9bee82c0,Ledru-Rollin - Charonne,0.903,28.0,3.0,31.0,0.0,0.0,48.853,2.377,28.0,0.0,penurie (vide)
velib,Paris,d3f6c21e324d23f9ac91ab4ce91375d9,Rivoli - Musée du Louvre,0.955,21.0,1.0,22.0,0.0,0.0,48.864,2.334,21.0,0.0,penurie (vide)
velib,Paris,d40c98f308326f0b185cf41bb9a394ac,Diderot - Reuilly,0.523,23.0,21.0,44.0,0.0,0.0,48.847,2.386,23.0,0.0,penurie (vide)
velib,Paris,d41d50eb287ee527848755b3a31ee559,Dunkerque - Alsace,0.316,6.0,13.0,19.0,0.0,0.0,48.879,2.358,6.0,0.0,penurie (vide)
velib,Paris,d451084505780610a099cc57eacf890c,Marceau - Président Wilson,0.903,28.0,3.0,31.0,0.0,0.0,48.865,2.3,28.0,0.0,penurie (vide)
velib,Paris,d46509da3786c640cb7abb6847e3b8c7,Montgallet - Reuilly,0.6,9.0,6.0,15.0,0.0,0.0,48.844,2.39,9.0,0.0,penurie (vide)
velib,Paris,d46dd9af29cb2b67e8cfbf357111d627,Brochant - Square des Batignolles,0.0,0.0,29.0,29.0,1.0,0.0,48.888,2.317,0.0,1.0,penurie (vide)
velib,Paris,d485ac89b4bae6ce0f0085c8bc139116,Victoire - Laffitte,0.9,18.0,2.0,20.0,0.0,0.0,48.875,2.338,18.0,0.0,penurie (vide)
velib,Paris,d4d5a406795dce514f9a773bf0b9088e,Léon - Doudeauville,0.167,2.0,10.0,12.0,0.0,0.0,48.888,2.354,2.0,0.0,penurie (vide)
velib,Paris,d535427d830d3d33b74a3cf93a58846f,Berthier - Place Stuart Merril,0.297,11.0,26.0,37.0,0.0,0.0,48.886,2.293,11.0,0.0,penurie (vide)
velib,Paris,d56a38df81c0e97aab0f6bb476f04c11,Siam - La Pompe,0.062,1.0,15.0,16.0,0.0,0.0,48.862,2.275,1.0,0.0,penurie (vide)
velib,Paris,d57ebdccece8728e9eadba78c16c3602,Marcelin Berthelot,0.074,2.0,25.0,27.0,0.0,0.0,48.842,2.233,2.0,0.0,penurie (vide)
velib,Paris,d585f0eeb4e482d9691e21e1e2d53095,Verdun - Place Henri IV,0.88,22.0,3.0,25.0,0.0,0.0,48.871,2.228,22.0,0.0,penurie (vide)
velib,Paris,d5f1b015488855947781d001a362194f,Bleue - Trévise,0.414,12.0,17.0,29.0,0.0,0.0,48.876,2.347,12.0,0.0,penurie (vide)
velib,Paris,d5f5b73d5f0c3069a29370f1b343f0ac,Herschel - Observatoire,0.327,18.0,37.0,55.0,0.0,0.0,48.843,2.338,18.0,0.0,penurie (vide)
velib,Paris,d658ad28796a6b9db0237989b29cf0f3,Moulin de la Pointe,0.0,0.0,22.0,22.0,1.0,0.0,48.821,2.356,0.0,1.0,penurie (vide)
velib,Paris,d6748cbdc75688e92afc35ecbcb5fc8e,Marcadet - Ramey,0.026,1.0,38.0,39.0,0.0,0.0,48.891,2.345,1.0,0.0,penurie (vide)
velib,Paris,d69467838ced5f3d7d6af24fe371de30,Richard Lenoir - Republique,0.5,28.0,28.0,56.0,0.0,0.0,48.867,2.369,28.0,0.0,penurie (vide)
velib,Paris,d69a9408f670d0ab0a5ad7db111b1eb4,Lamennais - Washington,0.632,24.0,14.0,38.0,0.0,0.0,48.874,2.303,24.0,0.0,penurie (vide)
velib,Paris,d69e6c49d6c6695f57da105b15f25945,Porte Pouchet-Bessières,0.714,15.0,6.0,21.0,0.0,0.0,48.898,2.323,15.0,0.0,penurie (vide)
velib,Paris,d6b992fa89757aa945638544c7efd161,Lucien Bossoutrot - Général Martial Vallin,1.0,38.0,0.0,38.0,0.0,1.0,48.837,2.274,38.0,1.0,saturation (pleine)
velib,Paris,d73ad62f43031d5b823dbba7b15649a7,André Maurois - Joseph et Marie Hackin,0.48,12.0,13.0,25.0,0.0,0.0,48.878,2.279,12.0,0.0,penurie (vide)
velib,Paris,d7738cfd81cd7a74ff9d0c831781dc55,Hôpital Pitié Salpêtrière,0.48,24.0,26.0,50.0,0.0,0.0,48.838,2.36,24.0,0.0,penurie (vide)
velib,Paris,d77c30d480348d7f414d601b7198e75b,Maine - Liancourt,0.0,0.0,26.0,26.0,1.0,0.0,48.835,2.324,0.0,1.0,penurie (vide)
velib,Paris,d7ab9293fc6942873793dcce80f3f95a,Blanqui - Docteur Bauer,0.519,14.0,13.0,27.0,0.0,0.0,48.908,2.341,14.0,0.0,penurie (vide)
velib,Paris,d7cd56dc000ee9223df903208083a724,Franquet - Labrouste,0.056,2.0,34.0,36.0,0.0,0.0,48.833,2.307,2.0,0.0,penurie (vide)
velib,Paris,d83374f7eaf870abfc72cf207f2a3b8d,Grenelle - Violet,0.571,20.0,15.0,35.0,0.0,0.0,48.85,2.295,20.0,0.0,penurie (vide)
velib,Paris,d8cdab7fb461460d64dbfb79b929ba85,Chemin Des Mèches - Marc Seguin,0.821,23.0,5.0,28.0,0.0,0.0,48.784,2.437,23.0,0.0,penurie (vide)
velib,Paris,d93e497643df8556cfd4ce5ca95b676f,Buzenval - Avron,0.1,5.0,45.0,50.0,0.0,0.0,48.852,2.402,5.0,0.0,penurie (vide)
velib,Paris,d96649370ea5261f31a17b3960d5936f,Suisses - Colonel de Rochebrune,0.188,3.0,13.0,16.0,0.0,0.0,48.854,2.198,3.0,0.0,penurie (vide)
velib,Paris,d98bd61b23c66085d4c05141739b43cf,Lassus - Delouvain,0.111,2.0,16.0,18.0,0.0,0.0,48.876,2.389,2.0,0.0,penurie (vide)
velib,Paris,d99ebba2c8baef12c6c148da1f221686,Clignancourt - Sofia,0.056,1.0,17.0,18.0,0.0,0.0,48.885,2.347,1.0,0.0,penurie (vide)
velib,Paris,d9ab4e54af77924b8e6e4e0f8054af58,Cimetière de Fontenay-sous-Bois,0.6,9.0,6.0,15.0,0.0,0.0,48.847,2.479,9.0,0.0,penurie (vide)
velib,Paris,d9dfac366d625650947c3a8a869a7122,Charles Tillon - Cimetière Communal,0.633,19.0,11.0,30.0,0.0,0.0,48.918,2.394,19.0,0.0,penurie (vide)
velib,Paris,da06901ff9c1f080a4e8d1819ed38520,Pierre Grenier - Pont de Billancourt,0.45,9.0,11.0,20.0,0.0,0.0,48.826,2.249,9.0,0.0,penurie (vide)
velib,Paris,da16bdd7ea53e0bde9b8bf4c0c60dc81,Rochechouart - Martyrs,0.105,2.0,17.0,19.0,0.0,0.0,48.882,2.341,2.0,0.0,penurie (vide)
velib,Paris,da2b98917326d0d9abba63ffdab1683e,Marx Dormoy - Château Sainte-Barbe,0.091,2.0,20.0,22.0,0.0,0.0,48.792,2.298,2.0,0.0,penurie (vide)
velib,Paris,da851a915c41eb46abc46b738d798530,Clignancourt - Ordener,0.029,1.0,33.0,34.0,0.0,0.0,48.891,2.349,1.0,0.0,penurie (vide)
velib,Paris,daa140e1df4fd298c825b3071d34df26,Fille du Calvaire - Turenne,0.571,16.0,12.0,28.0,0.0,0.0,48.862,2.365,16.0,0.0,penurie (vide)
velib,Paris,dab5411bcd39a810e76307537333a88c,Pont de Suresnes,0.7,35.0,15.0,50.0,0.0,0.0,48.867,2.226,35.0,0.0,penurie (vide)
velib,Paris,dac92a394d655d0e3436fe8c7d424535,Repos - Cimetière du Père Lachaise,0.091,3.0,30.0,33.0,0.0,0.0,48.859,2.39,3.0,0.0,penurie (vide)
velib,Paris,dbb7e83a4d2d4319bffa00d41ab333c5,Desaix - Edgar Faure,1.0,12.0,0.0,12.0,0.0,1.0,48.853,2.293,12.0,1.0,saturation (pleine)
velib,Paris,dbc675399fae397f99c2ab250dcd9140,Madame de Sanzillon - Mozart,0.81,17.0,4.0,21.0,0.0,0.0,48.904,2.319,17.0,0.0,penurie (vide)
velib,Paris,dbc715f9e1165b498a11cc558337a587,Saint-Bon - Rivoli,0.161,5.0,26.0,31.0,0.0,0.0,48.858,2.35,5.0,0.0,penurie (vide)
velib,Paris,dbdbc52485a5bde4079d039faba5de72,Froidevaux - Boulard,0.0,0.0,34.0,34.0,1.0,0.0,48.835,2.329,0.0,1.0,penurie (vide)
velib,Paris,dbf093a8a73193e48da63e83518e7fa5,Lepic - Armée d'Orient,0.0,0.0,23.0,23.0,1.0,0.0,48.888,2.334,0.0,1.0,penurie (vide)
velib,Paris,dc093b2c5a8e685d4d3bafe607594a2a,Bas du Mont-Mesly,0.111,3.0,24.0,27.0,0.0,0.0,48.78,2.461,3.0,0.0,penurie (vide)
velib,Paris,dc489642258b1bb1cf662c1fd2ec09db,Paul Vaillant-Couturier - Gare RER,0.833,20.0,4.0,24.0,0.0,0.0,48.801,2.402,20.0,0.0,penurie (vide)
velib,Paris,dcde9d0eedef52a437a0a6fbd1b4c19e,Théâtre des Amandiers - Palais des sports,0.364,8.0,14.0,22.0,0.0,0.0,48.893,2.214,8.0,0.0,penurie (vide)
velib,Paris,dd52e0cb096996ac0233416fa8f662ce,Victor Hugo - Jeanne Jugan,0.179,5.0,23.0,28.0,0.0,0.0,48.844,2.415,5.0,0.0,penurie (vide)
velib,Paris,dd73a1ca213fd05e0214acae6195deb4,Ménil - Argenteuil,0.45,9.0,11.0,20.0,0.0,0.0,48.926,2.274,9.0,0.0,penurie (vide)
velib,Paris,ddb7f5ba2d60d5ae6796a7b4e44a3664,Saint-Benoît - Jacob,0.87,20.0,3.0,23.0,0.0,0.0,48.855,2.333,20.0,0.0,penurie (vide)
velib,Paris,ddc2bea56baf96f6596fa66d6f3477fc,Italie - Jardin Joan Miro,0.346,9.0,17.0,26.0,0.0,0.0,48.82,2.359,9.0,0.0,penurie (vide)
velib,Paris,de40d516ab36b574ee1990157165d4ef,Boudreau - Auber,0.926,25.0,2.0,27.0,0.0,0.0,48.872,2.329,25.0,0.0,penurie (vide)
velib,Paris,de81055bd76c6693a0e6b299185ebd56,Verdun - Pierre et Marie Curie,0.08,2.0,23.0,25.0,0.0,0.0,48.813,2.371,2.0,0.0,penurie (vide)
velib,Paris,de841e182c1d3d82b627c0f0f54c35fd,Saint-Denis - Réaumur,0.548,17.0,14.0,31.0,0.0,0.0,48.866,2.351,17.0,0.0,penurie (vide)
velib,Paris,de88c5afccefc010c6c460a1a03d49aa,Reims - Raymond Pitet,0.771,27.0,8.0,35.0,0.0,0.0,48.889,2.296,27.0,0.0,penurie (vide)
velib,Paris,df01dc24a762fa5b2ad6135745f3eb55,Place de l'Eglise - Vitry-sur-Seine,0.643,18.0,10.0,28.0,0.0,0.0,48.792,2.395,18.0,0.0,penurie (vide)
velib,Paris,df1d893b8ebcfbebc0e28aa2decdcc89,Waldeck Rochet - Germaine Tillon,0.769,20.0,6.0,26.0,0.0,0.0,48.911,2.368,20.0,0.0,penurie (vide)
velib,Paris,df52ba3d89322de1fd2309244f895a9c,Ranelagh - Maison de la Radio,0.368,7.0,12.0,19.0,0.0,0.0,48.853,2.28,7.0,0.0,penurie (vide)
velib,Paris,df5fdc3e0ecfabb06a3f33bea70924eb,Jacquard - Ternaux,0.103,4.0,35.0,39.0,0.0,0.0,48.865,2.373,4.0,0.0,penurie (vide)
velib,Paris,df9e51f77064303346c915ac34d985aa,Mairie de Sceaux,0.5,16.0,16.0,32.0,0.0,0.0,48.779,2.289,16.0,0.0,penurie (vide)
velib,Paris,dfa796ee5893889090d7e1ef0b19d78a,Square Emile - Chautemps,0.625,15.0,9.0,24.0,0.0,0.0,48.867,2.354,15.0,0.0,penurie (vide)
velib,Paris,e034f104bd355908f5b847223a026a69,Saint-Jacques - Tombe Issoire,0.13,3.0,20.0,23.0,0.0,0.0,48.833,2.337,3.0,0.0,penurie (vide)
velib,Paris,e04daf87373d4e5ffcdbd38079a256c7,Paradis - Hauteville,0.903,28.0,3.0,31.0,0.0,0.0,48.875,2.352,28.0,0.0,penurie (vide)
velib,Paris,e051a6d12eb480342ac32b74462d1518,Sambre et Meuse - Villette,0.2,5.0,20.0,25.0,0.0,0.0,48.874,2.374,5.0,0.0,penurie (vide)
velib,Paris,e06483264b514933e51a17f5e6afde4c,Athènes - Clichy,0.2,4.0,16.0,20.0,0.0,0.0,48.878,2.33,4.0,0.0,penurie (vide)
velib,Paris,e0685d46d00dd0a296655c67c1ef6b88,Legendre - Nollet,0.103,3.0,26.0,29.0,0.0,0.0,48.888,2.32,3.0,0.0,penurie (vide)
velib,Paris,e07b13c399e83341eb53b4624f56231b,Verger - Colonel Guichard,0.276,8.0,21.0,29.0,0.0,0.0,48.816,2.267,8.0,0.0,penurie (vide)
velib,Paris,e0885c8fbacda3f822e6f110796f47eb,Place Jean Ferrat,0.333,8.0,16.0,24.0,0.0,0.0,48.818,2.374,8.0,0.0,penurie (vide)
velib,Paris,e0a40ad9762d08d8458b3e099bb8307a,Square René Viviani - Montebello,0.739,34.0,12.0,46.0,0.0,0.0,48.852,2.348,34.0,0.0,penurie (vide)
velib,Paris,e0b7c7102b57a7927f6399f053c1d248,Senard - Charles Blum,0.333,8.0,16.0,24.0,0.0,0.0,48.857,2.221,8.0,0.0,penurie (vide)
velib,Paris,e0be043162b7ee6772c48a75779abe76,Belleville -  Pré Saint-Gervais,0.03,1.0,32.0,33.0,0.0,0.0,48.876,2.393,1.0,0.0,penurie (vide)
velib,Paris,e0cabb100e5dfcb4bf71489d74366843,Brancion - Lefebvre,0.182,2.0,9.0,11.0,0.0,0.0,48.829,2.301,2.0,0.0,penurie (vide)
velib,Paris,e10145c357a62732f32a67b88146c19e,Blancs-Manteaux - Archives,0.0,0.0,29.0,29.0,1.0,0.0,48.859,2.356,0.0,1.0,penurie (vide)
velib,Paris,e10334329979d79bc75ae65ed0689017,Porte de Saint-Ouen - Henri Huchard,0.375,9.0,15.0,24.0,0.0,0.0,48.899,2.33,9.0,0.0,penurie (vide)
velib,Paris,e16a89b03100c1a9a31fc0c2de714216,Gare RER de Vincennes,0.9,45.0,5.0,50.0,0.0,0.0,48.848,2.433,45.0,0.0,penurie (vide)
velib,Paris,e186587b3123013458d1822d8232789d,Gare RER de Gentilly,0.069,2.0,27.0,29.0,0.0,0.0,48.814,2.341,2.0,0.0,penurie (vide)
velib,Paris,e197f2f4c1946e4ec4ab4834b612aec1,Place des Ternes.,0.065,3.0,43.0,46.0,0.0,0.0,48.878,2.298,3.0,0.0,penurie (vide)
velib,Paris,e1adaf0c7e52abd13bb95ecc02ede819,Place de la Gare,0.412,7.0,10.0,17.0,0.0,0.0,48.839,2.187,7.0,0.0,penurie (vide)
velib,Paris,e1bbb8ef7582c112e1ae3a51da1673b9,Gare Montparnasse - Edgar Quinet,0.094,3.0,29.0,32.0,0.0,0.0,48.841,2.323,3.0,0.0,penurie (vide)
velib,Paris,e20b889c063c1bad353bc706ef645ab6,Porte de Bagnolet,0.061,2.0,31.0,33.0,0.0,0.0,48.865,2.408,2.0,0.0,penurie (vide)
velib,Paris,e2111d9f681c2fda195565830e3d3e50,Place Robert Guillemard,1.0,23.0,0.0,23.0,0.0,1.0,48.836,2.281,23.0,1.0,saturation (pleine)
velib,Paris,e2671fe4b8fcccbbeeaaab7ef7ec9ff0,Lisbonne - Monceau,0.957,44.0,2.0,46.0,0.0,0.0,48.877,2.31,44.0,0.0,penurie (vide)
velib,Paris,e2a44bdc05e0ffc5241e4ebb11c57969,Daunou - Louis le Grand,1.0,32.0,0.0,32.0,0.0,1.0,48.869,2.333,32.0,1.0,saturation (pleine)
velib,Paris,e2be9269ddf56bd585c39c93a5262c19,Cadet - La Fayette,0.412,7.0,10.0,17.0,0.0,0.0,48.876,2.344,7.0,0.0,penurie (vide)
velib,Paris,e2cbbc765a7b053c852fbd8ef0b97445,Mairie de Neuilly sur Seine,0.258,8.0,23.0,31.0,0.0,0.0,48.885,2.268,8.0,0.0,penurie (vide)
velib,Paris,e2cface03d9bff4209367541d7ca6cde,Lakanal - Commerce,0.596,31.0,21.0,52.0,0.0,0.0,48.844,2.294,31.0,0.0,penurie (vide)
velib,Paris,e315274795da41ee4380055469984bb9,Kléber - National,0.25,5.0,15.0,20.0,0.0,0.0,48.906,2.239,5.0,0.0,penurie (vide)
velib,Paris,e317e1d55f54f9b73f1d64c212c60b75,Musée d'Orsay,0.625,40.0,24.0,64.0,0.0,0.0,48.86,2.326,40.0,0.0,penurie (vide)
velib,Paris,e36ca5391fd89e2ea7aff34224cbd5dd,Bleuets - Bordières,0.579,11.0,8.0,19.0,0.0,0.0,48.802,2.454,11.0,0.0,penurie (vide)
velib,Paris,e37ec2487a39ef09a854b434df76a82c,Pereire - Saussure,0.233,7.0,23.0,30.0,0.0,0.0,48.888,2.31,7.0,0.0,penurie (vide)
velib,Paris,e3d873abcbe4ec8a51356f040a68d74e,Jean-Baptiste Pigalle - La Bruyere,0.0,0.0,17.0,17.0,1.0,0.0,48.879,2.334,0.0,1.0,penurie (vide)
velib,Paris,e3e57769eaead56b01516836322ed2a4,Charles de Gaulle - Plateau de Vanves,0.242,8.0,25.0,33.0,0.0,0.0,48.822,2.299,8.0,0.0,penurie (vide)
velib,Paris,e43e538651aacb7e828a30017d503a79,Temple - Jean-Pierre Timbaud,0.111,4.0,32.0,36.0,0.0,0.0,48.864,2.366,4.0,0.0,penurie (vide)
velib,Paris,e47a8672eba3d872f3e61d5a330d2d46,Michelet - Assas,0.222,4.0,14.0,18.0,0.0,0.0,48.843,2.335,4.0,0.0,penurie (vide)
velib,Paris,e4a127d37dccdee756337c7e69893c1d,Flandre - Alphonse Karr,0.125,3.0,21.0,24.0,0.0,0.0,48.895,2.382,3.0,0.0,penurie (vide)
velib,Paris,e4efdda9e8872bda5a303630977db50f,Lucien Lanternier - Le Luth,0.926,25.0,2.0,27.0,0.0,0.0,48.932,2.289,25.0,0.0,penurie (vide)
velib,Paris,e50a3bc7a4886a3385468bdd47d039c7,Candale - Mehul,0.375,9.0,15.0,24.0,0.0,0.0,48.889,2.414,9.0,0.0,penurie (vide)
velib,Paris,e528e20a2832c24b4b3a3e360f1053a6,Courcelles - Pierre Demours,0.92,23.0,2.0,25.0,0.0,0.0,48.884,2.299,23.0,0.0,penurie (vide)
velib,Paris,e5548706b1c0bbb54ae86a36146d1bb6,Charles de Gaulle - Beauté,0.204,10.0,39.0,49.0,0.0,0.0,48.836,2.48,10.0,0.0,penurie (vide)
velib,Paris,e55d559f2b281c7300d7f940d0424333,Victor Massé - Jean-Baptiste Pigalle,0.167,3.0,15.0,18.0,0.0,0.0,48.881,2.337,3.0,0.0,penurie (vide)
velib,Paris,e5d6bd5f121aabfa686577b1ede1e7da,Pierre Brossolette - 12 Février 1934,0.391,9.0,14.0,23.0,0.0,0.0,48.818,2.308,9.0,0.0,penurie (vide)
velib,Paris,e5e23cb454dedcee14d5602b888794c5,Dominique Pado - Croix Nivert,0.227,5.0,17.0,22.0,0.0,0.0,48.836,2.29,5.0,0.0,penurie (vide)
velib,Paris,e6003dcc9678584e07ab90bd526e48af,Fort d'Aubervilliers,0.286,6.0,15.0,21.0,0.0,0.0,48.915,2.404,6.0,0.0,penurie (vide)
velib,Paris,e61199a82c0da4eec47ec06c33d86bdb,Porte de Vanves,0.312,10.0,22.0,32.0,0.0,0.0,48.828,2.306,10.0,0.0,penurie (vide)
velib,Paris,e6265fd975962b1a4d34be6f6f0d9c01,Bobillot - Moulin des Prés,0.037,1.0,26.0,27.0,0.0,0.0,48.829,2.353,1.0,0.0,penurie (vide)
velib,Paris,e6651abeda0c6c55644e1fb2935abde4,Gare de Reuilly - Picpus,0.071,2.0,26.0,28.0,0.0,0.0,48.843,2.397,2.0,0.0,penurie (vide)
velib,Paris,e67534cb862a4797738a8b60d005dbaf,Rome - Provence,0.533,16.0,14.0,30.0,0.0,0.0,48.874,2.326,16.0,0.0,penurie (vide)
velib,Paris,e67ca38a89c850f12b42ab699dbbc197,Place Daydé - Ile Seguin,,0.0,0.0,0.0,1.0,1.0,48.823,2.236,,1.0,penurie (vide)
velib,Paris,e6f6be09059575bf467b799b1595183f,Ceinture du Lac Inferieure - Saint-Cloud,0.125,5.0,35.0,40.0,0.0,0.0,48.862,2.262,5.0,0.0,penurie (vide)
velib,Paris,e7014080091445e46358f6b8c994fabd,Hector Malot - Daumesnil,0.509,27.0,26.0,53.0,0.0,0.0,48.847,2.377,27.0,0.0,penurie (vide)
velib,Paris,e7089a25caa59e0eec292035bca6a561,Etienne Dolet - Place Maurice Chevalier,0.064,3.0,44.0,47.0,0.0,0.0,48.868,2.385,3.0,0.0,penurie (vide)
velib,Paris,e745d74f36c9b60fc176f18a4ef7a2d6,Vanne - Général de Gaulle,0.28,7.0,18.0,25.0,0.0,0.0,48.815,2.328,7.0,0.0,penurie (vide)
velib,Paris,e7bbec7a168d31e91a771bd0e2b55b03,Verdun - Carnot,0.414,12.0,17.0,29.0,0.0,0.0,48.884,2.44,12.0,0.0,penurie (vide)
velib,Paris,e7fd358ddec9846d87e6f2f4f6f80641,Boulard - Daguerre,0.023,1.0,42.0,43.0,0.0,0.0,48.834,2.329,1.0,0.0,penurie (vide)
velib,Paris,e84b391bb727f06c92427e08c8d70793,Eugène Reisz - Davout,0.15,3.0,17.0,20.0,0.0,0.0,48.856,2.41,3.0,0.0,penurie (vide)
velib,Paris,e886722f2af501a2bc3141f4b198da12,République - Danton,0.1,2.0,18.0,20.0,0.0,0.0,48.852,2.462,2.0,0.0,penurie (vide)
velib,Paris,e89a0e3524c67bcb9e57bc56ad2d3d35,Barrault - Place de Rungis,0.717,33.0,13.0,46.0,0.0,0.0,48.823,2.347,33.0,0.0,penurie (vide)
velib,Paris,e8c0f773f633d966151d5adf76666915,Jean Jaurès - Jean Baptiste Clément ,0.487,19.0,20.0,39.0,0.0,0.0,48.846,2.237,19.0,0.0,penurie (vide)
velib,Paris,e8da051a0e5bc7279c17af17edac7933,Carrefour Pleyel,0.919,68.0,6.0,74.0,0.0,0.0,48.92,2.344,68.0,0.0,penurie (vide)
velib,Paris,e911d07b60f6a50248e5db3bb3e23668,Rossini - Laffitte,1.0,32.0,0.0,32.0,0.0,1.0,48.873,2.338,32.0,1.0,saturation (pleine)
velib,Paris,e913cb0d86c2ad44b1c227214b67335f,Stephenson - Doudeauville,0.057,2.0,33.0,35.0,0.0,0.0,48.889,2.356,2.0,0.0,penurie (vide)
velib,Paris,e93278eac767441895ba871be8792d02,Sèvres - Général Leclerc,0.897,26.0,3.0,29.0,0.0,0.0,48.83,2.231,26.0,0.0,penurie (vide)
velib,Paris,e997f2781b9f7cd277b89a65880e0850,Vivienne - Petits Champs,,0.0,0.0,0.0,1.0,1.0,48.867,2.339,,1.0,penurie (vide)
velib,Paris,e999b60966fa05caf9c7b21611ab6360,Quai Marcel Boyer - Victor Hugo,0.897,26.0,3.0,29.0,0.0,0.0,48.823,2.392,26.0,0.0,penurie (vide)
velib,Paris,ea5c77a888235038181265e2d3a46c51,Eylau - Trocadéro,0.208,5.0,19.0,24.0,0.0,0.0,48.863,2.286,5.0,0.0,penurie (vide)
velib,Paris,eaa35ac247bece89efd3383bc2c7dad4,Bir Hakeim,0.781,25.0,7.0,32.0,0.0,0.0,48.854,2.29,25.0,0.0,penurie (vide)
velib,Paris,eab7bcad3bb8f5d0e805545689abfbc6,Place du Maquis du Vercors,0.097,3.0,28.0,31.0,0.0,0.0,48.877,2.408,3.0,0.0,penurie (vide)
velib,Paris,ead41f96dcf8a50a46f2d8a384f56924,Place de l'Eglise - Pantin,0.067,2.0,28.0,30.0,0.0,0.0,48.893,2.412,2.0,0.0,penurie (vide)
velib,Paris,eb3335b8528855e4669ddd490118c97f,Assemblée Nationale,0.514,38.0,36.0,74.0,0.0,0.0,48.861,2.32,38.0,0.0,penurie (vide)
velib,Paris,eb6e2f3712c6df80738414d1086c340d,Pierre Charron - Champs-Elysées,0.862,25.0,4.0,29.0,0.0,0.0,48.87,2.304,25.0,0.0,penurie (vide)
velib,Paris,ebabd8404d640511569075611d49309d,Lecourbe - Convention,0.489,22.0,23.0,45.0,0.0,0.0,48.839,2.292,22.0,0.0,penurie (vide)
velib,Paris,ebd1b85441d7a4343944eb93cb1d9c77,Charles de Gaulle - Rue de l'Alma,0.679,19.0,9.0,28.0,0.0,0.0,48.897,2.252,19.0,0.0,penurie (vide)
velib,Paris,ec6a52462affa5c258919739c149021e,Village Saint-Paul,0.071,2.0,26.0,28.0,0.0,0.0,48.853,2.361,2.0,0.0,penurie (vide)
velib,Paris,ec6fc091a1c743883d240671121054f9,Cossonnerie - Sébastopol,0.208,5.0,19.0,24.0,0.0,0.0,48.861,2.349,5.0,0.0,penurie (vide)
velib,Paris,ed0463d727df1ad32249367a3f5636ec,Hôtel de Ville de Nanterre,0.842,32.0,6.0,38.0,0.0,0.0,48.892,2.206,32.0,0.0,penurie (vide)
velib,Paris,ed1043901d708186614a63c1c110213b,Epi d'Or - Chevilly,0.211,4.0,15.0,19.0,0.0,0.0,48.781,2.355,4.0,0.0,penurie (vide)
velib,Paris,ed1703ac708c8c5ed24f71c4356dfc32,Pablo Picasso - Olympiades,0.139,5.0,31.0,36.0,0.0,0.0,48.855,2.487,5.0,0.0,penurie (vide)
velib,Paris,ed2cb6b3ecf3e8fc2526518c903bf62a,Maine - Antoine Bourdelle,0.824,14.0,3.0,17.0,0.0,0.0,48.843,2.32,14.0,0.0,penurie (vide)
velib,Paris,ed48e8a94a3b5e6f3cd48e0ecce358a5,Tour d'Auvergne - Rodier,0.118,2.0,15.0,17.0,0.0,0.0,48.879,2.344,2.0,0.0,penurie (vide)
velib,Paris,ed4eeea3b6cf7a8c215d3178b15709b3,Gergovie - Vercingétorix,0.214,6.0,22.0,28.0,0.0,0.0,48.835,2.313,6.0,0.0,penurie (vide)
velib,Paris,ed5f3cc959f86035215f4da93d21b93e,Belleville - Couronnes,0.02,1.0,49.0,50.0,0.0,0.0,48.869,2.381,1.0,0.0,penurie (vide)
velib,Paris,ed9b9d2b2078567bef694e1a718962e6,Gare de Sèvres - Ville d'Avray,0.333,7.0,14.0,21.0,0.0,0.0,48.826,2.2,7.0,0.0,penurie (vide)
velib,Paris,edc81da177fca64fef8321bb143a3cce,Quai de Béthune - Pont de la Tournelle,0.75,18.0,6.0,24.0,0.0,0.0,48.851,2.356,18.0,0.0,penurie (vide)
velib,Paris,ee2651f0a35203332b41f4e64a2358a6,Jacquier - Didot,0.033,1.0,29.0,30.0,0.0,0.0,48.83,2.318,1.0,0.0,penurie (vide)
velib,Paris,ee559f80a35ff3a4dac9efd6b7cbe380,Pergolèse - Marbeau,0.222,6.0,21.0,27.0,0.0,0.0,48.874,2.282,6.0,0.0,penurie (vide)
velib,Paris,ee5f8237d94f94862fac6e27c8f1c348,Jonquière - Docteur Paul Brousse,0.056,3.0,51.0,54.0,0.0,0.0,48.895,2.319,3.0,0.0,penurie (vide)
velib,Paris,ee7c21cf32d7e04fdf53a55f372b376f,Nationale - Marcel Duchamp,0.591,13.0,9.0,22.0,0.0,0.0,48.825,2.368,13.0,0.0,penurie (vide)
velib,Paris,eeae167c8e80e84399d098767f7d1f50,Rougemont - Poissonnière,0.381,16.0,26.0,42.0,0.0,0.0,48.872,2.346,16.0,0.0,penurie (vide)
velib,Paris,eeb22543303375548997292b27e62bde,Place Carnot,0.292,7.0,17.0,24.0,0.0,0.0,48.856,2.442,7.0,0.0,penurie (vide)
velib,Paris,eec90e5124bbe51a7eb1635f11ecae64,Square d'Anvers,0.097,3.0,28.0,31.0,0.0,0.0,48.883,2.345,3.0,0.0,penurie (vide)
velib,Paris,eee301bc5deb5538a7f394594adc3bd5,Conservatoire Marcel Dadi,0.385,10.0,16.0,26.0,0.0,0.0,48.79,2.454,10.0,0.0,penurie (vide)
velib,Paris,eef2e138616e2d6ebdd1c54ad98a460f,Nanterre - Université,0.105,2.0,17.0,19.0,0.0,0.0,48.901,2.213,2.0,0.0,penurie (vide)
velib,Paris,ef32c2a9c1521bd55e3ec5300a63fa44,Jean Jaurès - Gare de Clamart,0.0,0.0,20.0,20.0,1.0,0.0,48.813,2.272,0.0,1.0,penurie (vide)
velib,Paris,efd65cfeb134934be16e5cf64e0c79e9,Commandant Charcot - Bretteville,0.714,25.0,10.0,35.0,0.0,0.0,48.875,2.256,25.0,0.0,penurie (vide)
velib,Paris,f011711ac6bb653a88e79befafbda642,Olivier de Serres - Leriche,0.16,4.0,21.0,25.0,0.0,0.0,48.835,2.296,4.0,0.0,penurie (vide)
velib,Paris,f057e7dfca8f27e6a1a9cca943b09afb,Guy Môquet - Saint-Ouen,0.02,1.0,49.0,50.0,0.0,0.0,48.893,2.327,1.0,0.0,penurie (vide)
velib,Paris,f05a9c4628b57ccce1ca6f85ea314da3,Duméril - Jeanne d'Arc,0.05,2.0,38.0,40.0,0.0,0.0,48.838,2.357,2.0,0.0,penurie (vide)
velib,Paris,f07adebc198039365b1aba19ad1a65e8,Pierre Ginier - Clichy,0.182,2.0,9.0,11.0,0.0,0.0,48.887,2.326,2.0,0.0,penurie (vide)
velib,Paris,f0abcdc6123b221199987eba21c12c12,Proudhon - Président Wilson,0.4,12.0,18.0,30.0,0.0,0.0,48.906,2.358,12.0,0.0,penurie (vide)
velib,Paris,f0af939d05e1c8c16c1d00741963a964,Batignolles - Abel Truchet,0.036,1.0,27.0,28.0,0.0,0.0,48.883,2.324,1.0,0.0,penurie (vide)
velib,Paris,f0ced785f9435ff9284445a1897856e1,Saint-Sulpice,0.714,15.0,6.0,21.0,0.0,0.0,48.852,2.331,15.0,0.0,penurie (vide)
velib,Paris,f0fcc428ab52b50ae15c5a736c60a91a,Saint-Mande - Picpus,0.118,4.0,30.0,34.0,0.0,0.0,48.845,2.402,4.0,0.0,penurie (vide)
velib,Paris,f152cef37bb3fa7cb92f964483097d05,Gare du Nord - Demarquay,0.071,2.0,26.0,28.0,0.0,0.0,48.881,2.358,2.0,0.0,penurie (vide)
velib,Paris,f19225440cc4f3f72811ea8dd420afa6,Stade Pershing,0.077,2.0,24.0,26.0,0.0,0.0,48.829,2.458,2.0,0.0,penurie (vide)
velib,Paris,f1a74a12c54dc5526e2a5fa27cccbb4a,Bassano -  Iéna,1.0,15.0,0.0,15.0,0.0,1.0,48.868,2.296,15.0,1.0,saturation (pleine)
velib,Paris,f237efb2d42fcb847dafe28cd2a5b27d,Arsène Houssaye - Friedland,0.517,15.0,14.0,29.0,0.0,0.0,48.875,2.299,15.0,0.0,penurie (vide)
velib,Paris,f23e26739e42497a1c30269d2284b0e7,Colisée - Champs-Elysées,0.833,20.0,4.0,24.0,0.0,0.0,48.87,2.308,20.0,0.0,penurie (vide)
velib,Paris,f243408e44546f722ad1853f24aef8a4,Charles Gide - Fort de Bicêtre ,0.286,8.0,20.0,28.0,0.0,0.0,48.807,2.354,8.0,0.0,penurie (vide)
velib,Paris,f25972094dc44cc899fe69d4534bad5a,Place du 14 Juillet,0.091,2.0,20.0,22.0,0.0,0.0,48.819,2.301,2.0,0.0,penurie (vide)
velib,Paris,f2877971a929ffff20cf1b945e144a59,Pierre et Marie Curie - Julien Grimau,0.0,0.0,17.0,17.0,1.0,0.0,48.871,2.424,0.0,1.0,penurie (vide)
velib,Paris,f2a3fc5b9a4bf0adb95149670225c5b4,Constant Coquelin - Invalides,0.667,20.0,10.0,30.0,0.0,0.0,48.848,2.316,20.0,0.0,penurie (vide)
velib,Paris,f2c38d4dc146bdbc7ce0b998d16f85b3,Picpus - Louis Braille,0.017,1.0,57.0,58.0,0.0,0.0,48.84,2.401,1.0,0.0,penurie (vide)
velib,Paris,f2cc5334a358b5c06fffbf621e8aeeae,Vitruve - Davout,0.435,10.0,13.0,23.0,0.0,0.0,48.861,2.409,10.0,0.0,penurie (vide)
velib,Paris,f3f461d791c6862c237097ad9330b975,Sebastopol - Rambuteau,0.188,3.0,13.0,16.0,0.0,0.0,48.862,2.35,3.0,0.0,penurie (vide)
velib,Paris,f40311b516d602839e13ca947c7a34e5,Sarrazins - Saussure,0.522,12.0,11.0,23.0,0.0,0.0,48.77,2.472,12.0,0.0,penurie (vide)
velib,Paris,f433a4e9e21c3002ad16356b3f6736e5,Cambon - Rivoli,1.0,40.0,0.0,40.0,0.0,1.0,48.866,2.325,40.0,1.0,saturation (pleine)
velib,Paris,f464b6d36ffa9aa92b6e27ed74d1c9bb,Hauteville - Bonne Nouvelle,0.857,12.0,2.0,14.0,0.0,0.0,48.871,2.35,12.0,0.0,penurie (vide)
velib,Paris,f467fe438cbe1dce4294f2dadb442ffb,Place du Maréchal Juin - Péreire,0.75,33.0,11.0,44.0,0.0,0.0,48.885,2.298,33.0,0.0,penurie (vide)
velib,Paris,f46cb679b494cb6b960dcf9a7b7487b7,Flandrin - Longchamp,0.286,12.0,30.0,42.0,0.0,0.0,48.869,2.274,12.0,0.0,penurie (vide)
velib,Paris,f483d082583b18fe90277004c3ca2d83,Gare de Lyon - Chalon,0.822,37.0,8.0,45.0,0.0,0.0,48.846,2.374,37.0,0.0,penurie (vide)
velib,Paris,f4e9ed48851ec3d48d05780e2478330f,Gare de l'Est - Verdun,0.077,1.0,12.0,13.0,0.0,0.0,48.876,2.361,1.0,0.0,penurie (vide)
velib,Paris,f4ec0e1e3abe24a2f77ff0135eb9f389,Olympiades,0.235,8.0,26.0,34.0,0.0,0.0,48.827,2.365,8.0,0.0,penurie (vide)
velib,Paris,f4eef18fca1505fcf19873c2f29849bd,Chartres - La Charbonnière,0.061,2.0,31.0,33.0,0.0,0.0,48.885,2.353,2.0,0.0,penurie (vide)
velib,Paris,f52bc886ba5932ac2ec622ab1ce3a0d0,Wilson - Landy,0.611,11.0,7.0,18.0,0.0,0.0,48.915,2.358,11.0,0.0,penurie (vide)
velib,Paris,f5441fb978906cf4e4e16d3c9b9e52b0,Président Wilson - Baudin,0.929,26.0,2.0,28.0,0.0,0.0,48.898,2.285,26.0,0.0,penurie (vide)
velib,Paris,f54dbdf275d1232aec98e25ef36d9b2a,Parc Georges Brassens - Brancion,0.172,5.0,24.0,29.0,0.0,0.0,48.832,2.302,5.0,0.0,penurie (vide)
velib,Paris,f558440a70c6290837a375ba3cf064d4,Place du Moulin de Javel,1.0,46.0,0.0,46.0,0.0,1.0,48.84,2.272,46.0,1.0,saturation (pleine)
velib,Paris,f574fd726a1dbc9e4e0c7646544823b5,La Jarry - Place Diderot,0.04,1.0,24.0,25.0,0.0,0.0,48.85,2.452,1.0,0.0,penurie (vide)
velib,Paris,f58053884704d8d07239df165354fc96,David Weill - Parc Montsouris,0.333,7.0,14.0,21.0,0.0,0.0,48.821,2.334,7.0,0.0,penurie (vide)
velib,Paris,f5a5400dea698cd099e91777ad0e887d,Epée de Bois - Mouffetard,0.083,5.0,55.0,60.0,0.0,0.0,48.842,2.35,5.0,0.0,penurie (vide)
velib,Paris,f5a9a382bcb4bbd9c7b11ca337726670,Edith Cavell - Volta,0.219,7.0,25.0,32.0,0.0,0.0,48.902,2.269,7.0,0.0,penurie (vide)
velib,Paris,f621ac13ababcd13d314e8416fa2a0f7,Square des Epinettes,0.125,5.0,35.0,40.0,0.0,0.0,48.894,2.326,5.0,0.0,penurie (vide)
velib,Paris,f63f97c31243d857e446e313b83ed464,Delizy - Louis Nadot,1.0,16.0,0.0,16.0,0.0,1.0,48.896,2.409,16.0,1.0,saturation (pleine)
velib,Paris,f641ab4948677d011865b1e4c858dba5,Marcel Monge - Marcel Dassault,0.739,34.0,12.0,46.0,0.0,0.0,48.861,2.225,34.0,0.0,penurie (vide)
velib,Paris,f67aa105e8682241b178d9970ec89cdc,Place Paul Eluard,0.444,8.0,10.0,18.0,0.0,0.0,48.767,2.414,8.0,0.0,penurie (vide)
velib,Paris,f696f217a77bc8b7e96864fee9ba937d,11 Novembre 1918 - 8 Mai 1945,0.8,28.0,7.0,35.0,0.0,0.0,48.809,2.538,28.0,0.0,penurie (vide)
velib,Paris,f69b6961ea8e4632e8c8049b2fde6e9b,Mairie du 16ème,0.657,23.0,12.0,35.0,0.0,0.0,48.864,2.277,23.0,0.0,penurie (vide)
velib,Paris,f6f2086e5cd5a502faa6b5428626721c,Caire - Dussoubs,0.27,10.0,27.0,37.0,0.0,0.0,48.868,2.349,10.0,0.0,penurie (vide)
velib,Paris,f6f373737d04380102eda6107e7bfe63,Faubourg Poissonniere - Delta,0.0,0.0,35.0,35.0,1.0,0.0,48.883,2.35,0.0,1.0,penurie (vide)
velib,Paris,f704983117b4fbd3fb9e319007a37fbe,Jardin Modèle - Pierre Boudou,0.889,16.0,2.0,18.0,0.0,0.0,48.915,2.306,16.0,0.0,penurie (vide)
velib,Paris,f7165ffb973de120199337524b135897,Place Joffre - Frédéric le Play,0.639,23.0,13.0,36.0,0.0,0.0,48.854,2.304,23.0,0.0,penurie (vide)
velib,Paris,f734bc9d26c1dad71fdf5d392ba8bb0d,Bellefond - Maubeuge,0.0,0.0,29.0,29.0,1.0,0.0,48.878,2.345,0.0,1.0,penurie (vide)
velib,Paris,f77c0307a27fab0d3d48420f4127a917,Square Saint-Ambroise,0.047,2.0,41.0,43.0,0.0,0.0,48.861,2.376,2.0,0.0,penurie (vide)
velib,Paris,f7ac01cb43e86fa9cbf325881621371a,Dupont de l'Eure - Gambetta,0.065,2.0,29.0,31.0,0.0,0.0,48.868,2.4,2.0,0.0,penurie (vide)
velib,Paris,f7c514b98f0157c1a99efbab7cafbc2f,Verdier - Jean Jaurès,0.938,30.0,2.0,32.0,0.0,0.0,48.816,2.312,30.0,0.0,penurie (vide)
velib,Paris,f7fbba029f890b7c1689129b370b9e53,Ménilmontant - Pelleport,0.032,1.0,30.0,31.0,0.0,0.0,48.871,2.399,1.0,0.0,penurie (vide)
velib,Paris,f80015cdbf6d09818298a032a3f8b7e6,Jouffroy d'Abbans - Villiers,0.258,8.0,23.0,31.0,0.0,0.0,48.884,2.306,8.0,0.0,penurie (vide)
velib,Paris,f81aed99a01ef9fd91361ddeceac3073,Saint-Lazare - Place d'Estienne d'Orves,0.472,17.0,19.0,36.0,0.0,0.0,48.877,2.333,17.0,0.0,penurie (vide)
velib,Paris,f85bec809ee15b6924fc06a376434ea5,Parme - Clichy,0.167,4.0,20.0,24.0,0.0,0.0,48.881,2.328,4.0,0.0,penurie (vide)
velib,Paris,f8ad16296b6697169a10b52de059a0f5,Général Michel Bizot - Claude Decaen,0.32,16.0,34.0,50.0,0.0,0.0,48.835,2.401,16.0,0.0,penurie (vide)
velib,Paris,f8ad2339d3f72cb4e70540b138560782,Poissy - Saint-Germain,0.696,16.0,7.0,23.0,0.0,0.0,48.85,2.353,16.0,0.0,penurie (vide)
velib,Paris,f8f9ec30d28856f9b7fad103be9e4674,Toudouze - Clauzel,0.0,0.0,20.0,20.0,1.0,0.0,48.879,2.337,0.0,1.0,penurie (vide)
velib,Paris,f9269c9b9d93d68b6bb7de479a0250ae,Buisson Saint-Louis - Saint-Maur,0.067,2.0,28.0,30.0,0.0,0.0,48.872,2.373,2.0,0.0,penurie (vide)
velib,Paris,f92c2092ad97c514670795992a513687,18 juin 1940 - Buzenval,0.16,4.0,21.0,25.0,0.0,0.0,48.869,2.185,4.0,0.0,penurie (vide)
velib,Paris,f94d87ab888be3975dbf561bb3c4b7f3,Square Desnouettes,0.952,20.0,1.0,21.0,0.0,0.0,48.835,2.284,20.0,0.0,penurie (vide)
velib,Paris,f9539f4625a0dc2d32762a8cbfae1f3f,Pyrénées - Maraîchers,0.061,2.0,31.0,33.0,0.0,0.0,48.857,2.404,2.0,0.0,penurie (vide)
velib,Paris,f95640562d114688c1d7ec36136d2cad,Guy Môquet - Parvis Georges Marchais,0.172,5.0,24.0,29.0,0.0,0.0,48.795,2.359,5.0,0.0,penurie (vide)
velib,Paris,f95e25028557f007a30c969f14d83619,Concorde - Stalingrad,0.485,16.0,17.0,33.0,0.0,0.0,48.799,2.382,16.0,0.0,penurie (vide)
velib,Paris,f98b98a999c735ea43a15b32c22e1eda,Marcadet - Barbès,0.114,4.0,31.0,35.0,0.0,0.0,48.89,2.349,4.0,0.0,penurie (vide)
velib,Paris,f9a2990400288884bff5981100353804,Champs-Elysees - Bassano,0.0,0.0,25.0,25.0,1.0,0.0,48.872,2.3,0.0,1.0,penurie (vide)
velib,Paris,f9ee1ec48f2884724409533079df826d,Professeur René Leriche - Général Leclerc ,0.2,10.0,40.0,50.0,0.0,0.0,48.908,2.308,10.0,0.0,penurie (vide)
velib,Paris,fa0a7accc90cac2586922224f5f1c589,Place Nelson Mandela,0.476,10.0,11.0,21.0,0.0,0.0,48.862,2.196,10.0,0.0,penurie (vide)
velib,Paris,fa2b28a7180af7d6659c5972ba573a85,Manin - Simon Bolivar,0.167,4.0,20.0,24.0,0.0,0.0,48.876,2.379,4.0,0.0,penurie (vide)
velib,Paris,fa4f05e4db4a26862574e62b0f424b05,Anatole France - Louise Michel,0.18,9.0,41.0,50.0,0.0,0.0,48.889,2.288,9.0,0.0,penurie (vide)
velib,Paris,fa9971f63fd14b7f9877e366a2ffbea4,Paul Klee - Place Augusta Holmes,0.857,36.0,6.0,42.0,0.0,0.0,48.839,2.37,36.0,0.0,penurie (vide)
velib,Paris,fafdfa6e543d204b591a8301d5f361bf,Place Monge,0.143,3.0,18.0,21.0,0.0,0.0,48.843,2.352,3.0,0.0,penurie (vide)
velib,Paris,fb0945279a78b2e1052d155b950c9d31,Danielle Casanova - Ledru-Rollin,0.63,17.0,10.0,27.0,0.0,0.0,48.816,2.383,17.0,0.0,penurie (vide)
velib,Paris,fb312eb426443a0fefa4f36dfd068b60,Montgallet - Charenton,0.067,1.0,14.0,15.0,0.0,0.0,48.843,2.386,1.0,0.0,penurie (vide)
velib,Paris,fb6143e08f09ec21268014e1fead6fbc,Bertie Albrecht - Hoche,0.552,16.0,13.0,29.0,0.0,0.0,48.876,2.301,16.0,0.0,penurie (vide)
velib,Paris,fb6fea0b96cb4fb7b100912ddc1e86d6,Hôtel de Ville de Champigny sur Marne,0.143,3.0,18.0,21.0,0.0,0.0,48.814,2.51,3.0,0.0,penurie (vide)
velib,Paris,fbaf6d3fa0223f131397ed46900ea8b1,Victoire - Chaussée d'Antin,0.833,20.0,4.0,24.0,0.0,0.0,48.875,2.332,20.0,0.0,penurie (vide)
velib,Paris,fbe53231f9e6ea4f8ff254ca22ecfbff,Coysevox - Lamarck,,0.0,0.0,0.0,1.0,1.0,48.891,2.329,,1.0,penurie (vide)
velib,Paris,fbe61ad04d6c46abb0dffccb4c8c7970,Chancé Milly - Cimetière Communal Sud,0.4,12.0,18.0,30.0,0.0,0.0,48.897,2.304,12.0,0.0,penurie (vide)
velib,Paris,fbe7f88efafcd73d40aca9b6e82c619e,Pyrénées - Emmery,0.05,2.0,38.0,40.0,0.0,0.0,48.872,2.392,2.0,0.0,penurie (vide)
velib,Paris,fc0c19cb01acd6b45387220e9e0f6a1f,Grand Prieuré - Crussol,0.224,11.0,38.0,49.0,0.0,0.0,48.865,2.369,11.0,0.0,penurie (vide)
velib,Paris,fc3e8a61f8dde32eb23e8bdeefc015fe,Mont Valérien - Michel Salles,0.739,17.0,6.0,23.0,0.0,0.0,48.856,2.215,17.0,0.0,penurie (vide)
velib,Paris,fc93c6ee4f2c083448ae5eba3e4d47c3,Chemin Vert - Saint-Maur,0.089,4.0,41.0,45.0,0.0,0.0,48.861,2.381,4.0,0.0,penurie (vide)
velib,Paris,fca4d729491468ed90cdd7a8d8a600b4,Toqueville - Cardinet,0.061,2.0,31.0,33.0,0.0,0.0,48.885,2.311,2.0,0.0,penurie (vide)
velib,Paris,fceca1139eb3598f85221418a2eed143,Croulebarde - Corvisart,0.242,8.0,25.0,33.0,0.0,0.0,48.831,2.348,8.0,0.0,penurie (vide)
velib,Paris,fcf9179f09d7ca7526036d1b7490ade9,Charonne - Alexandre Dumas,0.059,2.0,32.0,34.0,0.0,0.0,48.856,2.395,2.0,0.0,penurie (vide)
velib,Paris,fd3ca06e005a7ac79505c7d7e9be9b19,Jourdan - Monticelli,0.133,4.0,26.0,30.0,0.0,0.0,48.822,2.329,4.0,0.0,penurie (vide)
velib,Paris,fd8468cc02da7b7af7e2595ecb6732c7,Institut du Monde Arabe - Saint-Germain,0.923,36.0,3.0,39.0,0.0,0.0,48.849,2.356,36.0,0.0,penurie (vide)
velib,Paris,fd998b7e54a70dc4887c748fc2cdb1d5,Mac-Mahon - Brey,0.208,5.0,19.0,24.0,0.0,0.0,48.878,2.295,5.0,0.0,penurie (vide)
velib,Paris,fdb8945bd7922a97cc52ea4afac6c9a2,Henri Ste-Claire Déville - Paul Héroult,0.522,12.0,11.0,23.0,0.0,0.0,48.893,2.172,12.0,0.0,penurie (vide)
velib,Paris,fdcbba11caa5aac14c82170c4f7ed791,Capitaine Glarner - Gabriel Péri,0.556,15.0,12.0,27.0,0.0,0.0,48.902,2.33,15.0,0.0,penurie (vide)
velib,Paris,fe1ad291f87856f4eee5cc101a44bffb,Joseph Sansboeuf - Saint Lazare,0.0,0.0,32.0,32.0,1.0,0.0,48.875,2.323,0.0,1.0,penurie (vide)
velib,Paris,fe296c930942ae6a13e8ad2e6ea013de,Chevaleret - Tolbiac,0.529,18.0,16.0,34.0,0.0,0.0,48.829,2.376,18.0,0.0,penurie (vide)
velib,Paris,fe416377651bc1716038b396302b77e0,Ambroise Rendu - Porte Brunet,0.0,0.0,16.0,16.0,1.0,0.0,48.884,2.396,0.0,1.0,penurie (vide)
velib,Paris,fe5431d0976be760a51e34e21383f0f9,Félix Ziem - Armand Gauthier,0.042,1.0,23.0,24.0,0.0,0.0,48.889,2.333,1.0,0.0,penurie (vide)
velib,Paris,fe560dae7ea818b32be511400844fcf1,Gravelle - Route du Bac,0.04,2.0,48.0,50.0,0.0,0.0,48.824,2.418,2.0,0.0,penurie (vide)
velib,Paris,fe6481666c6964991af2fec0b5573fd3,Quai de l'Horloge - Pont Neuf,0.5,8.0,8.0,16.0,0.0,0.0,48.857,2.342,8.0,0.0,penurie (vide)
velib,Paris,feb8cedad39b2b7c9d8c28a811794553,Poissonniers - Nord,0.423,11.0,15.0,26.0,0.0,0.0,48.893,2.352,11.0,0.0,penurie (vide)
velib,Paris,fedd773a8de62773ded3ddc852efcd54,Choiseul - Quatre Septembre,1.0,7.0,0.0,7.0,0.0,1.0,48.87,2.336,7.0,1.0,saturation (pleine)
velib,Paris,feddaa6b527125b9f2d1411daeef4c7c,Charles de Gaulle - Louis Philippe,0.556,15.0,12.0,27.0,0.0,0.0,48.882,2.271,15.0,0.0,penurie (vide)
velib,Paris,ff22697fcb655df134aa23e633587ca6,Ramponeau - Belleville,0.091,4.0,40.0,44.0,0.0,0.0,48.871,2.379,4.0,0.0,penurie (vide)
velib,Paris,ff46201f44af4d230ddea5fc7b398081,Victor Hugo - Gare,0.818,18.0,4.0,22.0,0.0,0.0,48.923,2.26,18.0,0.0,penurie (vide)
velib,Paris,ff5784945b45f63f521652b45c800c34,Vincennes - François Debergue,0.667,16.0,8.0,24.0,0.0,0.0,48.857,2.438,16.0,0.0,penurie (vide)
velib,Paris,ff670cd94cced5c75e82e9e0c397c894,Belleville - Porte des Lilas,0.032,1.0,30.0,31.0,0.0,0.0,48.877,2.405,1.0,0.0,penurie (vide)
velib,Paris,ff7997b9155b49ebda0f3e7ea20e4d89,Cassini - Denfert-Rochereau,0.333,8.0,16.0,24.0,0.0,0.0,48.838,2.336,8.0,0.0,penurie (vide)
velib,Paris,ff8b291ae855c29a6579af208df17b14,Place de la Division Leclerc,0.152,5.0,28.0,33.0,0.0,0.0,48.794,2.273,5.0,0.0,penurie (vide)
velib,Paris,ff940ba42c8bf5574398df20f01d14ae,Arche - Léonard de Vinci,0.593,16.0,11.0,27.0,0.0,0.0,48.898,2.238,16.0,0.0,penurie (vide)
velib,Paris,ffc8eb6339e82967b31553e07d65e1f1,Gabriel Péri - Place de la Libération,0.944,17.0,1.0,18.0,0.0,0.0,48.82,2.312,17.0,0.0,penurie (vide)
velib,Paris,ffebae556fb025e5425befa8f1a43308,Alexandre Parodi - Quai de Valmy,0.083,2.0,22.0,24.0,0.0,0.0,48.879,2.367,2.0,0.0,penurie (vide)
velibeo,Brive-la-Gaillarde,03f76046c12fe5950c87015578d2e4ee,Trois Provinces,0.467,7.0,8.0,15.0,0.0,0.0,45.166,1.544,7.0,0.0,penurie (vide)
velibeo,Brive-la-Gaillarde,049fae260848f5d06b464a7360dd51df,Brive Laroche,0.375,3.0,5.0,8.0,0.0,0.0,45.149,1.479,3.0,0.0,penurie (vide)
velibeo,Brive-la-Gaillarde,0d4056bcf1b0e0367f119c2da1f4ca5f,Gare SNCF,0.0,0.0,9.0,9.0,1.0,0.0,45.153,1.529,0.0,1.0,penurie (vide)
velibeo,Brive-la-Gaillarde,13ec4f6d461384760e0038cba7f0713c,Tujac,0.333,3.0,6.0,9.0,0.0,0.0,45.157,1.499,3.0,0.0,penurie (vide)
velibeo,Brive-la-Gaillarde,31f0cdfa781b259c8dee6c7b66c0b0d6,Mairie de Brive,0.375,3.0,5.0,8.0,0.0,0.0,45.159,1.534,3.0,0.0,penurie (vide)
velibeo,Brive-la-Gaillarde,3e12ad9210cf61c36ecc5f85f5458f93,Halle Gaillarde,0.364,4.0,7.0,11.0,0.0,0.0,45.156,1.533,4.0,0.0,penurie (vide)
velibeo,Brive-la-Gaillarde,4626e38094883ed5df497b17651e5283,Piscine,0.0,0.0,9.0,9.0,1.0,0.0,45.161,1.541,0.0,1.0,penurie (vide)
velibeo,Brive-la-Gaillarde,4bbe8d8863981a5aca08bc59a649c023,Zola,0.0,0.0,5.0,5.0,1.0,0.0,45.157,1.528,0.0,1.0,penurie (vide)
velibeo,Brive-la-Gaillarde,549a9733be3b2c50b16a8ef43560b5cd,Chapélies,0.333,3.0,6.0,9.0,0.0,0.0,45.155,1.55,3.0,0.0,penurie (vide)
velibeo,Brive-la-Gaillarde,5628851e50b555c97dbfdbe1099829b8,D'Arsonval,0.308,4.0,9.0,13.0,0.0,0.0,45.16,1.53,4.0,0.0,penurie (vide)
velibeo,Brive-la-Gaillarde,667214af10406a7fb1dd0dd44214bfb5,Marquisie,0.444,4.0,5.0,9.0,0.0,0.0,45.155,1.481,4.0,0.0,penurie (vide)
velibeo,Brive-la-Gaillarde,6ce372b2156beba0bd1916975f6701c4,Île du Roi,0.273,3.0,8.0,11.0,0.0,0.0,45.164,1.52,3.0,0.0,penurie (vide)
velibeo,Brive-la-Gaillarde,6e550a1142ab25835ca6929d1f1d72f8,Trois Lycées,0.0,0.0,7.0,7.0,1.0,0.0,45.16,1.521,0.0,1.0,penurie (vide)
velibeo,Brive-la-Gaillarde,7021b9584f5a7135e00c6dc3485f4a1f,ZA Brive-Est,0.583,7.0,5.0,12.0,0.0,0.0,45.153,1.56,7.0,0.0,penurie (vide)
velibeo,Brive-la-Gaillarde,73e0271b601f9316c88006f39ed74726,Saint Pantaléon de Larche,0.4,4.0,6.0,10.0,0.0,0.0,45.141,1.446,4.0,0.0,penurie (vide)
velibeo,Brive-la-Gaillarde,86bb5f41986681854c1c656761925c77,Malemort,0.5,6.0,6.0,12.0,0.0,0.0,45.17,1.564,6.0,0.0,penurie (vide)
velibeo,Brive-la-Gaillarde,89210945d9657c187f78b6b7e5bf36a9,Rivet,0.4,4.0,6.0,10.0,0.0,0.0,45.169,1.497,4.0,0.0,penurie (vide)
velibeo,Brive-la-Gaillarde,91743c1daa29001010fc2f7bf8b9ef4f,Brune,0.0,0.0,5.0,5.0,1.0,0.0,45.154,1.538,0.0,1.0,penurie (vide)
velibeo,Brive-la-Gaillarde,aa9b2f6709506c50d9873115c9452968,Cosnac,0.385,5.0,8.0,13.0,0.0,0.0,45.137,1.586,5.0,0.0,penurie (vide)
velibeo,Brive-la-Gaillarde,ae0d2671d2b1232205d9ed7984b3675e,Hôpital,0.417,5.0,7.0,12.0,0.0,0.0,45.168,1.533,5.0,0.0,penurie (vide)
velibeo,Brive-la-Gaillarde,b4f78582052642c08a960e69f2398036,Guierle,0.0,0.0,9.0,9.0,1.0,0.0,45.162,1.534,0.0,1.0,penurie (vide)
velibeo,Brive-la-Gaillarde,ba396aeb7d1bab9aaeb1f89c97f7ebbf,Léo Lagrange,0.111,1.0,8.0,9.0,0.0,0.0,45.16,1.547,1.0,0.0,penurie (vide)
velibeo,Brive-la-Gaillarde,bd50fd4fc7c2c618a28029cb1e0b4de8,Ussac,0.25,2.0,6.0,8.0,0.0,0.0,45.187,1.507,2.0,0.0,penurie (vide)
velibeo,Brive-la-Gaillarde,d377e9d264ef38a1357c4a8d2180fe82,Les Bouriottes,0.545,6.0,5.0,11.0,0.0,0.0,45.165,1.557,6.0,0.0,penurie (vide)
velibeo,Brive-la-Gaillarde,d499600dcf8c0d4fa927fc82bf0ed794,Université,0.167,2.0,10.0,12.0,0.0,0.0,45.155,1.51,2.0,0.0,penurie (vide)
velibeo,Brive-la-Gaillarde,e7602e232b9e2693ab38495b908afae7,Saint-Antoine,0.375,3.0,5.0,8.0,0.0,0.0,45.146,1.53,3.0,0.0,penurie (vide)
velitul,Laval,391bec816470d360fe1abc850f1dc278,Cite administrative,0.5,7.0,7.0,14.0,0.0,0.0,48.062,-0.754,7.0,0.0,penurie (vide)
velitul,Laval,925b6ec9e4f7267182c7d3dadbbb36f0,Préfecture,0.214,3.0,11.0,14.0,0.0,0.0,48.071,-0.766,3.0,0.0,penurie (vide)
velitul,Laval,9f217036001caa45e63a64b938f9543a,Gare TUL,0.5,9.0,9.0,18.0,0.0,0.0,48.071,-0.774,9.0,0.0,penurie (vide)
velitul,Laval,cec63036f2e1630e1e27248f821c3974,Gare SNCF,0.24,6.0,19.0,25.0,0.0,0.0,48.076,-0.76,6.0,0.0,penurie (vide)
velitul,Laval,ec0735f197b5dc9e21e3131534b25f01,Ferrie,0.286,4.0,10.0,14.0,0.0,0.0,48.078,-0.784,4.0,0.0,penurie (vide)
velitul,Laval,fe66f92a7de313161ca8498364e5e16a,Centre Universitaire,0.375,6.0,10.0,16.0,0.0,0.0,48.086,-0.757,6.0,0.0,penurie (vide)
velivert,Saint-Étienne,0006f99e2d29979a164b1e2554202e36,Rond Point Fauriel,0.0,0.0,20.0,20.0,1.0,0.0,45.421,4.413,0.0,1.0,penurie (vide)
velivert,Saint-Étienne,03e1d8751e504ab7786c197f77bbeaca,Montplaisir,0.0,0.0,20.0,20.0,1.0,0.0,45.434,4.416,0.0,1.0,penurie (vide)
velivert,Saint-Étienne,08e895910c341de45423f7c6f2a264e3,Chateaucreux,1.0,30.0,0.0,30.0,0.0,1.0,45.443,4.4,30.0,1.0,saturation (pleine)
velivert,Saint-Étienne,0a3bb1096818ab5f88752bb2aab8ce48,Chavassieux,0.1,2.0,18.0,20.0,0.0,0.0,45.447,4.368,2.0,0.0,penurie (vide)
velivert,Saint-Étienne,0aa62a905545bfd45d299da223063bce,Villars Centre Bourg,0.2,2.0,8.0,10.0,0.0,0.0,45.469,4.354,2.0,0.0,penurie (vide)
velivert,Saint-Étienne,0abef8b04f422916118813a546d7fd76,Le Berland,0.111,1.0,8.0,9.0,0.0,0.0,45.434,4.296,1.0,0.0,penurie (vide)
velivert,Saint-Étienne,0f5ba27cd58671a05d85390d285057da,La Chapelle,0.7,7.0,3.0,10.0,0.0,0.0,45.526,4.27,7.0,0.0,penurie (vide)
velivert,Saint-Étienne,106e30f2d701ccdc671a4ad42f21d02a,Gare le Chambon,0.8,8.0,2.0,10.0,0.0,0.0,45.395,4.323,8.0,0.0,penurie (vide)
velivert,Saint-Étienne,12aa8e88da6179c8ee2137b3d7f846d4,Centre-Deux,0.1,3.0,27.0,30.0,0.0,0.0,45.423,4.392,3.0,0.0,penurie (vide)
velivert,Saint-Étienne,18ea554136cc1352c0933c05807406a1,Saint-Genest-Lerpt Ferry,0.4,4.0,6.0,10.0,0.0,0.0,45.445,4.337,4.0,0.0,penurie (vide)
velivert,Saint-Étienne,1c35c94b2dbebf365cc28990afc0d4ee,Saint-Saëns,0.238,5.0,16.0,21.0,0.0,0.0,45.472,4.395,5.0,0.0,penurie (vide)
velivert,Saint-Étienne,27ae5c8765f7634b78db36d679761f60,Corbusier,0.5,5.0,5.0,10.0,0.0,0.0,45.384,4.286,5.0,0.0,penurie (vide)
velivert,Saint-Étienne,27ea80dbe3a60c41bf05dfcae863f58e,La Terrasse,0.6,12.0,8.0,20.0,0.0,0.0,45.465,4.378,12.0,0.0,penurie (vide)
velivert,Saint-Étienne,2cf54c2492c4475a6f49442e3e168e7a,Place de la Libération,0.3,3.0,7.0,10.0,0.0,0.0,45.529,4.616,3.0,0.0,penurie (vide)
velivert,Saint-Étienne,2d011d87d85650462591115127f15dd3,La Talaudière Collège,0.1,1.0,9.0,10.0,0.0,0.0,45.481,4.438,1.0,0.0,penurie (vide)
velivert,Saint-Étienne,2f907f20db50b3209efba40641e4a9f5,Saint-Jean-de-Bonnefonds Mairie,1.0,11.0,0.0,11.0,0.0,1.0,45.449,4.445,11.0,1.0,saturation (pleine)
velivert,Saint-Étienne,32020474fec688a6a386adac34624564,Clinique HPL,0.5,5.0,5.0,10.0,0.0,0.0,45.428,4.417,5.0,0.0,penurie (vide)
velivert,Saint-Étienne,32234d7b13768631baaa562542468428,Beaulieu - Corbusier,0.05,1.0,19.0,20.0,0.0,0.0,45.426,4.41,1.0,0.0,penurie (vide)
velivert,Saint-Étienne,3d5ad6b771597967c8d1f4fab7c6c45d,Monthieu,0.15,3.0,17.0,20.0,0.0,0.0,45.442,4.415,3.0,0.0,penurie (vide)
velivert,Saint-Étienne,42a0d2c0a5d8c0dcd4e17862ac4d9a08,Ile de France,1.0,16.0,0.0,16.0,0.0,1.0,45.475,4.534,16.0,1.0,saturation (pleine)
velivert,Saint-Étienne,42c4e589aa27ca7beae5caac6d3b69b9,Avenue du Parc,0.6,6.0,4.0,10.0,0.0,0.0,45.525,4.258,6.0,0.0,penurie (vide)
velivert,Saint-Étienne,4e697b40127068429d97242f320450ff,Louis Comte,0.684,13.0,6.0,19.0,0.0,0.0,45.458,4.504,13.0,0.0,penurie (vide)
velivert,Saint-Étienne,4f9a3da34dfcd6f076fe09581b11ccaa,MAMC,0.6,6.0,4.0,10.0,0.0,0.0,45.47,4.374,6.0,0.0,penurie (vide)
velivert,Saint-Étienne,524376b643f00a14f481e1cecb6fcf9e,Faculté de Sciences,0.0,0.0,20.0,20.0,1.0,0.0,45.422,4.426,0.0,1.0,penurie (vide)
velivert,Saint-Étienne,52db264412f2354b7cf54a3c3159b0d7,Place Chipier,0.4,4.0,6.0,10.0,0.0,0.0,45.532,4.627,4.0,0.0,penurie (vide)
velivert,Saint-Étienne,53ad5ef1197e3cd11cd7734553b77b49,Centre Commercial Montreynaud,0.15,3.0,17.0,20.0,0.0,0.0,45.471,4.4,3.0,0.0,penurie (vide)
velivert,Saint-Étienne,53da0b59e2d4e012cc875158d4a4bbc1,Beaulieu,0.9,9.0,1.0,10.0,0.0,0.0,45.423,4.317,9.0,0.0,penurie (vide)
velivert,Saint-Étienne,5a51f550bd32b1ba4bc3322a8d3b1e95,Claude Odde,0.1,2.0,18.0,20.0,0.0,0.0,45.459,4.382,2.0,0.0,penurie (vide)
velivert,Saint-Étienne,600211661bde34f2e0e64b59c55f3536,Puits de la Loire,0.05,1.0,19.0,20.0,0.0,0.0,45.443,4.371,1.0,0.0,penurie (vide)
velivert,Saint-Étienne,64154a76494ff24c0312ccf1f6f74f16,Breuil,0.2,4.0,16.0,20.0,0.0,0.0,45.389,4.287,4.0,0.0,penurie (vide)
velivert,Saint-Étienne,64620aa2679548dbc16cb72360b4dc04,Baignade naturelle Arnaud Beltrame,0.5,5.0,5.0,10.0,0.0,0.0,45.5,4.576,5.0,0.0,penurie (vide)
velivert,Saint-Étienne,6978734e7ea4c8fecc769ccf23b629dc,Karl Marx,0.0,0.0,30.0,30.0,1.0,0.0,45.423,4.409,0.0,1.0,penurie (vide)
velivert,Saint-Étienne,6f9d25525d4482958b5bf202873a776a,La Comète,0.0,0.0,30.0,30.0,1.0,0.0,45.436,4.383,0.0,1.0,penurie (vide)
velivert,Saint-Étienne,705fb78f93b1c0a8ac92beedab8cec4e,Bouthéon,0.1,1.0,9.0,10.0,0.0,0.0,45.542,4.267,1.0,0.0,penurie (vide)
velivert,Saint-Étienne,70bd5c703e53cebe30ef65a377bc051a,Portail Rouge,0.0,0.0,20.0,20.0,1.0,0.0,45.417,4.411,0.0,1.0,penurie (vide)
velivert,Saint-Étienne,711081f072b73c59a4000694fdbf8a9c,Novaciéries,0.053,1.0,18.0,19.0,0.0,0.0,45.472,4.507,1.0,0.0,penurie (vide)
velivert,Saint-Étienne,73127b0cd9cb36a9ceb8197a048d6fda,Unieux Centre,0.1,1.0,9.0,10.0,0.0,0.0,45.398,4.264,1.0,0.0,penurie (vide)
velivert,Saint-Étienne,73b0e17bb9a98955674adb962f68deba,Valjoly,0.636,7.0,4.0,11.0,0.0,0.0,45.493,4.435,7.0,0.0,penurie (vide)
velivert,Saint-Étienne,77634c031521333e1452b11f758993cb,Lorette Souvenir Français,0.6,6.0,4.0,10.0,0.0,0.0,45.512,4.58,6.0,0.0,penurie (vide)
velivert,Saint-Étienne,77a171eef34e64da6d3377573487f89e,Saint François,0.067,2.0,28.0,30.0,0.0,0.0,45.44,4.403,2.0,0.0,penurie (vide)
velivert,Saint-Étienne,7efb16ec331c6a2bd76e376d130217a8,Le Clapier,0.033,1.0,29.0,30.0,0.0,0.0,45.437,4.379,1.0,0.0,penurie (vide)
velivert,Saint-Étienne,8010c31c993cdc3e3c7cff540c440242,Palais des congrès,0.533,16.0,14.0,30.0,0.0,0.0,45.427,4.404,16.0,0.0,penurie (vide)
velivert,Saint-Étienne,8146e7e09793ae49ac453bafe6b43205,Villeboeuf,0.0,0.0,30.0,30.0,1.0,0.0,45.432,4.395,0.0,1.0,penurie (vide)
velivert,Saint-Étienne,81570ea42ee1e20669e992e024ee77d4,Trois glorieuses,0.9,9.0,1.0,10.0,0.0,0.0,45.469,4.381,9.0,0.0,penurie (vide)
velivert,Saint-Étienne,830eb555f468be89996504dee1091baa,Pôle de la Viande,1.0,12.0,0.0,12.0,0.0,1.0,45.475,4.426,12.0,1.0,saturation (pleine)
velivert,Saint-Étienne,846fffc8a133cc76a0d1ec87a800b06a,Albert Thomas,0.0,0.0,30.0,30.0,1.0,0.0,45.433,4.388,0.0,1.0,penurie (vide)
velivert,Saint-Étienne,85cadd930244f3a77170f5993b07120d,Fourneyron,0.0,0.0,30.0,30.0,1.0,0.0,45.439,4.396,0.0,1.0,penurie (vide)
velivert,Saint-Étienne,85dbb0d171184a92662fd5f7798c6aac,Molina,0.7,14.0,6.0,20.0,0.0,0.0,45.466,4.399,14.0,0.0,penurie (vide)
velivert,Saint-Étienne,88b3628422411409dbb4d8bf0e24e3d6,Abattoir,0.5,5.0,5.0,10.0,0.0,0.0,45.397,4.291,5.0,0.0,penurie (vide)
velivert,Saint-Étienne,8b32d269243e8e40e60958f9e80104a3,Steel,1.0,20.0,0.0,20.0,0.0,1.0,45.445,4.421,20.0,1.0,saturation (pleine)
velivert,Saint-Étienne,8edf7caa9fd6ec877aefc1685ee48fdf,Plotton,0.0,0.0,20.0,20.0,1.0,0.0,45.44,4.384,0.0,1.0,penurie (vide)
velivert,Saint-Étienne,964ef1ac2ec8d8818b6c0b44469a643f,Fraisses centre,0.5,5.0,5.0,10.0,0.0,0.0,45.389,4.267,5.0,0.0,penurie (vide)
velivert,Saint-Étienne,97c15f7f4d94eeeb7e047c4149dc2815,Boulevard des Provinces,1.0,10.0,0.0,10.0,0.0,1.0,45.521,4.598,10.0,1.0,saturation (pleine)
velivert,Saint-Étienne,9d19ed66e43f70330fbe7f573a18df4f,Terrenoire Vial,0.55,11.0,9.0,20.0,0.0,0.0,45.436,4.437,11.0,0.0,penurie (vide)
velivert,Saint-Étienne,9f124ebe3894062c1b25fab55d6030e3,Liberté,0.033,1.0,29.0,30.0,0.0,0.0,45.474,4.511,1.0,0.0,penurie (vide)
velivert,Saint-Étienne,9f37177327c4dd38c78519871ab28dc5,Parc Expo,0.05,1.0,19.0,20.0,0.0,0.0,45.449,4.395,1.0,0.0,penurie (vide)
velivert,Saint-Étienne,a1958073e0fcc7f27c7345a7e8b69b33,Pont Chaney,1.0,12.0,0.0,12.0,0.0,1.0,45.386,4.283,12.0,1.0,saturation (pleine)
velivert,Saint-Étienne,a6a552708b175fce6d97d4659257f984,La Grand Croix Centre,0.3,3.0,7.0,10.0,0.0,0.0,45.504,4.569,3.0,0.0,penurie (vide)
velivert,Saint-Étienne,a86aa7a942e578f58deb5ae4690f3f2f,L'Horme Mairie,0.6,6.0,4.0,10.0,0.0,0.0,45.486,4.542,6.0,0.0,penurie (vide)
velivert,Saint-Étienne,ab2e4324dcd18bbc7649b09220dd1cd7,Zénith,0.9,18.0,2.0,20.0,0.0,0.0,45.453,4.391,18.0,0.0,penurie (vide)
velivert,Saint-Étienne,ab40c395c9fd19dd921f35863b1bd4e7,Le Pertuiset,0.6,6.0,4.0,10.0,0.0,0.0,45.409,4.251,6.0,0.0,penurie (vide)
velivert,Saint-Étienne,ad0b1ebe614007cf05321c50adbfc946,Technopole,1.0,21.0,0.0,21.0,0.0,1.0,45.459,4.396,21.0,1.0,saturation (pleine)
velivert,Saint-Étienne,aed38246b7245a25deac2f9d4df31a4f,Piscine le Chambon,0.9,9.0,1.0,10.0,0.0,0.0,45.398,4.331,9.0,0.0,penurie (vide)
velivert,Saint-Étienne,b4690fd38c367b3514ea525e764c84e6,Cité du Design,0.5,15.0,15.0,30.0,0.0,0.0,45.452,4.388,15.0,0.0,penurie (vide)
velivert,Saint-Étienne,b51b7628e156fc07b1a5b32368c1d42e,Jean Moulin,0.067,2.0,28.0,30.0,0.0,0.0,45.437,4.392,2.0,0.0,penurie (vide)
velivert,Saint-Étienne,b7eb5b064d121ddd4b7f811b2cb48651,Hôpital Nord,1.0,33.0,0.0,33.0,0.0,1.0,45.479,4.364,33.0,1.0,saturation (pleine)
velivert,Saint-Étienne,bb56c50a6003fe665b115d86dece8e4c,Bellevue,0.368,7.0,12.0,19.0,0.0,0.0,45.416,4.394,7.0,0.0,penurie (vide)
velivert,Saint-Étienne,bf9fc1be842423245b05d2dc60b77143,Jean Jaurès,0.05,1.0,19.0,20.0,0.0,0.0,45.441,4.387,1.0,0.0,penurie (vide)
velivert,Saint-Étienne,c04b5e624e5ad68e952efbdaf479f94d,Faculté de Médecine,0.15,3.0,17.0,20.0,0.0,0.0,45.485,4.365,3.0,0.0,penurie (vide)
velivert,Saint-Étienne,c050f7f2b0edd7dd46bc35ce96439b51,Chavanelle,0.033,1.0,29.0,30.0,0.0,0.0,45.435,4.392,1.0,0.0,penurie (vide)
velivert,Saint-Étienne,c52c74f00fbad7c4212dde1be3fa227d,Peuple,0.05,1.0,19.0,20.0,0.0,0.0,45.436,4.388,1.0,0.0,penurie (vide)
velivert,Saint-Étienne,c5f1062db9a95f9cd93c9de38ca9ef30,La Talaudière Centre,0.2,2.0,8.0,10.0,0.0,0.0,45.481,4.433,2.0,0.0,penurie (vide)
velivert,Saint-Étienne,c7390203ebf878cc9def86ecce0d0dbe,La Cotonne,0.15,3.0,17.0,20.0,0.0,0.0,45.421,4.385,3.0,0.0,penurie (vide)
velivert,Saint-Étienne,ca0757ebd5819006b455670265c3f00a,La Valette,0.15,3.0,17.0,20.0,0.0,0.0,45.47,4.514,3.0,0.0,penurie (vide)
velivert,Saint-Étienne,d6103bf69bade91d0af785ce0a4eec2c,Côte Chaude,0.4,8.0,12.0,20.0,0.0,0.0,45.444,4.364,8.0,0.0,penurie (vide)
velivert,Saint-Étienne,d6adbff3ce71759be7130aa37bcb0424,Gare Saint Chamond,0.167,5.0,25.0,30.0,0.0,0.0,45.473,4.517,5.0,0.0,penurie (vide)
velivert,Saint-Étienne,d7ddfd93196e843b667daa22e0e46c95,Normandie-Niemen,0.0,0.0,20.0,20.0,1.0,0.0,45.438,4.411,0.0,1.0,penurie (vide)
velivert,Saint-Étienne,d7df27b50ae5a7758e7f08e6e70f272a,Solaure,0.1,2.0,18.0,20.0,0.0,0.0,45.41,4.387,2.0,0.0,penurie (vide)
velivert,Saint-Étienne,d8b191c379b1fc1a82bfb712571d7b04,L'Etrat Centre,0.7,7.0,3.0,10.0,0.0,0.0,45.486,4.374,7.0,0.0,penurie (vide)
velivert,Saint-Étienne,d8e7c42ad36d7c0fb1e9bb7b7e17c5f2,Grouchy,0.0,0.0,20.0,20.0,1.0,0.0,45.462,4.381,0.0,1.0,penurie (vide)
velivert,Saint-Étienne,da0b78cc9edc7d66fa8344f344e89845,Geoffroy Guichard,0.667,20.0,10.0,30.0,0.0,0.0,45.461,4.388,20.0,0.0,penurie (vide)
velivert,Saint-Étienne,dba505c2d1d6d296116286e2c5a7e5cb,Dorian,0.0,0.0,30.0,30.0,1.0,0.0,45.438,4.388,0.0,1.0,penurie (vide)
velivert,Saint-Étienne,e20d7b0eb5a359f9fc9a8ea81e98e94f,La Palle,0.0,0.0,30.0,30.0,1.0,0.0,45.423,4.423,0.0,1.0,penurie (vide)
velivert,Saint-Étienne,e2c534aec68cdf49a68bd493143b2852,Anatole France,0.0,0.0,30.0,30.0,1.0,0.0,45.431,4.39,0.0,1.0,penurie (vide)
velivert,Saint-Étienne,e5b214df4e0c23caa717a20a3a4749c2,Nationale,0.05,1.0,19.0,20.0,0.0,0.0,45.464,4.504,1.0,0.0,penurie (vide)
velivert,Saint-Étienne,eaa76c3219f87c6f11d334c3640aef26,Conservatoire,0.0,0.0,10.0,10.0,1.0,0.0,45.43,4.395,0.0,1.0,penurie (vide)
velivert,Saint-Étienne,ec1f55b3eeebe2b61baa06ecad524209,La Fouillouse Centre,0.0,0.0,10.0,10.0,1.0,0.0,45.501,4.319,0.0,1.0,penurie (vide)
velivert,Saint-Étienne,ecbd0e4aee762bbb1e32bf941b3f5f9f,Sorbiers Centre,0.5,5.0,5.0,10.0,0.0,0.0,45.49,4.45,5.0,0.0,penurie (vide)
velivert,Saint-Étienne,ed2a8ac301c2d0e1bbb770502aeb5516,Saint Pierre,0.25,5.0,15.0,20.0,0.0,0.0,45.478,4.513,5.0,0.0,penurie (vide)
velivert,Saint-Étienne,ee1c084608363bd9c138024ee5dbb108,Gare Firminy,1.0,7.0,0.0,7.0,0.0,1.0,45.392,4.286,7.0,1.0,saturation (pleine)
velivert,Saint-Étienne,f0a651e81b7eedb4bc6e3654a6125165,Saint-Priest-en-Jarez Centre,0.2,2.0,8.0,10.0,0.0,0.0,45.473,4.38,2.0,0.0,penurie (vide)
velivert,Saint-Étienne,f11444f59a3fe49d5174e2d2c908c2ba,Carnot,0.033,1.0,29.0,30.0,0.0,0.0,45.447,4.386,1.0,0.0,penurie (vide)
velivert,Saint-Étienne,f3e5907e5c15f880afcdbcb119f68ddc,Ricamarie centre,0.1,1.0,9.0,10.0,0.0,0.0,45.404,4.366,1.0,0.0,penurie (vide)
velivert,Saint-Étienne,f449c4c2282248672529fcb1204db9df,Campus Tréfilerie,0.033,1.0,29.0,30.0,0.0,0.0,45.428,4.392,1.0,0.0,penurie (vide)
velivert,Saint-Étienne,f78e30976bf18ded1c83743829cfb1be,Base nautique,0.25,5.0,15.0,20.0,0.0,0.0,45.448,4.255,5.0,0.0,penurie (vide)
velivert,Saint-Étienne,f8ffc67a3903fa2811281e7059a76244,Jacquard,0.0,0.0,20.0,20.0,1.0,0.0,45.442,4.383,0.0,1.0,penurie (vide)
velo,Toulouse,0100de3346031875734126117061f78d,HÉRACLÈS - BÉARNAIS,0.2,4.0,16.0,20.0,0.0,0.0,43.608,1.429,4.0,0.0,penurie (vide)
velo,Toulouse,014264c2d8ffa0f4ba5e77c7e9853245,MIRAIL UNIVERSITÉ MÉTRO,0.895,17.0,2.0,19.0,0.0,0.0,43.574,1.402,17.0,0.0,penurie (vide)
velo,Toulouse,014ed640671263a62afd44f55462102e,SERRES - CABANEL,0.0,0.0,18.0,18.0,1.0,0.0,43.614,1.438,0.0,1.0,penurie (vide)
velo,Toulouse,01dc3bd2df858fa39bd07b94b95bf41c,BARRIERE DE PARIS MÉTRO,0.773,17.0,5.0,22.0,0.0,0.0,43.627,1.434,17.0,0.0,penurie (vide)
velo,Toulouse,01ff67fc764ff44480f3e1abf45745a3,AMIDONNIERS - DEBAT-PONSAN,0.0,0.0,13.0,13.0,1.0,0.0,43.606,1.421,0.0,1.0,penurie (vide)
velo,Toulouse,02b7fc52417067dfc0675007b7488415,BD DES MINIMES - PASSERELLE,0.0,0.0,25.0,25.0,1.0,0.0,43.615,1.443,0.0,1.0,penurie (vide)
velo,Toulouse,036f38e570ddb2e8be7b7e76cbebca83,SERVANTY AIRBUS TRAMWAY,0.625,10.0,6.0,16.0,0.0,0.0,43.625,1.393,10.0,0.0,penurie (vide)
velo,Toulouse,044cb3908005453819573707d3274b83,MÉRIDIENNE - OCCITANE,0.625,10.0,6.0,16.0,0.0,0.0,43.54,1.511,10.0,0.0,penurie (vide)
velo,Toulouse,0485cffa1697967429eeee748bd5548a,HOTEL DE POLICE,0.478,11.0,12.0,23.0,0.0,0.0,43.615,1.433,11.0,0.0,penurie (vide)
velo,Toulouse,05d1409f13973fe07e2da92469b1ed4f,LANGUEDOC - NAZARETH,0.345,10.0,19.0,29.0,0.0,0.0,43.595,1.445,10.0,0.0,penurie (vide)
velo,Toulouse,05ea78f45dfa19e7af5149cb7490da77,CHIRAC - CHAUMIÈRE,0.125,2.0,14.0,16.0,0.0,0.0,43.615,1.465,2.0,0.0,penurie (vide)
velo,Toulouse,06dc527657e1a32b8e1da7268fd441ce,PADER - FRONTON,0.667,10.0,5.0,15.0,0.0,0.0,43.636,1.433,10.0,0.0,penurie (vide)
velo,Toulouse,07646da903a41b60c3cd7cddc7db6c71,PARGAMINIÈRES - LAKANAL,0.889,8.0,1.0,9.0,0.0,0.0,43.605,1.44,8.0,0.0,penurie (vide)
velo,Toulouse,07f6da5ed4da85ef4061346276e5e098,FONTAINES - BRUN,0.077,1.0,12.0,13.0,0.0,0.0,43.6,1.426,1.0,0.0,penurie (vide)
velo,Toulouse,07f857cefffb95b872cbe0572f3a914c,PLANA - CASSAING,0.25,4.0,12.0,16.0,0.0,0.0,43.617,1.474,4.0,0.0,penurie (vide)
velo,Toulouse,087161e585d1ad25eb784a122168c2c4,FONTAINE LESTANG METRO,0.278,5.0,13.0,18.0,0.0,0.0,43.587,1.418,5.0,0.0,penurie (vide)
velo,Toulouse,088c6e43b76b8c5225a5b7ce2488d416,JARDIN DU BARRY,0.455,5.0,6.0,11.0,0.0,0.0,43.601,1.404,5.0,0.0,penurie (vide)
velo,Toulouse,090f3667778c626587f297145fbde4f6,ARCOLE - MERLY,0.0,0.0,15.0,15.0,1.0,0.0,43.61,1.443,0.0,1.0,penurie (vide)
velo,Toulouse,095d4b32a8728e5eaad1fa1691d46aee,RTE DE BLAGNAC - BERNIES,0.421,8.0,11.0,19.0,0.0,0.0,43.612,1.415,8.0,0.0,penurie (vide)
velo,Toulouse,09f2f083207fb3ca124fdaf333fc3d7a,MAL CLABEL - AUDE,0.125,2.0,14.0,16.0,0.0,0.0,43.583,1.482,2.0,0.0,penurie (vide)
velo,Toulouse,0a1dc4e20dee1eb9bf2551eb18c05abe,PLACE SAINT-JULIEN,0.261,6.0,17.0,23.0,0.0,0.0,43.609,1.437,6.0,0.0,penurie (vide)
velo,Toulouse,0aeaafa9e010c4f965238ceb0b653692,VELASQUEZ - TAMARIS,0.938,15.0,1.0,16.0,0.0,0.0,43.621,1.39,15.0,0.0,penurie (vide)
velo,Toulouse,0af354f0cf3e0d308b351c24ed340ea0,FOURNIER - JARDINERIE,1.0,13.0,0.0,13.0,0.0,1.0,43.606,1.369,13.0,1.0,saturation (pleine)
velo,Toulouse,0b70a80bcf5156aaa1f83f782fe5722a,REVEL - BAJAC,0.438,7.0,9.0,16.0,0.0,0.0,43.577,1.488,7.0,0.0,penurie (vide)
velo,Toulouse,0b94f682ec6b6c69d36abbf1a2a49182,BRIENNE - MANUFACTURE,0.478,11.0,12.0,23.0,0.0,0.0,43.605,1.432,11.0,0.0,penurie (vide)
velo,Toulouse,0be30d8039afe82df6015e7d2159e45b,ALSACE-LORRAINE - POMME,1.0,17.0,0.0,17.0,0.0,1.0,43.603,1.445,17.0,1.0,saturation (pleine)
velo,Toulouse,0c09d07f4107a8d9721b2829ef874e92,GUILHERMY - LAS BRUGUES,1.0,13.0,0.0,13.0,0.0,1.0,43.568,1.371,13.0,1.0,saturation (pleine)
velo,Toulouse,0c3ec9d3d8e4cf48dc1874e781261502,PATTE D'OIE - MÉTRO,0.357,5.0,9.0,14.0,0.0,0.0,43.597,1.424,5.0,0.0,penurie (vide)
velo,Toulouse,0c7895a69d39e49553cf17c5957de71b,NETWILLER - EBELOT,0.35,7.0,13.0,20.0,0.0,0.0,43.643,1.461,7.0,0.0,penurie (vide)
velo,Toulouse,0d503dfaf76aa41130334dbe3c716c82,PLACE ROBERT SCHUMAN,0.611,11.0,7.0,18.0,0.0,0.0,43.61,1.449,11.0,0.0,penurie (vide)
velo,Toulouse,0d6e5979f6ad614551b0bd207461975b,ANCELY TRAMWAY,0.35,7.0,13.0,20.0,0.0,0.0,43.619,1.397,7.0,0.0,penurie (vide)
velo,Toulouse,0eb345e6f71d36f6907a3dd3816b91f7,BAROUX - LIMAYRAC,0.0,0.0,18.0,18.0,1.0,0.0,43.592,1.479,0.0,1.0,penurie (vide)
velo,Toulouse,0fcbd6f2f53d09495ab3219b3201471e,PLACE DES GLIÈRES,0.923,12.0,1.0,13.0,0.0,0.0,43.565,1.41,12.0,0.0,penurie (vide)
velo,Toulouse,0ffd62c7b370457f819114cbac168fd1,NARBONNE - DURAND,0.05,1.0,19.0,20.0,0.0,0.0,43.557,1.465,1.0,0.0,penurie (vide)
velo,Toulouse,111c39a731abf9e1c3d202f25c0b646e,LARDENNE - MAXWELL,0.438,7.0,9.0,16.0,0.0,0.0,43.59,1.368,7.0,0.0,penurie (vide)
velo,Toulouse,113bd27681c3be229967cc80dd7ad1b7,VIDAL - SAINT-JÉRÔME,1.0,24.0,0.0,24.0,0.0,1.0,43.603,1.448,24.0,1.0,saturation (pleine)
velo,Toulouse,115c34618b8a8c823b20ff17d82e1626,RTE DE SEYSSES - LONDRES,1.0,16.0,0.0,16.0,0.0,1.0,43.568,1.413,16.0,1.0,saturation (pleine)
velo,Toulouse,11678f06c6a76cc341ba622e5be85b54,PALAIS DE JUSTICE  MÉTRO,0.308,4.0,9.0,13.0,0.0,0.0,43.593,1.445,4.0,0.0,penurie (vide)
velo,Toulouse,116cefef659c8c73ed444291cfeaca43,ZAMENHOF,0.353,6.0,11.0,17.0,0.0,0.0,43.585,1.377,6.0,0.0,penurie (vide)
velo,Toulouse,11848110e32a0302de9f3778e8952418,LAGANNE - TEINTURIERS,0.167,3.0,15.0,18.0,0.0,0.0,43.597,1.436,3.0,0.0,penurie (vide)
velo,Toulouse,11c185f2936de80a53daf6d81eec48b4,ST-CYPRIEN - MÉTRO VIÉ,0.167,2.0,10.0,12.0,0.0,0.0,43.598,1.432,2.0,0.0,penurie (vide)
velo,Toulouse,1294f5d80491afa3aacfe1f6083d13ec,BIARRITZ - CASSELARDIT,0.2,2.0,8.0,10.0,0.0,0.0,43.607,1.409,2.0,0.0,penurie (vide)
velo,Toulouse,12cef950a2fdaa63daaa82786ae81ee1,GAMBETTA - STE-URSULE,0.889,16.0,2.0,18.0,0.0,0.0,43.603,1.442,16.0,0.0,penurie (vide)
velo,Toulouse,132a6859da58c7099e725834bc21aaa0,PATINOIRE BARRADELS TRAMWAY,0.688,11.0,5.0,16.0,0.0,0.0,43.641,1.383,11.0,0.0,penurie (vide)
velo,Toulouse,133fb5772ac6bc3867f0d0aef1283103,CARNOT - LABÉDA,0.957,22.0,1.0,23.0,0.0,0.0,43.604,1.45,22.0,0.0,penurie (vide)
velo,Toulouse,142d2f2567278a4b8b17e505ee799493,CHIRAC - HEREDIA,0.083,1.0,11.0,12.0,0.0,0.0,43.613,1.468,1.0,0.0,penurie (vide)
velo,Toulouse,1492b0f268f219541ef68b1324c6b0ba,PLACE ESQUIROL,1.0,40.0,0.0,40.0,0.0,1.0,43.6,1.445,40.0,1.0,saturation (pleine)
velo,Toulouse,14bcd45926574d2e7f85008608a8f306,SOUPETARD - GENÊTS,0.182,2.0,9.0,11.0,0.0,0.0,43.61,1.472,2.0,0.0,penurie (vide)
velo,Toulouse,14be4f019b601d6e5df9ba5374f8fd3b,COLONNE - REILLE,0.25,3.0,9.0,12.0,0.0,0.0,43.609,1.46,3.0,0.0,penurie (vide)
velo,Toulouse,156f75428cace03687c763cbd93c2851,HÔPITAL PURPAN,1.0,13.0,0.0,13.0,0.0,1.0,43.608,1.402,13.0,1.0,saturation (pleine)
velo,Toulouse,15dadfd8830de2552c40d4744bcf48af,BD DES MINIMES - RAISIN,0.0,0.0,21.0,21.0,1.0,0.0,43.615,1.449,0.0,1.0,penurie (vide)
velo,Toulouse,16b68b282caa9967f69ae9719020519e,WAGNER - BRUNHES,0.421,8.0,11.0,19.0,0.0,0.0,43.604,1.42,8.0,0.0,penurie (vide)
velo,Toulouse,16e89e517b9fc796e1546b09be89c69f,PLACE D'ITALIE,0.176,3.0,14.0,17.0,0.0,0.0,43.58,1.455,3.0,0.0,penurie (vide)
velo,Toulouse,175e555352c97c0fcd018d59d4cd3b7f,ÉTATS-UNIS - FERRY,0.529,9.0,8.0,17.0,0.0,0.0,43.633,1.432,9.0,0.0,penurie (vide)
velo,Toulouse,1871e0ffdc17669c980455f004e9b50e,MONLONG - LOUP,0.167,2.0,10.0,12.0,0.0,0.0,43.555,1.387,2.0,0.0,penurie (vide)
velo,Toulouse,1878c0ad2c965dfdf45db435c411d994,BONNEFOY - LEMAÎTRE,0.375,6.0,10.0,16.0,0.0,0.0,43.623,1.459,6.0,0.0,penurie (vide)
velo,Toulouse,18b8b474e263a381a7384ac650648ad5,TROIS COCUS MÉTRO,0.3,6.0,14.0,20.0,0.0,0.0,43.638,1.444,6.0,0.0,penurie (vide)
velo,Toulouse,1a00348be6d8dee5c90cd3c46caff988,LA VACHE MÉTRO,0.667,12.0,6.0,18.0,0.0,0.0,43.633,1.436,12.0,0.0,penurie (vide)
velo,Toulouse,1b2055fdb999e1a56d1f060f01e80242,GALLIENI GARE,0.812,13.0,3.0,16.0,0.0,0.0,43.574,1.419,13.0,0.0,penurie (vide)
velo,Toulouse,1b6adeb478d30b261c62e12c34e7cb73,AMOUROUX - ST-TROPEZ,0.056,1.0,17.0,18.0,0.0,0.0,43.63,1.466,1.0,0.0,penurie (vide)
velo,Toulouse,1c2d706cd9250e4705af6231b52a878f,PLACE ÉMILE MÂLE,0.148,4.0,23.0,27.0,0.0,0.0,43.592,1.419,4.0,0.0,penurie (vide)
velo,Toulouse,1c842dba462d607d7dc3bc31758d42a7,PLACE ROGER ARNAUD,0.235,4.0,13.0,17.0,0.0,0.0,43.587,1.463,4.0,0.0,penurie (vide)
velo,Toulouse,1cdbbb0515513c483d823a9e280b1845,NÉGO SAOUMOS - ZIEGLER,0.5,6.0,6.0,12.0,0.0,0.0,43.606,1.364,6.0,0.0,penurie (vide)
velo,Toulouse,1d062a3257de00f6c5e317b769f0edc0,AMOUROUX - STE-AUGUSTINE,0.056,1.0,17.0,18.0,0.0,0.0,43.628,1.462,1.0,0.0,penurie (vide)
velo,Toulouse,1d2bf8a471c69c7b10a10c9cf5f86578,REYNERIE - LONDRES,1.0,13.0,0.0,13.0,0.0,1.0,43.569,1.408,13.0,1.0,saturation (pleine)
velo,Toulouse,1da2c55feb341f806e2e3464c3008a0a,MAIRIE  RAMONVILLE,0.133,2.0,13.0,15.0,0.0,0.0,43.546,1.475,2.0,0.0,penurie (vide)
velo,Toulouse,1e747dcd57fb510e5a3d23faa23ad878,BRIENNE - CHAPOU,0.0,0.0,24.0,24.0,1.0,0.0,43.61,1.42,0.0,1.0,penurie (vide)
velo,Toulouse,1e99547c530753dbb936c7ec28452e77,SELLIER - MOUETTES,0.75,12.0,4.0,16.0,0.0,0.0,43.577,1.44,12.0,0.0,penurie (vide)
velo,Toulouse,1eea8c2ddd69be40ddf71b331d61af06,RUE DE CUGNAUX - GRAVETTE,0.133,2.0,13.0,15.0,0.0,0.0,43.593,1.424,2.0,0.0,penurie (vide)
velo,Toulouse,2063944c59eae2b5d79ffe106267f876,BAROUX - DARASSE,0.0,0.0,18.0,18.0,1.0,0.0,43.59,1.479,0.0,1.0,penurie (vide)
velo,Toulouse,22724df9e80e9689687ea478139217c2,MARENGO - LEDUC,0.056,1.0,17.0,18.0,0.0,0.0,43.611,1.457,1.0,0.0,penurie (vide)
velo,Toulouse,23caee417588cffccca70077f1c5700a,PLACE DU BUSCA,0.375,6.0,10.0,16.0,0.0,0.0,43.589,1.451,6.0,0.0,penurie (vide)
velo,Toulouse,2443047faca712d9cd4b42ba2d992506,ROSTAND - DURAND,0.333,4.0,8.0,12.0,0.0,0.0,43.642,1.45,4.0,0.0,penurie (vide)
velo,Toulouse,26b75814a481912f061602b1cd463b44,RECLUSANE - PLACE OLIVIER,0.188,3.0,13.0,16.0,0.0,0.0,43.598,1.434,3.0,0.0,penurie (vide)
velo,Toulouse,27dc7071a4543bd4d7831757e4f7016a,STE-LUCIE - ARCS ST-CYPRIEN,0.125,2.0,14.0,16.0,0.0,0.0,43.594,1.43,2.0,0.0,penurie (vide)
velo,Toulouse,284c6b463d2556ecfac5df691d157e0f,DALI - BONIN,0.769,10.0,3.0,13.0,0.0,0.0,43.626,1.411,10.0,0.0,penurie (vide)
velo,Toulouse,28c674a66c2972f3db00a24021f99223,BARRIERE DE LOMBEZ,0.043,1.0,22.0,23.0,0.0,0.0,43.596,1.419,1.0,0.0,penurie (vide)
velo,Toulouse,2a2d32d2337680fae0ffa749e9a60c34,MICHOUN - HYÈRES,0.105,2.0,17.0,19.0,0.0,0.0,43.627,1.469,2.0,0.0,penurie (vide)
velo,Toulouse,2a81ce5c2f099f4d5b70f18d992a3217,CHÂT. DE L'HERS - FONTANELLES,0.25,4.0,12.0,16.0,0.0,0.0,43.601,1.484,4.0,0.0,penurie (vide)
velo,Toulouse,2b56bbf5f74cad52b949cdbef64fc0c2,LARDENNE - BROMBACH,1.0,11.0,0.0,11.0,0.0,1.0,43.593,1.404,11.0,1.0,saturation (pleine)
velo,Toulouse,2beb61c960b89983d7dce9558bcf3432,OCCITANE - SIENNE,1.0,14.0,0.0,14.0,0.0,1.0,43.55,1.502,14.0,1.0,saturation (pleine)
velo,Toulouse,2c2072fee31b45737a329e299e559404,MONTEL - DOUMERGUE,0.538,7.0,6.0,13.0,0.0,0.0,43.585,1.343,7.0,0.0,penurie (vide)
velo,Toulouse,2c23d1ca5ed758246ffb1f400511d9ea,REYNERIE - LIZOP,1.0,13.0,0.0,13.0,0.0,1.0,43.567,1.401,13.0,1.0,saturation (pleine)
velo,Toulouse,2c5ce257bf2d1050913d77ffa373cc05,PLACE ROSINE BET,0.083,1.0,11.0,12.0,0.0,0.0,43.623,1.468,1.0,0.0,penurie (vide)
velo,Toulouse,2d0ae73a21255315c1025ef73f939aa1,LA CÉPIÈRE - BAYLET,0.938,15.0,1.0,16.0,0.0,0.0,43.584,1.399,15.0,0.0,penurie (vide)
velo,Toulouse,2d31e637c6e0a32eea44101c1d5b6cf6,OZENNE - NAZARETH,0.0,0.0,19.0,19.0,1.0,0.0,43.596,1.447,0.0,1.0,penurie (vide)
velo,Toulouse,2e7c59a08701fac12c3d3fffc040452b,AV. DE MURET - LAFAGE,0.25,5.0,15.0,20.0,0.0,0.0,43.584,1.428,5.0,0.0,penurie (vide)
velo,Toulouse,2e924e8d3d9e8584ce37c1fed62b2dae,CITÉ DE L'HERS - ROTONDE,0.0,0.0,17.0,17.0,1.0,0.0,43.597,1.484,0.0,1.0,penurie (vide)
velo,Toulouse,2f2c0092f92a8829175390b75ff28df5,ESPAGNE - GIRONIS,0.5,6.0,6.0,12.0,0.0,0.0,43.564,1.425,6.0,0.0,penurie (vide)
velo,Toulouse,2fbba32e4eb33f87d2f545a4359bb83d,LOMBEZ - HIPPODROME,0.25,5.0,15.0,20.0,0.0,0.0,43.594,1.41,5.0,0.0,penurie (vide)
velo,Toulouse,2fcd34fbf0a740df64ff584041b0fe91,COMPANS CAFFARELLI MÉTRO,0.091,2.0,20.0,22.0,0.0,0.0,43.611,1.437,2.0,0.0,penurie (vide)
velo,Toulouse,30baeea4db13e7efe02c26773482fd42,ATLANTA - CAMBARD,0.412,7.0,10.0,17.0,0.0,0.0,43.629,1.476,7.0,0.0,penurie (vide)
velo,Toulouse,319bad8da58c065958cef2638c3e1177,COLONNE - SALONIQUE,0.0,0.0,11.0,11.0,1.0,0.0,43.611,1.465,0.0,1.0,penurie (vide)
velo,Toulouse,3224e16734fa12eac93b1f07c5372ede,TERRASSE - LEDORMEUR,0.0,0.0,18.0,18.0,1.0,0.0,43.584,1.488,0.0,1.0,penurie (vide)
velo,Toulouse,339aad2c01f42da94f5213c7f7572594,LASCROSSES - LECLERC,0.04,1.0,24.0,25.0,0.0,0.0,43.609,1.432,1.0,0.0,penurie (vide)
velo,Toulouse,33cfd51336edf0d5782066b363a877ed,AV. DE MURET - BOUTINON,0.125,2.0,14.0,16.0,0.0,0.0,43.582,1.426,2.0,0.0,penurie (vide)
velo,Toulouse,342aa19b9d830802f102c01004ead59e,ESPAGNE - CHARPENTIER,0.2,4.0,16.0,20.0,0.0,0.0,43.575,1.424,4.0,0.0,penurie (vide)
velo,Toulouse,34419a773bbc8e7bc38e8e12c467147d,BOURGÈS-MAUNOURY - MÉLAT,0.316,6.0,13.0,19.0,0.0,0.0,43.637,1.453,6.0,0.0,penurie (vide)
velo,Toulouse,34757ce25cf6c9a1e6161d017ad8d792,CORIOLIS - DUPOUY,1.0,13.0,0.0,13.0,0.0,1.0,43.579,1.38,13.0,1.0,saturation (pleine)
velo,Toulouse,37799e07c79bbd7a504ec80730ed3565,LAVAUR - DALOU,0.182,2.0,9.0,11.0,0.0,0.0,43.623,1.463,2.0,0.0,penurie (vide)
velo,Toulouse,399cbfde34ee34f44d2b7b71c9e0aa1c,MONSO - INP,0.812,13.0,3.0,16.0,0.0,0.0,43.556,1.504,13.0,0.0,penurie (vide)
velo,Toulouse,3a32bd7c8663b77c2a92b4d9d859a9db,PARC DE LA VIOLETTE,0.0,0.0,12.0,12.0,1.0,0.0,43.654,1.438,0.0,1.0,penurie (vide)
velo,Toulouse,3a413c02255426c36047ed5935dc961d,STRASBOURG - AUSTERLITZ,1.0,21.0,0.0,21.0,0.0,1.0,43.606,1.448,21.0,1.0,saturation (pleine)
velo,Toulouse,3a801198e36db46f895dd15fc176b8a8,UT3 - CHAMPS MAGNÉTIQUES,0.667,12.0,6.0,18.0,0.0,0.0,43.567,1.468,12.0,0.0,penurie (vide)
velo,Toulouse,3c969d0c993f29e2bc4888afd40515b2,EGLISE BONNEFOY,0.059,1.0,16.0,17.0,0.0,0.0,43.619,1.457,1.0,0.0,penurie (vide)
velo,Toulouse,3cb1e41aab3cf58e351c99bcf36526d4,CURIE - CAMPISTRON,0.294,5.0,12.0,17.0,0.0,0.0,43.626,1.44,5.0,0.0,penurie (vide)
velo,Toulouse,3cca71e94f0417e722248b0c58ca2313,REVEL - LABÈGE,0.909,10.0,1.0,11.0,0.0,0.0,43.571,1.498,10.0,0.0,penurie (vide)
velo,Toulouse,3cd2eabe3932dc7ccef0e705e59470a7,LESTAND - PERGAUD,0.538,7.0,6.0,13.0,0.0,0.0,43.565,1.396,7.0,0.0,penurie (vide)
velo,Toulouse,3db2c19bd213fddcbd0c1a294220058c,CHÂTEAU D'EAU,0.444,8.0,10.0,18.0,0.0,0.0,43.599,1.437,8.0,0.0,penurie (vide)
velo,Toulouse,3e02ea88115a95402f1d1bf53c613489,AV . DE RANGUEIL  - BEDOUCE,0.2,3.0,12.0,15.0,0.0,0.0,43.577,1.455,3.0,0.0,penurie (vide)
velo,Toulouse,3e4c45b46e33517f511e82c463159158,ST-MICHEL - MAGENDIE,0.067,1.0,14.0,15.0,0.0,0.0,43.59,1.446,1.0,0.0,penurie (vide)
velo,Toulouse,3e5c810e09ac735cfed962b99c00fa2e,MINIMES - BAQUÉ,0.0,0.0,19.0,19.0,1.0,0.0,43.623,1.434,0.0,1.0,penurie (vide)
velo,Toulouse,3f309f3892133f5d460e8e949b403c9b,PLACE JOB,0.118,2.0,15.0,17.0,0.0,0.0,43.617,1.408,2.0,0.0,penurie (vide)
velo,Toulouse,3fc83499b43e9d49e4fe36c01361bfa0,CARNOT - IDRAC,0.167,4.0,20.0,24.0,0.0,0.0,43.601,1.452,4.0,0.0,penurie (vide)
velo,Toulouse,40057c073bf93a5a28ce408ed1af0419,DELTOUR - RIEUX,0.0,0.0,22.0,22.0,1.0,0.0,43.591,1.47,0.0,1.0,penurie (vide)
velo,Toulouse,40c60119322027c1e9db1512c0aac841,EGLISE - LARDENNE,0.167,2.0,10.0,12.0,0.0,0.0,43.591,1.385,2.0,0.0,penurie (vide)
velo,Toulouse,40d4d181e0e6aba601c9a557feaef478,PLACE BILA,0.158,3.0,16.0,19.0,0.0,0.0,43.627,1.459,3.0,0.0,penurie (vide)
velo,Toulouse,4144faa28a0d894102ce3f72d9b6b09e,BRANLY - PLACE RUSSELL,0.0,0.0,19.0,19.0,1.0,0.0,43.585,1.453,0.0,1.0,penurie (vide)
velo,Toulouse,422e4ec79242c3c42ed4c13d24e757c8,BD MATABIAU - INGRES,0.0,0.0,17.0,17.0,1.0,0.0,43.615,1.444,0.0,1.0,penurie (vide)
velo,Toulouse,4237e84b6f061e1e98cca09fd2ff1281,BOURGÈS-MAUNOURY - SÉGLA,0.105,2.0,17.0,19.0,0.0,0.0,43.633,1.451,2.0,0.0,penurie (vide)
velo,Toulouse,428fb5b56fd7445fbae1fcbcad0e63a2,GRYNFOGEL - GAILLARDIE,0.625,10.0,6.0,16.0,0.0,0.0,43.58,1.37,10.0,0.0,penurie (vide)
velo,Toulouse,42af0b4e13d67cbe74afbfc8b19e7605,DASSAULT - B. DES MOULINAIS,0.692,9.0,4.0,13.0,0.0,0.0,43.581,1.493,9.0,0.0,penurie (vide)
velo,Toulouse,42bf7f4ff093a4e91115a7464d58a4de,STADE TOULOUSAIN,0.1,3.0,27.0,30.0,0.0,0.0,43.621,1.415,3.0,0.0,penurie (vide)
velo,Toulouse,43401f46c067c067b0c359f132d913dc,BELIN - CNES,1.0,20.0,0.0,20.0,0.0,1.0,43.562,1.481,20.0,1.0,saturation (pleine)
velo,Toulouse,45d935998727add4e2367991595eccd1,RIEUX - CHANT DU MERLE,0.0,0.0,18.0,18.0,1.0,0.0,43.597,1.459,0.0,1.0,penurie (vide)
velo,Toulouse,45f63619db1e72038d95e272e8499d6f,PLACE DES TIBAOUS,0.308,4.0,9.0,13.0,0.0,0.0,43.55,1.386,4.0,0.0,penurie (vide)
velo,Toulouse,46db191f85615c6dc8efa853db24054e,AV. DE MURET TRAMWAY,0.0,0.0,15.0,15.0,1.0,0.0,43.589,1.431,0.0,1.0,penurie (vide)
velo,Toulouse,47fb42819c620ee038e000c573bf9cd3,RUE DE FENOUILLET - VERNE,0.167,2.0,10.0,12.0,0.0,0.0,43.628,1.426,2.0,0.0,penurie (vide)
velo,Toulouse,4828c8304919047adf6f9703829c79a9,TASSIGNY - MOMBIOLA,0.083,1.0,11.0,12.0,0.0,0.0,43.579,1.438,1.0,0.0,penurie (vide)
velo,Toulouse,48aa5b4dccee9d7f2ed78f93ff108bdc,MÉDIATHÈQUE JOSÉ CABANIS,0.083,2.0,22.0,24.0,0.0,0.0,43.61,1.455,2.0,0.0,penurie (vide)
velo,Toulouse,48c1a4f5a7b21b45c2c086742908efb9,GUILLAUMET - CEAT,0.3,3.0,7.0,10.0,0.0,0.0,43.614,1.47,3.0,0.0,penurie (vide)
velo,Toulouse,48ccc5637e9132856996866ba5408bab,BARCELONE - SANIÈRES,0.235,4.0,13.0,17.0,0.0,0.0,43.61,1.42,4.0,0.0,penurie (vide)
velo,Toulouse,49c8405c4cb18ae41bb2dd526aea54b7,BILLIERES - ROGUET,0.0,0.0,16.0,16.0,1.0,0.0,43.597,1.426,0.0,1.0,penurie (vide)
velo,Toulouse,4a1d6f5e757ae23e2e089e07a6de61f4,CASTRES - ACHIARY,0.0,0.0,12.0,12.0,1.0,0.0,43.601,1.474,0.0,1.0,penurie (vide)
velo,Toulouse,4a5166626ebb57de8f53915fab810a11,DESBALS - BOUALAM,1.0,18.0,0.0,18.0,0.0,1.0,43.579,1.411,18.0,1.0,saturation (pleine)
velo,Toulouse,4acd0b368fdca24a685d681303acd41c,FRONTON - HAON,0.615,8.0,5.0,13.0,0.0,0.0,43.656,1.432,8.0,0.0,penurie (vide)
velo,Toulouse,4bdaf57f4e6bb69d37619a2750aeb444,BELIN - ROCHE,0.952,20.0,1.0,21.0,0.0,0.0,43.565,1.478,20.0,0.0,penurie (vide)
velo,Toulouse,4c2406841824ffe948ac82ce4b559682,GUESDE - OZENNE,0.0,0.0,22.0,22.0,1.0,0.0,43.595,1.449,0.0,1.0,penurie (vide)
velo,Toulouse,4c3225f588055f98270cf041ca883cde,ARGOULETS MÉTRO,0.211,4.0,15.0,19.0,0.0,0.0,43.624,1.476,4.0,0.0,penurie (vide)
velo,Toulouse,4c3c6cf5cc9e89db51a14edd9289e020,CASSELARDIT - DUCIS,0.769,10.0,3.0,13.0,0.0,0.0,43.61,1.406,10.0,0.0,penurie (vide)
velo,Toulouse,4d535cc8e83d3d3f8b7bbe34908538fd,DELTOUR - LAFILAIRE,0.0,0.0,18.0,18.0,1.0,0.0,43.596,1.473,0.0,1.0,penurie (vide)
velo,Toulouse,4d84321008affe6644291b3db560c45d,RAYNAL - LOUIN,0.133,2.0,13.0,15.0,0.0,0.0,43.628,1.451,2.0,0.0,penurie (vide)
velo,Toulouse,4e1a3b113a13e0d12814df4b72291869,ALBI - NICOL,0.438,7.0,9.0,16.0,0.0,0.0,43.636,1.464,7.0,0.0,penurie (vide)
velo,Toulouse,4e7f4dde26d9d1404c44bc58d7de9d87,LOIS - ESQUILE,0.867,13.0,2.0,15.0,0.0,0.0,43.606,1.441,13.0,0.0,penurie (vide)
velo,Toulouse,4ed9ca96720d91138b5c003d154a3a6a,BASE DE LOISIRS SESQUIÈRES,0.231,3.0,10.0,13.0,0.0,0.0,43.652,1.42,3.0,0.0,penurie (vide)
velo,Toulouse,4f3afb3e432658eb499fcb43972c91e3,DUPORTAL - CANAL DE BRIENNE,0.188,3.0,13.0,16.0,0.0,0.0,43.605,1.434,3.0,0.0,penurie (vide)
velo,Toulouse,4fe8783fed8f7f90afe07fc75838c91a,BORDEROUGE - MÉTRO,0.741,20.0,7.0,27.0,0.0,0.0,43.64,1.453,20.0,0.0,penurie (vide)
velo,Toulouse,50df35299d23415e55dfea29fa820818,AUCAMVILLE MAIRIE,0.25,4.0,12.0,16.0,0.0,0.0,43.668,1.429,4.0,0.0,penurie (vide)
velo,Toulouse,5114e78cd433d126fe04353ee2566be9,ST-SIMON - PRADO,0.4,8.0,12.0,20.0,0.0,0.0,43.588,1.41,8.0,0.0,penurie (vide)
velo,Toulouse,516b6c94535c52cdb155cf7004162221,PORT ST-SAUVEUR - SEEL,0.421,8.0,11.0,19.0,0.0,0.0,43.596,1.457,8.0,0.0,penurie (vide)
velo,Toulouse,51a3cafa021089d0f8eed6f486714e37,LESPINET - MARINE,0.05,1.0,19.0,20.0,0.0,0.0,43.583,1.464,1.0,0.0,penurie (vide)
velo,Toulouse,5306c16a53fb9d66ba5aeed3fb371494,COLLIGNON - RAISIN,0.105,2.0,17.0,19.0,0.0,0.0,43.618,1.445,2.0,0.0,penurie (vide)
velo,Toulouse,533d5d7846179c8010b8f846797a43c4,PLACE DU RELAIS TRAMWAY,0.071,1.0,13.0,14.0,0.0,0.0,43.637,1.391,1.0,0.0,penurie (vide)
velo,Toulouse,542f7e2cfbf88d3501d35f8518b4f45f,THÉÂTRE DES MAZADES,0.0,0.0,19.0,19.0,1.0,0.0,43.624,1.438,0.0,1.0,penurie (vide)
velo,Toulouse,5495de2d268373528e5e89742f83c2a4,ARTHAUD - NETWILLER,0.444,8.0,10.0,18.0,0.0,0.0,43.643,1.456,8.0,0.0,penurie (vide)
velo,Toulouse,549827cc8a1648ce50d8c0adb87bdea5,LIFFARD - RÈGUELONGUE,0.667,8.0,4.0,12.0,0.0,0.0,43.56,1.378,8.0,0.0,penurie (vide)
velo,Toulouse,562debf52b36e2d878ca9cf74287e478,PLACE ROQUELAINE,0.0,0.0,24.0,24.0,1.0,0.0,43.613,1.448,0.0,1.0,penurie (vide)
velo,Toulouse,5645fe2974a19a15b284b32e7a4e8082,ARÈNES - AÉROSTIERS,0.625,10.0,6.0,16.0,0.0,0.0,43.61,1.49,10.0,0.0,penurie (vide)
velo,Toulouse,565c7b07bf4272a83edd5e596e357001,NARBONNE - CLOTASSES,0.25,4.0,12.0,16.0,0.0,0.0,43.553,1.468,4.0,0.0,penurie (vide)
velo,Toulouse,566af7b449e96f30cd1641a1ae94c686,EBELOT - PUJIBET,0.083,1.0,11.0,12.0,0.0,0.0,43.638,1.458,1.0,0.0,penurie (vide)
velo,Toulouse,5676a0fe05c7b106ed110ba52ce94710,SÉJOURNÉ - AMIDONNIERS,0.0,0.0,15.0,15.0,1.0,0.0,43.606,1.428,0.0,1.0,penurie (vide)
velo,Toulouse,580e5399822da2b3434a0d6e4e2065da,NICOL - VASSEUR,0.167,2.0,10.0,12.0,0.0,0.0,43.633,1.47,2.0,0.0,penurie (vide)
velo,Toulouse,5855759cc5d61a7810b0bfae6ee99bce,BELLEFONTAINE MÉTRO,0.6,9.0,6.0,15.0,0.0,0.0,43.566,1.399,9.0,0.0,penurie (vide)
velo,Toulouse,58ff12e479ebf7473de59a9b22229f63,BRUNAUD - CEAT,0.5,8.0,8.0,16.0,0.0,0.0,43.618,1.466,8.0,0.0,penurie (vide)
velo,Toulouse,5948797339d7151c2de6a755c2a60e86,GOUNOD - GARROS,0.05,1.0,19.0,20.0,0.0,0.0,43.614,1.425,1.0,0.0,penurie (vide)
velo,Toulouse,598c7936ca8000fbed09cbcb7e745dea,PÉRIGORD,1.0,16.0,0.0,16.0,0.0,1.0,43.607,1.445,16.0,1.0,saturation (pleine)
velo,Toulouse,5bbf830621edf40f62d41af9ad1f24b5,VIGUERIE -  LANGE,0.55,11.0,9.0,20.0,0.0,0.0,43.601,1.434,11.0,0.0,penurie (vide)
velo,Toulouse,5caffcf38433e7d3a19fed11b82502f2,FEUGA - PONT ST-MICHEL,0.278,5.0,13.0,18.0,0.0,0.0,43.592,1.442,5.0,0.0,penurie (vide)
velo,Toulouse,5d047526f63abde8a76db9e360af6819,PLACE DU PONT-NEUF,0.864,19.0,3.0,22.0,0.0,0.0,43.6,1.441,19.0,0.0,penurie (vide)
velo,Toulouse,5d2094b23258b3002591b1184f5ca2f6,PARC DE LA SALADE,0.5,6.0,6.0,12.0,0.0,0.0,43.628,1.437,6.0,0.0,penurie (vide)
velo,Toulouse,5d2108ea5da4b645e19d45cdefa85255,LASCROSSES - ARNAUD BERNARD,0.217,5.0,18.0,23.0,0.0,0.0,43.611,1.438,5.0,0.0,penurie (vide)
velo,Toulouse,5df49bea3127887b7c9c0f0d71076100,GLOIRE - CHIRAC,0.083,1.0,11.0,12.0,0.0,0.0,43.607,1.473,1.0,0.0,penurie (vide)
velo,Toulouse,5edb9a880d2598ec00d47454dba53692,NARBONNE - SAHUQUE,0.167,3.0,15.0,18.0,0.0,0.0,43.567,1.459,3.0,0.0,penurie (vide)
velo,Toulouse,5fe8aa60cfcde96ec13ecd0fd9b918af,PÉRI - MERCADIER,0.0,0.0,19.0,19.0,1.0,0.0,43.606,1.455,0.0,1.0,penurie (vide)
velo,Toulouse,604cef5fb45e88e349521666d849d5c4,ÎLE DU RAMIER - PASSERELLE POUJADE,0.545,6.0,5.0,11.0,0.0,0.0,43.588,1.436,6.0,0.0,penurie (vide)
velo,Toulouse,60c5f3402f09b254f91350a7d9d3ad65,FRONTON - ALLENDE,0.2,3.0,12.0,15.0,0.0,0.0,43.662,1.431,3.0,0.0,penurie (vide)
velo,Toulouse,6125c6cb01ce88e921915b6808e3140e,PLACE PAUL RICHÉ,0.1,2.0,18.0,20.0,0.0,0.0,43.648,1.433,2.0,0.0,penurie (vide)
velo,Toulouse,61330f88909d10be35668ff5ca281078,RIEUX - COTTAGES,0.062,1.0,15.0,16.0,0.0,0.0,43.586,1.475,1.0,0.0,penurie (vide)
velo,Toulouse,6164c28f4a3ee231036cf180cdbd04d9,ESPAGNE - OUSTALOUS,0.056,1.0,17.0,18.0,0.0,0.0,43.577,1.424,1.0,0.0,penurie (vide)
velo,Toulouse,62172d8807fca1e1d4a059f7ababc6e5,RODIER - PRANVILLE-NÉGRIN,0.769,10.0,3.0,13.0,0.0,0.0,43.57,1.485,10.0,0.0,penurie (vide)
velo,Toulouse,6378c7f0b3fe5e5fbf36222025e71b58,PLACE DES PRADETTES,0.176,3.0,14.0,17.0,0.0,0.0,43.581,1.389,3.0,0.0,penurie (vide)
velo,Toulouse,65181ab743ece6aa3863059b9e4f89ab,MÉTRO RAMONVILLE,0.8,12.0,3.0,15.0,0.0,0.0,43.556,1.476,12.0,0.0,penurie (vide)
velo,Toulouse,657ac87786255b08443f8d5651e77045,ROSTAND - EIDENBENZ,0.385,5.0,8.0,13.0,0.0,0.0,43.644,1.464,5.0,0.0,penurie (vide)
velo,Toulouse,65c4aed3bf0bb80c567f3b909b8f2e36,DEODAT - ARCS ST-CYPRIEN,0.2,2.0,8.0,10.0,0.0,0.0,43.59,1.423,2.0,0.0,penurie (vide)
velo,Toulouse,67559c1404887d7ea4744db4e3c2b3d2,DUPORTAL - RAYMOND V,0.048,1.0,20.0,21.0,0.0,0.0,43.609,1.435,1.0,0.0,penurie (vide)
velo,Toulouse,68082f0ccc6529c0035888a956d68090,PISCINE NAKACHE,0.071,1.0,13.0,14.0,0.0,0.0,43.586,1.438,1.0,0.0,penurie (vide)
velo,Toulouse,68b5261c1d13d75d39c0e965345e1dc8,PLACE GUY HERSANT,0.0,0.0,13.0,13.0,1.0,0.0,43.577,1.443,0.0,1.0,penurie (vide)
velo,Toulouse,692e891a275cc383f157fcd88e48f5cc,CARNOT - TROIS JOURNÉES,0.962,25.0,1.0,26.0,0.0,0.0,43.605,1.45,25.0,0.0,penurie (vide)
velo,Toulouse,6953dcbe98b11202501241b73ad79206,EISENHOWER - LESTANG,0.846,11.0,2.0,13.0,0.0,0.0,43.56,1.394,11.0,0.0,penurie (vide)
velo,Toulouse,69586c46ef9ca1d3a0f31a77b0981247,TOEC - LEMIRE,0.389,7.0,11.0,18.0,0.0,0.0,43.597,1.404,7.0,0.0,penurie (vide)
velo,Toulouse,6a0a79cafcd70d02f0442d77e331cd42,DOUMERGUE - DAUDET,0.938,15.0,1.0,16.0,0.0,0.0,43.586,1.352,15.0,0.0,penurie (vide)
velo,Toulouse,6b09890211fc842f7ab224baab04537e,JARDIN RAYMOND VI,0.242,8.0,25.0,33.0,0.0,0.0,43.6,1.43,8.0,0.0,penurie (vide)
velo,Toulouse,6b258b4e7b10d0c7f1292fa730d2f9b9,RIEUX - LEYGUE,0.0,0.0,17.0,17.0,1.0,0.0,43.594,1.465,0.0,1.0,penurie (vide)
velo,Toulouse,6b30a5310bea86d1f4f7ff3bd2717fd2,HÔTEL DE REGION,0.167,3.0,15.0,18.0,0.0,0.0,43.59,1.442,3.0,0.0,penurie (vide)
velo,Toulouse,6be2b885b3ffa0db76c88adfe700d847,DUMÉRIL - LAMARCK,0.05,1.0,19.0,20.0,0.0,0.0,43.592,1.449,1.0,0.0,penurie (vide)
velo,Toulouse,6c08dd554251d0f67f328466337feab8,PLAN DU PORT,0.188,3.0,13.0,16.0,0.0,0.0,43.625,1.4,3.0,0.0,penurie (vide)
velo,Toulouse,6c3bdb73024f28d0a69dac92ac1e49e2,BELIN - ONERA,1.0,19.0,0.0,19.0,0.0,1.0,43.57,1.473,19.0,1.0,saturation (pleine)
velo,Toulouse,6ca2ba086d5f069b59612f941c6cb273,LYCEE DÉODAT DE SÉVERAC,0.611,11.0,7.0,18.0,0.0,0.0,43.588,1.424,11.0,0.0,penurie (vide)
velo,Toulouse,6cef85f533ce1e22edafc4a8c1985cdd,RTE DE LAUNAGUET - DELBO,0.0,0.0,11.0,11.0,1.0,0.0,43.651,1.438,0.0,1.0,penurie (vide)
velo,Toulouse,6d19045e0c0a19751e781191351a5455,EGLISE SAINT-SIMON,0.615,8.0,5.0,13.0,0.0,0.0,43.557,1.381,8.0,0.0,penurie (vide)
velo,Toulouse,6e7f16fd27ed9339c73cedac748cd65c,CHALETS - DOUVILLÉ,0.267,4.0,11.0,15.0,0.0,0.0,43.613,1.441,4.0,0.0,penurie (vide)
velo,Toulouse,6ead9994cad8b1183e041b36f9847d62,FITTE - TEINTURIERS,0.154,2.0,11.0,13.0,0.0,0.0,43.596,1.432,2.0,0.0,penurie (vide)
velo,Toulouse,6eb3a5104906c2b5edcc7221c69f4cad,ST-SERNIN - GATIEN-ARNOULT,0.0,0.0,15.0,15.0,1.0,0.0,43.609,1.441,0.0,1.0,penurie (vide)
velo,Toulouse,6fb747f30e977b30844c8ef6312aefa3,ESPAGNE-LANGLADE,0.333,3.0,6.0,9.0,0.0,0.0,43.572,1.424,3.0,0.0,penurie (vide)
velo,Toulouse,6fba24c94213020523b7a2834ba5e15b,ST-EXUPÉRY - BUTTE,0.118,2.0,15.0,17.0,0.0,0.0,43.582,1.476,2.0,0.0,penurie (vide)
velo,Toulouse,70eb95c305201c96d0f306a6c38fb7b8,BELIN - SUPAERO,1.0,20.0,0.0,20.0,0.0,1.0,43.566,1.475,20.0,1.0,saturation (pleine)
velo,Toulouse,7178324d7fad78a00271878cef4fa8be,ROUTE DE SEYSSES - RÉGIS,1.0,13.0,0.0,13.0,0.0,1.0,43.548,1.39,13.0,1.0,saturation (pleine)
velo,Toulouse,71b0c821c3db1175f7210e843f700fe5,REVEL - ALIÉ-DARAM,,0.0,0.0,0.0,1.0,1.0,43.569,1.504,,1.0,penurie (vide)
velo,Toulouse,731143f4fad09d900986aea91c7cc3d9,L'ENVOL DES PIONNIERS,0.385,5.0,8.0,13.0,0.0,0.0,43.575,1.477,5.0,0.0,penurie (vide)
velo,Toulouse,74c520437f478a4e298f4862c7cb5db3,SUISSE - CH. D'AUZEVILLE,0.2,3.0,12.0,15.0,0.0,0.0,43.539,1.478,3.0,0.0,penurie (vide)
velo,Toulouse,7621dfc128ad4c9d0d977a5edf94cf47,ESPAGNE - CURIEN,0.692,9.0,4.0,13.0,0.0,0.0,43.558,1.427,9.0,0.0,penurie (vide)
velo,Toulouse,76854328cce1dfa895bd62ce5b035ca6,NARRADE - FONDEVILLE,0.0,0.0,13.0,13.0,1.0,0.0,43.549,1.454,0.0,1.0,penurie (vide)
velo,Toulouse,7694f60b01846002e96c0292baf7a312,PARC DE LA MOUNÈDE,1.0,13.0,0.0,13.0,0.0,1.0,43.572,1.383,13.0,1.0,saturation (pleine)
velo,Toulouse,7840bf4da34df25520e5c5e15c035ceb,FITTE -  MAGNÉ,0.15,3.0,17.0,20.0,0.0,0.0,43.595,1.433,3.0,0.0,penurie (vide)
velo,Toulouse,79dd231fbf6031bfffa46c8c5341744a,SAINT-AGNE GARE,0.105,2.0,17.0,19.0,0.0,0.0,43.579,1.45,2.0,0.0,penurie (vide)
velo,Toulouse,79eeddf7b81461fc98fc8ea81a810ef4,GRENADE - GAUGUIN,0.5,8.0,8.0,16.0,0.0,0.0,43.641,1.388,8.0,0.0,penurie (vide)
velo,Toulouse,7a82eadacd24446497363cc3e715deab,TOUNIS - PONT NEUF,0.136,3.0,19.0,22.0,0.0,0.0,43.599,1.44,3.0,0.0,penurie (vide)
velo,Toulouse,7b2f40ea7aad2ad10b60fe4bd1e651a7,DUMERIL - SAINT JOSEPH,0.0,0.0,17.0,17.0,1.0,0.0,43.591,1.452,0.0,1.0,penurie (vide)
velo,Toulouse,7b4371197a439bdc89fe5498d625c052,CASTRES - LASBORDES,0.0,0.0,12.0,12.0,1.0,0.0,43.595,1.488,0.0,1.0,penurie (vide)
velo,Toulouse,7b938fc8aaaca6ba78e9fa54bb2e43b9,VESTREPAIN - LOT,0.294,5.0,12.0,17.0,0.0,0.0,43.583,1.407,5.0,0.0,penurie (vide)
velo,Toulouse,7c8644f6339c40d520bb5b62f133887e,VALADE,0.286,6.0,15.0,21.0,0.0,0.0,43.605,1.437,6.0,0.0,penurie (vide)
velo,Toulouse,7ca19cf006c418a60b761d2e3a133b66,THÉÂTRE JULES JULIEN,0.0,0.0,17.0,17.0,1.0,0.0,43.573,1.452,0.0,1.0,penurie (vide)
velo,Toulouse,7e3820e535fe3b0e11d0ef026b9f46df,DAURAT - CORNEMONT,0.333,4.0,8.0,12.0,0.0,0.0,43.565,1.489,4.0,0.0,penurie (vide)
velo,Toulouse,7e3c8e91012a26ec0bddb41e363018db,LARDENNE - CALQUET,0.692,9.0,4.0,13.0,0.0,0.0,43.594,1.391,9.0,0.0,penurie (vide)
velo,Toulouse,7e78b5087b910bfb0eae6cb270b6d721,VAN DYCK - RAPHAËL,0.538,7.0,6.0,13.0,0.0,0.0,43.641,1.44,7.0,0.0,penurie (vide)
velo,Toulouse,7f736ca46bd4384e8293ab523e5f475a,MINIMES  C.NOUGARO MÉTRO,0.273,6.0,16.0,22.0,0.0,0.0,43.621,1.436,6.0,0.0,penurie (vide)
velo,Toulouse,8055f5039ae2a9b6b021aa4564f2e9bd,RTE DE LAUNAGUET - AUDIBERT,0.312,5.0,11.0,16.0,0.0,0.0,43.636,1.439,5.0,0.0,penurie (vide)
velo,Toulouse,8136680e2ad67d0896644ed4bc0ef3bf,STRASBOURG - JAURÈS,0.417,10.0,14.0,24.0,0.0,0.0,43.606,1.448,10.0,0.0,penurie (vide)
velo,Toulouse,82b6bd8b0c4cd9c289edadd682297dd9,RIEUX - VAISSE,0.0,0.0,13.0,13.0,1.0,0.0,43.596,1.462,0.0,1.0,penurie (vide)
velo,Toulouse,83724ef078644ebe2585bc4379839229,SUISSE - LAUSANNE,0.227,5.0,17.0,22.0,0.0,0.0,43.616,1.422,5.0,0.0,penurie (vide)
velo,Toulouse,85177b9ffea5f4af8f9cb3b5fbb36168,BRIENNE - DELORME,0.0,0.0,19.0,19.0,1.0,0.0,43.608,1.424,0.0,1.0,penurie (vide)
velo,Toulouse,855a3c0231c84c5f0b7c6af9cb6c08fd,FITTE - VARSI,0.0,0.0,21.0,21.0,1.0,0.0,43.6,1.429,0.0,1.0,penurie (vide)
velo,Toulouse,857447f7eee03e1ebf532ec790e7b82a,MARIN - REBOUL,0.294,5.0,12.0,17.0,0.0,0.0,43.581,1.38,5.0,0.0,penurie (vide)
velo,Toulouse,8609dec8ba9faae9d2a6d03a7db5621f,MONTPLAISIR - DELIEUX,0.0,0.0,19.0,19.0,1.0,0.0,43.592,1.457,0.0,1.0,penurie (vide)
velo,Toulouse,8616a00251db27070890b95ce1e60a16,ARGOULETS - HOUDON,0.0,0.0,16.0,16.0,1.0,0.0,43.623,1.474,0.0,1.0,penurie (vide)
velo,Toulouse,8771ebe67a241e219af03adaf25a1382,TRENTIN - VERNE,0.067,1.0,14.0,15.0,0.0,0.0,43.624,1.428,1.0,0.0,penurie (vide)
velo,Toulouse,8799b052e74b2b3d492ef246906bb091,TOLOSANE - DE FRANCE,0.75,12.0,4.0,16.0,0.0,0.0,43.543,1.477,12.0,0.0,penurie (vide)
velo,Toulouse,87b5e23833040d594896991641142fb5,RANGUEIL  MÉTRO,0.15,3.0,17.0,20.0,0.0,0.0,43.574,1.462,3.0,0.0,penurie (vide)
velo,Toulouse,885b8a676971f8e2ab164620a32cf8e3,SALADE PONSAN - SAHUQUE,0.077,1.0,12.0,13.0,0.0,0.0,43.564,1.455,1.0,0.0,penurie (vide)
velo,Toulouse,891d7faa2d1d84ad3b901d1af25a428a,PLACE DU FER À CHEVAL,0.438,7.0,9.0,16.0,0.0,0.0,43.592,1.434,7.0,0.0,penurie (vide)
velo,Toulouse,8a7dd927a2805412a6bdcdbbd99306a5,RTE DE BLAGNAC - ROQUES,0.692,9.0,4.0,13.0,0.0,0.0,43.622,1.406,9.0,0.0,penurie (vide)
velo,Toulouse,8ac819bc6c08da5f00958be2e83d6674,RTE DE SEYSSES - BELLEFONTAINE,0.385,5.0,8.0,13.0,0.0,0.0,43.563,1.407,5.0,0.0,penurie (vide)
velo,Toulouse,8bb1ee0295995c8752922cdfc6bfd0f5,BALMA GRAMONT MÉTRO,0.556,10.0,8.0,18.0,0.0,0.0,43.629,1.483,10.0,0.0,penurie (vide)
velo,Toulouse,8c53392fd395acde1bee36a2d38a80da,JARDIN DU PECH,0.222,4.0,14.0,18.0,0.0,0.0,43.59,1.415,4.0,0.0,penurie (vide)
velo,Toulouse,8c58f1e84c6caa35f531055fa444f828,BORDEBLANCHE - BROUSSIN,0.308,4.0,9.0,13.0,0.0,0.0,43.583,1.386,4.0,0.0,penurie (vide)
velo,Toulouse,8c7f0976343500279e6c143461cc9bcc,NARBONNE - CAUBÈRE,0.0,0.0,13.0,13.0,1.0,0.0,43.569,1.456,0.0,1.0,penurie (vide)
velo,Toulouse,8c80cdd8e5ec4aa8708ab8f5792d4848,TOLOSANE - POUCIQUOT,0.533,8.0,7.0,15.0,0.0,0.0,43.551,1.47,8.0,0.0,penurie (vide)
velo,Toulouse,8c8ff7df8227fb30a13919662a0174b1,ST-MICHEL - STE-CATHERINE,0.0,0.0,20.0,20.0,1.0,0.0,43.591,1.445,0.0,1.0,penurie (vide)
velo,Toulouse,8d9994ab855910df1735ff986c49ffe9,FAC. DE PHARMACIE MÉTRO,0.267,4.0,11.0,15.0,0.0,0.0,43.568,1.464,4.0,0.0,penurie (vide)
velo,Toulouse,8da7c874b4ce30468c0ec6245249de24,AÉROPORT TRAMWAY,0.95,19.0,1.0,20.0,0.0,0.0,43.632,1.375,19.0,0.0,penurie (vide)
velo,Toulouse,8ed73165698c3b708d1ea6d6c776a857,CARNOT - PÉRI,1.0,24.0,0.0,24.0,0.0,1.0,43.606,1.449,24.0,1.0,saturation (pleine)
velo,Toulouse,901c6f0f118f8564ab74e292bd358a56,DEMOISELLES - CRAMPEL,0.2,4.0,16.0,20.0,0.0,0.0,43.588,1.46,4.0,0.0,penurie (vide)
velo,Toulouse,90424ce7102692a5d38ae67840c30796,CAPELLES - ECOLE VÉTÉRINAIRE,0.455,5.0,6.0,11.0,0.0,0.0,43.602,1.385,5.0,0.0,penurie (vide)
velo,Toulouse,90743290a8dcdb3329db70dc59112077,RTE DE BLAGNAC - PUCCINI,0.0,0.0,18.0,18.0,1.0,0.0,43.615,1.411,0.0,1.0,penurie (vide)
velo,Toulouse,907ec393dbde95ac04c5fd77cdc11848,11 NOVEMBRE - NÉGOGOUSSES,0.062,1.0,15.0,16.0,0.0,0.0,43.593,1.415,1.0,0.0,penurie (vide)
velo,Toulouse,90ce74c93ae2c53a75c1142186d9f199,HERBETTES - BUTTE,0.0,0.0,17.0,17.0,1.0,0.0,43.579,1.473,0.0,1.0,penurie (vide)
velo,Toulouse,913ecf4b7c159dc646c74437bc830a97,ALBI - PELET,0.765,13.0,4.0,17.0,0.0,0.0,43.641,1.466,13.0,0.0,penurie (vide)
velo,Toulouse,927c7a00fb764a3cc8de8332e1675180,BRUNAUD - PLANA,0.5,10.0,10.0,20.0,0.0,0.0,43.619,1.469,10.0,0.0,penurie (vide)
velo,Toulouse,92893a7e386051a43baa9fd8989a9119,PUJOL - CHAUBET,0.062,1.0,15.0,16.0,0.0,0.0,43.601,1.467,1.0,0.0,penurie (vide)
velo,Toulouse,93217f893f67ae829f4660cbe0d177d8,ST-EXUPERY - PETIT PRINCE,0.1,2.0,18.0,20.0,0.0,0.0,43.584,1.47,2.0,0.0,penurie (vide)
velo,Toulouse,9358262605802f64ecd08d1fed251c31,BRUNAUD - BAILLAUD,0.474,9.0,10.0,19.0,0.0,0.0,43.617,1.465,9.0,0.0,penurie (vide)
velo,Toulouse,93717a5c08f27451e3cccabd48932f54,SALADE PONSAN - VALLON,0.846,11.0,2.0,13.0,0.0,0.0,43.56,1.457,11.0,0.0,penurie (vide)
velo,Toulouse,94d2baaa0decca9265ba561b5eba205c,DALBADE - PARADOUX,0.409,9.0,13.0,22.0,0.0,0.0,43.598,1.443,9.0,0.0,penurie (vide)
velo,Toulouse,94fbf7c13d4cfed4e307ac2b67d80790,REYNERIE MÉTRO,0.923,12.0,1.0,13.0,0.0,0.0,43.571,1.403,12.0,0.0,penurie (vide)
velo,Toulouse,967be2a2dcdd6c41128e0085dacb3d55,PLACE DUPUY,0.045,1.0,21.0,22.0,0.0,0.0,43.6,1.455,1.0,0.0,penurie (vide)
velo,Toulouse,97617378facec70503e0f8a665cce66c,BEDOUCE - MARNE,0.0,0.0,20.0,20.0,1.0,0.0,43.582,1.462,0.0,1.0,penurie (vide)
velo,Toulouse,97b78a916b55907a78a765a8a17b5d15,POIDS DE L'HUILE,1.0,17.0,0.0,17.0,0.0,1.0,43.604,1.445,17.0,1.0,saturation (pleine)
velo,Toulouse,97cb56c850980cfc7bc8485cc3936439,PLACE SAINT-ÉTIENNE,1.0,22.0,0.0,22.0,0.0,1.0,43.6,1.449,22.0,1.0,saturation (pleine)
velo,Toulouse,97f866169fc5e7039be4aabe37ebd7df,RENAN - VITRY,0.0,0.0,18.0,18.0,1.0,0.0,43.636,1.444,0.0,1.0,penurie (vide)
velo,Toulouse,98a33187d04da035ed663c95dfd5a63a,PASSERELLE HAEDENS,0.789,15.0,4.0,19.0,0.0,0.0,43.614,1.43,15.0,0.0,penurie (vide)
velo,Toulouse,98bea6afced8d4466cab099e2d2b7734,LASCROSSES - DUPORTAL,0.208,5.0,19.0,24.0,0.0,0.0,43.61,1.435,5.0,0.0,penurie (vide)
velo,Toulouse,993e0b1e9028dd213931345293dd3c57,ALBI - REINE,0.333,6.0,12.0,18.0,0.0,0.0,43.638,1.465,6.0,0.0,penurie (vide)
velo,Toulouse,9a465f0ba0288c2002c6cd8495cfd481,ARÈNES ROMAINES TRAMWAY,0.389,7.0,11.0,18.0,0.0,0.0,43.614,1.397,7.0,0.0,penurie (vide)
velo,Toulouse,9a84917a9e0b819be0333cbabfba308d,PARC DE LA POUDRERIE,0.2,2.0,8.0,10.0,0.0,0.0,43.577,1.434,2.0,0.0,penurie (vide)
velo,Toulouse,9b2b5f9acea726f93e402d349e51a51d,BAYONNE - FLAMBÈRE,1.0,12.0,0.0,12.0,0.0,1.0,43.608,1.39,12.0,1.0,saturation (pleine)
velo,Toulouse,9bc52bb101726031513da31f2717b445,STRASBOURG - BOSC,0.0,0.0,22.0,22.0,1.0,0.0,43.61,1.446,0.0,1.0,penurie (vide)
velo,Toulouse,9bd2a0d6710c8a0a84518537aecd29c2,LOIS - CAPITOLE,0.833,15.0,3.0,18.0,0.0,0.0,43.605,1.442,15.0,0.0,penurie (vide)
velo,Toulouse,9c423982053d950c9930ca5c67f55eb2,PLACE JEANNE D'ARC,0.042,1.0,23.0,24.0,0.0,0.0,43.61,1.447,1.0,0.0,penurie (vide)
velo,Toulouse,9df136ef4d22e21541477ee15100fd9d,RTE DE SEYSSES - C. DE VIÇOSE,,0.0,0.0,0.0,1.0,1.0,43.572,1.418,,1.0,penurie (vide)
velo,Toulouse,9e0b66f7a05dc3a1cdb04f3c421ef1f4,DEMOISELLES - BÉGUÉ-DAVID,0.0,0.0,14.0,14.0,1.0,0.0,43.59,1.456,0.0,1.0,penurie (vide)
velo,Toulouse,9f2045c411adeda36cfd856a10333487,TOURNEFEUILLE  MAIRIE,0.688,11.0,5.0,16.0,0.0,0.0,43.584,1.346,11.0,0.0,penurie (vide)
velo,Toulouse,9f61c876d7169b4613419cc5ffcfc814,JAURÈS - BONREPOS,0.304,7.0,16.0,23.0,0.0,0.0,43.609,1.454,7.0,0.0,penurie (vide)
velo,Toulouse,9fec74465eb809745270aedaa94de518,GONIN - GÉNIN,0.125,2.0,14.0,16.0,0.0,0.0,43.574,1.484,2.0,0.0,penurie (vide)
velo,Toulouse,a0434896522dd1445e5b1b29d0f12f24,ROSTAND - BOUQUETINS,0.1,2.0,18.0,20.0,0.0,0.0,43.641,1.449,2.0,0.0,penurie (vide)
velo,Toulouse,a343f37e00b219dda556500882b033e0,JARDIN NIEL,0.278,5.0,13.0,18.0,0.0,0.0,43.579,1.447,5.0,0.0,penurie (vide)
velo,Toulouse,a447481add66d4d0b3938e5dc6392fc9,VITARELLES - FRONDE,0.333,4.0,8.0,12.0,0.0,0.0,43.587,1.395,4.0,0.0,penurie (vide)
velo,Toulouse,a7cd5d3216c0d7f6f783a0ad8a6b9379,TERRASSE - MONT VENTOUX,0.167,3.0,15.0,18.0,0.0,0.0,43.586,1.483,3.0,0.0,penurie (vide)
velo,Toulouse,a865760d442487bf9f090a814446ec0f,PLACE MARCEL BOUILLOUX,0.0,0.0,14.0,14.0,1.0,0.0,43.572,1.479,0.0,1.0,penurie (vide)
velo,Toulouse,a95cc61f90f0cf2552a214d108a364bd,HAURIOU - GARONNETTE,0.217,5.0,18.0,23.0,0.0,0.0,43.594,1.441,5.0,0.0,penurie (vide)
velo,Toulouse,a9ca538e4369f8877708c2a5597f048d,MOULIS - CROIX-BÉNITE,0.273,3.0,8.0,11.0,0.0,0.0,43.664,1.434,3.0,0.0,penurie (vide)
velo,Toulouse,a9f19ac0b6e3072c19f5669668a72122,MARTRE - CAULET,0.077,1.0,12.0,13.0,0.0,0.0,43.606,1.356,1.0,0.0,penurie (vide)
velo,Toulouse,aa97552163843d47197398d18503a5ab,CATELLAN - CAZENEUVE,0.294,5.0,12.0,17.0,0.0,0.0,43.627,1.445,5.0,0.0,penurie (vide)
velo,Toulouse,ab5bb8b6d1bffee44d7fd50026559108,LABÈGE INNOPOLE GARE,0.75,12.0,4.0,16.0,0.0,0.0,43.547,1.512,12.0,0.0,penurie (vide)
velo,Toulouse,adc51305e1a99817f696708178e62ae8,ROCHE - LAAS,0.947,18.0,1.0,19.0,0.0,0.0,43.564,1.474,18.0,0.0,penurie (vide)
velo,Toulouse,adccf3d341941921f9e685edaae23ebf,AV. DE REYNERIE - VAUQUELIN,0.95,19.0,1.0,20.0,0.0,0.0,43.576,1.406,19.0,0.0,penurie (vide)
velo,Toulouse,aed1130be27925ca6010fe0b7744b5f9,PUJOL - GOUJON,0.056,1.0,17.0,18.0,0.0,0.0,43.602,1.458,1.0,0.0,penurie (vide)
velo,Toulouse,af5b1581e0100d4911b30b1dee025d41,ARCOLE - BALANCE,0.0,0.0,21.0,21.0,1.0,0.0,43.612,1.44,0.0,1.0,penurie (vide)
velo,Toulouse,b06d836a241acc668d41e60011ade0d5,ARCOLE  - CONCORDE,0.04,1.0,24.0,25.0,0.0,0.0,43.611,1.444,1.0,0.0,penurie (vide)
velo,Toulouse,b1667afc5f3aa11df285a2d1c70bdcf0,UNIV. PAUL SABATIER MÉTRO,0.7,21.0,9.0,30.0,0.0,0.0,43.561,1.463,21.0,0.0,penurie (vide)
velo,Toulouse,b2092a35b146b091ae898e9c59df8f80,BASSO CAMBO MÉTRO,0.923,12.0,1.0,13.0,0.0,0.0,43.57,1.392,12.0,0.0,penurie (vide)
velo,Toulouse,b25c736533cc74fbcb330542e270038d,MATABIAU GARE - BONREPOS,0.872,34.0,5.0,39.0,0.0,0.0,43.611,1.453,34.0,0.0,penurie (vide)
velo,Toulouse,b300c82b529acf3161f1ef9cf1f44c68,CURIE - NÉGRENEYS,0.25,6.0,18.0,24.0,0.0,0.0,43.625,1.443,6.0,0.0,penurie (vide)
velo,Toulouse,b39dc3cab2014d5662954ba8dae577fa,MUSEE SAINT-RAYMOND,0.167,2.0,10.0,12.0,0.0,0.0,43.608,1.441,2.0,0.0,penurie (vide)
velo,Toulouse,b444dfecac672e6b77a7e7edb49a3030,PLACE ANTONIN FROIDURE,0.222,4.0,14.0,18.0,0.0,0.0,43.629,1.448,4.0,0.0,penurie (vide)
velo,Toulouse,b58b6a1301e1d577031056dd23fb8787,PLACE DU PEYROU,0.25,5.0,15.0,20.0,0.0,0.0,43.607,1.439,5.0,0.0,penurie (vide)
velo,Toulouse,b5fe9b3fbeaa8b1c9e275e8c7289584b,PLACE DES CARMES,0.7,14.0,6.0,20.0,0.0,0.0,43.597,1.445,14.0,0.0,penurie (vide)
velo,Toulouse,b67b826a1d829cf5ce3a850f004baaf8,CONCORDE - PRINTEMPS,0.0,0.0,17.0,17.0,1.0,0.0,43.613,1.446,0.0,1.0,penurie (vide)
velo,Toulouse,b69a20be820b5c8489f583be130a3ab5,TOURAINE - AUVERGNE,0.222,4.0,14.0,18.0,0.0,0.0,43.574,1.414,4.0,0.0,penurie (vide)
velo,Toulouse,b6a077959461abd3ba7fe87ca4b4346b,CIMETIÈRE - COMPANS,0.0,0.0,18.0,18.0,1.0,0.0,43.607,1.458,0.0,1.0,penurie (vide)
velo,Toulouse,b79b6171ad54752552891d12a83fec0e,BONREPOS - RAYMOND IV,0.55,11.0,9.0,20.0,0.0,0.0,43.612,1.452,11.0,0.0,penurie (vide)
velo,Toulouse,b7f0dce1e6bdf2e4e04eb2f03fa25c3b,ROQUEMAUREL - MAILLARD,0.188,3.0,13.0,16.0,0.0,0.0,43.596,1.411,3.0,0.0,penurie (vide)
velo,Toulouse,b8ee3fd7a8ab6c449ce54ed0a2815daf,HÔTEL DE DÉPARTEMENT,0.667,16.0,8.0,24.0,0.0,0.0,43.615,1.435,16.0,0.0,penurie (vide)
velo,Toulouse,b92c446cbf0f475942986e01e7163ee0,GRANDE BRETAGNE - BADIOU,0.125,2.0,14.0,16.0,0.0,0.0,43.6,1.415,2.0,0.0,penurie (vide)
velo,Toulouse,b92d4b21e02ad6eb1d5024256804fd6a,CASSELARDIT - ESPAGNO,0.882,15.0,2.0,17.0,0.0,0.0,43.614,1.401,15.0,0.0,penurie (vide)
velo,Toulouse,b954c6d9e4245560fb33fa43a7c038b8,FER À CHEVAL - COURS DILLON,0.0,0.0,20.0,20.0,1.0,0.0,43.593,1.435,0.0,1.0,penurie (vide)
velo,Toulouse,ba3f219aa53b33f0eec5cb4178b1e0c2,BRUNHES - FONTAINES,0.267,4.0,11.0,15.0,0.0,0.0,43.6,1.42,4.0,0.0,penurie (vide)
velo,Toulouse,baa6dcbe9575307a96b82cf4af7a7173,AURIOL - MUSSET,0.929,13.0,1.0,14.0,0.0,0.0,43.588,1.354,13.0,0.0,penurie (vide)
velo,Toulouse,bb23b611f0256e1f0642ad02adcce779,ESCANDE - DAURIAC,0.15,3.0,17.0,20.0,0.0,0.0,43.602,1.456,3.0,0.0,penurie (vide)
velo,Toulouse,bb5fb3dc1cd1b7c1498b8100dbbd40ca,FONTAINES - MILHÈS,0.214,3.0,11.0,14.0,0.0,0.0,43.602,1.415,3.0,0.0,penurie (vide)
velo,Toulouse,bb99ab549dc713de5bf6ee15bfa8fd6c,GLOIRE - SAVIGNAC,0.083,1.0,11.0,12.0,0.0,0.0,43.606,1.464,1.0,0.0,penurie (vide)
velo,Toulouse,bba5963e404ddb6ca92729d502d25681,JAURÈS - BACHELIER,0.483,14.0,15.0,29.0,0.0,0.0,43.607,1.451,14.0,0.0,penurie (vide)
velo,Toulouse,bbc2438db79be86e092a2c384d69b5cc,POUVOURVILLE - BOURDETTE,0.231,3.0,10.0,13.0,0.0,0.0,43.555,1.457,3.0,0.0,penurie (vide)
velo,Toulouse,bbfda72eaf2f10ca50f242b4c20b635c,SUISSE - POLITKOVSKAIA,0.0,0.0,11.0,11.0,1.0,0.0,43.613,1.42,0.0,1.0,penurie (vide)
velo,Toulouse,bc5ec90e03b071a2dd8c34d0e86d7df9,ILE DU RAMIER - PASSERELLE CONTI,0.25,3.0,9.0,12.0,0.0,0.0,43.58,1.434,3.0,0.0,penurie (vide)
velo,Toulouse,be42139e4aecf23249f424738bb90784,PLACE DE DAMLOUP,0.176,3.0,14.0,17.0,0.0,0.0,43.606,1.453,3.0,0.0,penurie (vide)
velo,Toulouse,beb90b61627acf79834935d6a2780a0b,CARNOT - ROLAND,0.3,6.0,14.0,20.0,0.0,0.0,43.603,1.452,6.0,0.0,penurie (vide)
velo,Toulouse,bf4afd5edeb15fcec13dd736c558efa8,POUVOURVILLE - GOSCINNY,0.077,1.0,12.0,13.0,0.0,0.0,43.55,1.458,1.0,0.0,penurie (vide)
velo,Toulouse,bf9d2c8d19f0154c8796959211cf9453,LARDENNE GARE,0.077,1.0,12.0,13.0,0.0,0.0,43.597,1.383,1.0,0.0,penurie (vide)
velo,Toulouse,bfbb102773497ac6ab9b5da6f273775e,BILLIÈRES - CHAMPÊTRE,0.0,0.0,18.0,18.0,1.0,0.0,43.598,1.429,0.0,1.0,penurie (vide)
velo,Toulouse,bfd4f20545ada5ae60319cf8dd3f5ccd,CHAÎNE - TIERCERETTES,0.0,0.0,15.0,15.0,1.0,0.0,43.609,1.439,0.0,1.0,penurie (vide)
velo,Toulouse,c1ab66b6554955d83f973d2f2e75773b,CARTOUCHERIE TRAMWAY,0.667,6.0,3.0,9.0,0.0,0.0,43.603,1.408,6.0,0.0,penurie (vide)
velo,Toulouse,c261abcb7d0bd51d657afd0d4ef0e734,VERDIER - GRAND ROND,0.115,3.0,23.0,26.0,0.0,0.0,43.597,1.453,3.0,0.0,penurie (vide)
velo,Toulouse,c26e9cc477b31883b6298466511b486f,MISTRAL - FLEURANCE,0.053,1.0,18.0,19.0,0.0,0.0,43.594,1.453,1.0,0.0,penurie (vide)
velo,Toulouse,c2d8e05ced849305df48247fd29465ee,CROIX DE PIERRE TRAMWAY,0.154,2.0,11.0,13.0,0.0,0.0,43.586,1.428,2.0,0.0,penurie (vide)
velo,Toulouse,c385ab28839dabde4a2eaf36893b02cb,FRONTON - LAPIN,0.231,3.0,10.0,13.0,0.0,0.0,43.651,1.433,3.0,0.0,penurie (vide)
velo,Toulouse,c43dbe4caed15114d5ef4d7beb2c6ccf,URSS - PEYROUSET,0.059,1.0,16.0,17.0,0.0,0.0,43.583,1.449,1.0,0.0,penurie (vide)
velo,Toulouse,c48485290a30d668e05b803600530d79,NÉGRENEYS - ANGES,0.231,3.0,10.0,13.0,0.0,0.0,43.62,1.441,3.0,0.0,penurie (vide)
velo,Toulouse,c4ba1635b8f0ce2c077e032dc3ffb2bb,DESBALS - SAINTONGE,0.684,13.0,6.0,19.0,0.0,0.0,43.581,1.414,13.0,0.0,penurie (vide)
velo,Toulouse,c596f9760a2fbe1efb166bd30b07ff4b,,,0.0,0.0,0.0,1.0,1.0,43.605,1.444,,1.0,penurie (vide)
velo,Toulouse,c5c9b018b802c7166420e67371f38d39,BARRIERE DE BAYONNE,0.1,2.0,18.0,20.0,0.0,0.0,43.598,1.42,2.0,0.0,penurie (vide)
velo,Toulouse,c5d1f9e5154823d6ecd46fbd8bb371f8,LYON - SÉMARD,0.0,0.0,23.0,23.0,1.0,0.0,43.614,1.451,0.0,1.0,penurie (vide)
velo,Toulouse,c758b8607abe5d0a45af6267861902a8,ATLANTA - CAUNES,0.833,10.0,2.0,12.0,0.0,0.0,43.64,1.469,10.0,0.0,penurie (vide)
velo,Toulouse,c77a9bf60de26f3e65bbae9f91f4d1b4,LAPUJADE - BARTOLI,0.083,1.0,11.0,12.0,0.0,0.0,43.622,1.454,1.0,0.0,penurie (vide)
velo,Toulouse,c78cf34d06840f4bba73f8c3cb98a41e,LESPINET - HERBETTES,0.0,0.0,25.0,25.0,1.0,0.0,43.577,1.47,0.0,1.0,penurie (vide)
velo,Toulouse,c7965fbdbb6f7922b8515591811b91d3,ONCOPOLE TÉLÉO,0.7,7.0,3.0,10.0,0.0,0.0,43.555,1.428,7.0,0.0,penurie (vide)
velo,Toulouse,c8c2ad3a6d2738121c272ddb2885ed68,REVEL - NOUADHIBOU,0.769,10.0,3.0,13.0,0.0,0.0,43.567,1.506,10.0,0.0,penurie (vide)
velo,Toulouse,ca54b0e2cb72b6b08785b1d3856bcdeb,VOSGES - BEAUCE,0.182,2.0,9.0,11.0,0.0,0.0,43.582,1.419,2.0,0.0,penurie (vide)
velo,Toulouse,ca93351a5faeaa33221ca8e59b07dddd,PLACE JACQUES SAUVEGRAIN,0.111,2.0,16.0,18.0,0.0,0.0,43.59,1.378,2.0,0.0,penurie (vide)
velo,Toulouse,ca99c4c076af3a4721f52a5b4b451a3b,PUJOL - PÉRIGNON,0.053,1.0,18.0,19.0,0.0,0.0,43.6,1.464,1.0,0.0,penurie (vide)
velo,Toulouse,cb092b030431008cb4fbec59f4a35088,BAYONNE - SENTENAC,1.0,12.0,0.0,12.0,0.0,1.0,43.609,1.38,12.0,1.0,saturation (pleine)
velo,Toulouse,cb8298f6dc49e8d0feac2cee53cd1127,METZ - MARCHANDS,0.75,27.0,9.0,36.0,0.0,0.0,43.6,1.443,27.0,0.0,penurie (vide)
velo,Toulouse,cbceb6bedad2c2459df0d7878f31803a,SÉJOURNÉ - PT DES CATALANS,0.0,0.0,21.0,21.0,1.0,0.0,43.606,1.428,0.0,1.0,penurie (vide)
velo,Toulouse,cbdd9b4b0e1640325efecc073393f929,LAPUJADE - FLANDRES,0.059,1.0,16.0,17.0,0.0,0.0,43.624,1.455,1.0,0.0,penurie (vide)
velo,Toulouse,cbff9e5dc651a318de1772fd61e56829,PLACE SAINT-JACQUES,0.045,1.0,21.0,22.0,0.0,0.0,43.598,1.452,1.0,0.0,penurie (vide)
velo,Toulouse,cc027f08f7e527d314d54a0dba1dd82d,PLACE ROGER LOUPIAC,0.333,4.0,8.0,12.0,0.0,0.0,43.648,1.45,4.0,0.0,penurie (vide)
velo,Toulouse,cc6d30c49abda952ef0d5b9aac75b932,COSMONAUTES - GRIFFON,0.727,8.0,3.0,11.0,0.0,0.0,43.559,1.496,8.0,0.0,penurie (vide)
velo,Toulouse,ccec911a0321566ff73c7d8392bc0876,MÉDIATHÈQUE,0.133,2.0,13.0,15.0,0.0,0.0,43.549,1.477,2.0,0.0,penurie (vide)
velo,Toulouse,ccf706b3f140453e38a1036cabd00c47,ATLANTA - AGDE,0.467,7.0,8.0,15.0,0.0,0.0,43.627,1.477,7.0,0.0,penurie (vide)
velo,Toulouse,cd8a641fd5090458dab46f8e04a93491,PLACE ANATOLE FRANCE,0.84,21.0,4.0,25.0,0.0,0.0,43.606,1.438,21.0,0.0,penurie (vide)
velo,Toulouse,ce76b41cb81fb762005f9e4dbb5b76c7,ST-SIMON - PASSERIEU,0.389,7.0,11.0,18.0,0.0,0.0,43.579,1.393,7.0,0.0,penurie (vide)
velo,Toulouse,d15632da3eb10104c52ca47c320ac81d,PLACE GEORGES BRASSENS,0.688,11.0,5.0,16.0,0.0,0.0,43.649,1.376,11.0,0.0,penurie (vide)
velo,Toulouse,d1c47fd76490669fa28e1113a6d5f425,RÉCOLLETS - FERETRA,0.25,5.0,15.0,20.0,0.0,0.0,43.584,1.443,5.0,0.0,penurie (vide)
velo,Toulouse,d1da1b201c1475dcf4ac7d5c56215b20,ZÉNITH TRAMWAY,0.923,12.0,1.0,13.0,0.0,0.0,43.601,1.412,12.0,0.0,penurie (vide)
velo,Toulouse,d2f3ffb373ced6577a214f09548f2542,PISCINE LÉO LAGRANGE,0.35,7.0,13.0,20.0,0.0,0.0,43.607,1.454,7.0,0.0,penurie (vide)
velo,Toulouse,d3647d19aee3c6c05032581a29df33c3,PLACE NINA SIMONE,0.455,5.0,6.0,11.0,0.0,0.0,43.567,1.5,5.0,0.0,penurie (vide)
velo,Toulouse,d3f5ca012535dd9e7c879a1a9e6c10dc,PLACE DU SALIN,0.6,18.0,12.0,30.0,0.0,0.0,43.594,1.444,18.0,0.0,penurie (vide)
velo,Toulouse,d4211f50b6275fbbd8430a2efaf17d30,WAGNER - VIVALDI,0.111,2.0,16.0,18.0,0.0,0.0,43.606,1.415,2.0,0.0,penurie (vide)
velo,Toulouse,d442445c102d08ca51859538979e2d2b,EMPALOT - MÉTRO,0.471,8.0,9.0,17.0,0.0,0.0,43.58,1.442,8.0,0.0,penurie (vide)
velo,Toulouse,d497df403233ffe9f416b7fe554d6fff,AVIONS - LIBELLULES,0.0,0.0,14.0,14.0,1.0,0.0,43.577,1.46,0.0,1.0,penurie (vide)
velo,Toulouse,d49cecb5aabe05d1ac68f5379377c613,SAOUZELONG - MÉTRO,0.1,2.0,18.0,20.0,0.0,0.0,43.58,1.46,2.0,0.0,penurie (vide)
velo,Toulouse,d4f85cebf8232a2dc8f66ac278114606,ATLANTA - VASSEUR,0.882,15.0,2.0,17.0,0.0,0.0,43.635,1.473,15.0,0.0,penurie (vide)
velo,Toulouse,d5a0270c8d2a15227ec95258f37d6617,ROUBICHOU - ARLES,0.231,3.0,10.0,13.0,0.0,0.0,43.627,1.466,3.0,0.0,penurie (vide)
velo,Toulouse,d5d81ea9d5254d4f4d4d23a1e5f71738,BELIN - TARFAYA,0.25,3.0,9.0,12.0,0.0,0.0,43.562,1.484,3.0,0.0,penurie (vide)
velo,Toulouse,d73b7ec3e445e1cef1e5998292c0f18f,COLOMBETTE - MAURY,0.133,2.0,13.0,15.0,0.0,0.0,43.605,1.454,2.0,0.0,penurie (vide)
velo,Toulouse,d76d094a51b3ff21d1c5e406ed0628f3,STRASBOURG - BAYARD,0.381,8.0,13.0,21.0,0.0,0.0,43.608,1.447,8.0,0.0,penurie (vide)
velo,Toulouse,d7affbcab2686fd71c94df2afbd943b8,VESTREPAIN - BAGATELLE,0.154,2.0,11.0,13.0,0.0,0.0,43.584,1.411,2.0,0.0,penurie (vide)
velo,Toulouse,d88a09fa3e67078e0dd035d17711941a,CITÉ DE L'ESPACE,0.727,8.0,3.0,11.0,0.0,0.0,43.587,1.492,8.0,0.0,penurie (vide)
velo,Toulouse,d8dab8a06b051e30b9f14ac0935f7048,DESBALS - FIEUX,0.0,0.0,17.0,17.0,1.0,0.0,43.585,1.416,0.0,1.0,penurie (vide)
velo,Toulouse,d9756eeee9d691a7b8f6f9c659ff7e46,SERRES - ARNAUD BERNARD,0.0,0.0,17.0,17.0,1.0,0.0,43.613,1.438,0.0,1.0,penurie (vide)
velo,Toulouse,da1b2e93a896c3585e9dee179e992b5e,BARCELONE - LECLERC,0.091,2.0,20.0,22.0,0.0,0.0,43.607,1.431,2.0,0.0,penurie (vide)
velo,Toulouse,da8df6f168db3c25f7dd2fd61ddefc44,CAYRAS –CATALA,0.857,12.0,2.0,14.0,0.0,0.0,43.569,1.517,12.0,0.0,penurie (vide)
velo,Toulouse,dc0882a2837d6e3f314a9329e77a00dc,AV. DU PARC - GUYENNE,0.625,10.0,6.0,16.0,0.0,0.0,43.632,1.388,10.0,0.0,penurie (vide)
velo,Toulouse,dc72f385f80d8c337db610c6067db2a8,PLACE JOSEPH BAYLAC,1.0,21.0,0.0,21.0,0.0,1.0,43.609,1.397,21.0,1.0,saturation (pleine)
velo,Toulouse,dd159912db595605acae4fff21a3cc35,ODYSSUD RITOURET TRAMWAY,0.312,5.0,11.0,16.0,0.0,0.0,43.636,1.384,5.0,0.0,penurie (vide)
velo,Toulouse,df06fe342832e014919a696d7b352d1a,EGLISE DE LALANDE,0.75,9.0,3.0,12.0,0.0,0.0,43.647,1.431,9.0,0.0,penurie (vide)
velo,Toulouse,dfd89b09417f889b6281fe2965c29178,RIQUET - CAMICHEL,0.2,4.0,16.0,20.0,0.0,0.0,43.603,1.454,4.0,0.0,penurie (vide)
velo,Toulouse,dff64218e0437db7f1b1d39b293b06c1,LAFAYETTE,1.0,24.0,0.0,24.0,0.0,1.0,43.605,1.445,24.0,1.0,saturation (pleine)
velo,Toulouse,e0a07fa168cf1d7d2d9d896176bdca61,PLACE VICTOR HUGO,0.958,23.0,1.0,24.0,0.0,0.0,43.606,1.447,23.0,0.0,penurie (vide)
velo,Toulouse,e0ab499d2b397d2ff965d5ed3a18d033,URSS - MARAN,0.105,2.0,17.0,19.0,0.0,0.0,43.581,1.449,2.0,0.0,penurie (vide)
velo,Toulouse,e0ad8544b27297871da913f73859175a,BONNEFOY - ARAGO,0.136,3.0,19.0,22.0,0.0,0.0,43.617,1.454,3.0,0.0,penurie (vide)
velo,Toulouse,e1c9abdf7cb5c422c24d9b67b65d1508,ÉGLISE DES MINIMES,0.312,5.0,11.0,16.0,0.0,0.0,43.618,1.437,5.0,0.0,penurie (vide)
velo,Toulouse,e21bacdc8c323b51a14e929a000797ff,GAUSSEN - CROIX-BÉNITE,0.385,5.0,8.0,13.0,0.0,0.0,43.662,1.435,5.0,0.0,penurie (vide)
velo,Toulouse,e2a2c87fc7dce42d8283665eeb193ee2,REVEL - ARMENTIÈRES,0.167,2.0,10.0,12.0,0.0,0.0,43.574,1.491,2.0,0.0,penurie (vide)
velo,Toulouse,e2ca008b69d877012f199109e9aa0bd2,ALBI - AVRANCHES,0.133,2.0,13.0,15.0,0.0,0.0,43.633,1.463,2.0,0.0,penurie (vide)
velo,Toulouse,e31d85310d6d7dda4ff7f58868d19b09,ÎLE DU RAMIER TRAMWAY,0.417,5.0,7.0,12.0,0.0,0.0,43.592,1.44,5.0,0.0,penurie (vide)
velo,Toulouse,e5cd45895279a4404a7ea383a86a6879,CH. DE TOURNEFEUILLE - BOURIETTE,0.385,5.0,8.0,13.0,0.0,0.0,43.605,1.376,5.0,0.0,penurie (vide)
velo,Toulouse,e640c6bce218af0a9cbbc5b663f34989,PLACE ROUAIX,0.944,17.0,1.0,18.0,0.0,0.0,43.6,1.446,17.0,0.0,penurie (vide)
velo,Toulouse,e88c9c9f5e70d02f214ec7aeda31d154,CASSELARDIT - FONTAINES,1.0,17.0,0.0,17.0,0.0,1.0,43.604,1.407,17.0,1.0,saturation (pleine)
velo,Toulouse,e9be7630de76153ef18f073370a3319c,ST-EXUPÉRY - POTEZ,0.056,1.0,17.0,18.0,0.0,0.0,43.58,1.481,1.0,0.0,penurie (vide)
velo,Toulouse,ea2d65747b79b65ab3859372ef6477d5,PORT ST-SAUVEUR - SABATIER,0.053,1.0,18.0,19.0,0.0,0.0,43.597,1.456,1.0,0.0,penurie (vide)
velo,Toulouse,ea62d773b3e86dd844870e455530b8c8,CH. DE TOURNEFEUILLE - LESBRE,0.273,3.0,8.0,11.0,0.0,0.0,43.597,1.37,3.0,0.0,penurie (vide)
velo,Toulouse,ead646f97b254304a54087f1ce76965c,ETATS-UNIS - GLACIÈRE,0.667,8.0,4.0,12.0,0.0,0.0,43.646,1.426,8.0,0.0,penurie (vide)
velo,Toulouse,eadb9783a2ff9559df8659bb96f3a84b,ST-BERNARD - BERALDI,0.0,0.0,15.0,15.0,1.0,0.0,43.609,1.444,0.0,1.0,penurie (vide)
velo,Toulouse,eaf5d98e35c3749b7d67490b388f2276,JARDIN ROYAL,0.095,2.0,19.0,21.0,0.0,0.0,43.596,1.451,2.0,0.0,penurie (vide)
velo,Toulouse,eb2f58591f9e3b9d2dedbc5a6bda0d3e,BLAGNAC MAIRIE,0.25,4.0,12.0,16.0,0.0,0.0,43.635,1.397,4.0,0.0,penurie (vide)
velo,Toulouse,eb66e58b970be6e2356beca53f322baa,LASCROSSE - SÉBASTOPOL,0.222,6.0,21.0,27.0,0.0,0.0,43.61,1.43,6.0,0.0,penurie (vide)
velo,Toulouse,ebbd2b39c69bdb44d05d268daaad9a00,SAINT-SERNIN - MERLY,0.067,1.0,14.0,15.0,0.0,0.0,43.609,1.443,1.0,0.0,penurie (vide)
velo,Toulouse,ed943853c0836bfb31509f65acd85871,MARQUETTE - SÉBASTOPOL,0.25,5.0,15.0,20.0,0.0,0.0,43.612,1.429,5.0,0.0,penurie (vide)
velo,Toulouse,ef0e8b55a7a73d32cde589cc8e4da0e6,ST-CYPRIEN - MÉTRO DARRÉ,0.6,9.0,6.0,15.0,0.0,0.0,43.598,1.431,9.0,0.0,penurie (vide)
velo,Toulouse,ef54039a371175c86cf76f5afd76e69b,MONT LOUIS –AV. DE TOULOUSE,0.688,11.0,5.0,16.0,0.0,0.0,43.649,1.473,11.0,0.0,penurie (vide)
velo,Toulouse,efe391473052b9a03aabc9667e058353,CHAUBET - CHIRAC,0.0,0.0,13.0,13.0,1.0,0.0,43.605,1.474,0.0,1.0,penurie (vide)
velo,Toulouse,f0e94c3e3fd22afbf2ab13f08ddbb7a8,ST-MARTIN-DU-TOUCH  GARE,0.077,1.0,12.0,13.0,0.0,0.0,43.601,1.372,1.0,0.0,penurie (vide)
velo,Toulouse,f1129d77034e2451a790cbcec9dc5a36,SEPT DENIERS - TROÈNES,0.0,0.0,13.0,13.0,1.0,0.0,43.621,1.412,0.0,1.0,penurie (vide)
velo,Toulouse,f193977d06e645d49b14b5374be6718d,HALL COMMINGES,,0.0,0.0,0.0,1.0,1.0,43.609,1.332,,1.0,penurie (vide)
velo,Toulouse,f1fbfbb4e3a8cb28291dda031d740935,RAYNAL - ALLIER,0.0,0.0,13.0,13.0,1.0,0.0,43.632,1.455,0.0,1.0,penurie (vide)
velo,Toulouse,f2231910ff5e3670ac9d04fef9496796,EGLISE AUCAMVILLE,0.462,6.0,7.0,13.0,0.0,0.0,43.665,1.43,6.0,0.0,penurie (vide)
velo,Toulouse,f30caf41a4df78f766863add6526db26,CHAUBET - PLANA,0.65,13.0,7.0,20.0,0.0,0.0,43.606,1.482,13.0,0.0,penurie (vide)
velo,Toulouse,f3dc0ac60dc3dc0b281ef695c490b8d3,SALADE PONSAN - CÔTEAUX,0.538,7.0,6.0,13.0,0.0,0.0,43.568,1.452,7.0,0.0,penurie (vide)
velo,Toulouse,f46da5d66c4b06a420297366720368ee,ÉTATS-UNIS - CHARLAS,0.6,12.0,8.0,20.0,0.0,0.0,43.631,1.432,12.0,0.0,penurie (vide)
velo,Toulouse,f4a8d638c371cfb1b0fff85d15a22ec1,AV. DE MURET - DUBOUL,0.0,0.0,9.0,9.0,1.0,0.0,43.58,1.424,0.0,1.0,penurie (vide)
velo,Toulouse,f4c443389dba3343aacaab1240aa7b4f,THÉÂTRE GARONNE,0.0,0.0,22.0,22.0,1.0,0.0,43.602,1.425,0.0,1.0,penurie (vide)
velo,Toulouse,f4e1f421c67156c7d7985a6ad62c8d0f,SANG DE SERP - DAGNAUX,0.556,10.0,8.0,18.0,0.0,0.0,43.616,1.428,10.0,0.0,penurie (vide)
velo,Toulouse,f5e45420f1e5506837ca1651c21343ef,METZ - REMPART ST-ÉTIENNE,0.857,12.0,2.0,14.0,0.0,0.0,43.601,1.451,12.0,0.0,penurie (vide)
velo,Toulouse,f73435959ae18a3102ebefdc4212bcd2,LOMBEZ - PETITE VITESSE,0.176,3.0,14.0,17.0,0.0,0.0,43.595,1.415,3.0,0.0,penurie (vide)
velo,Toulouse,f78da9d11190675eb7800da79eab8560,MAFFRE - BASSO CAMBO,0.25,3.0,9.0,12.0,0.0,0.0,43.561,1.385,3.0,0.0,penurie (vide)
velo,Toulouse,f7966640cfe098bda52559bd33364761,GLOIRE - ST-BERTRAND,0.182,2.0,9.0,11.0,0.0,0.0,43.606,1.458,2.0,0.0,penurie (vide)
velo,Toulouse,f83461de3e52cf634833a810d3f01dd0,PLACE DE LA DAURADE,0.773,17.0,5.0,22.0,0.0,0.0,43.602,1.44,17.0,0.0,penurie (vide)
velo,Toulouse,f8d19078811b8750e3d763f600fcec0f,MONTAUDRAN GARE,0.308,4.0,9.0,13.0,0.0,0.0,43.573,1.48,4.0,0.0,penurie (vide)
velo,Toulouse,f9cba75d17f1b1a77dbf12e0bc90d581,OCCITANE - MARCO POLO,0.688,11.0,5.0,16.0,0.0,0.0,43.543,1.509,11.0,0.0,penurie (vide)
velo,Toulouse,fa8cc540a5cf5f0e19c5e5d9338b1653,PASTEUR - LAVOISIER,0.062,1.0,15.0,16.0,0.0,0.0,43.635,1.395,1.0,0.0,penurie (vide)
velo,Toulouse,fabb538d36ec51cbd794d79c50440af8,ST-MICHEL - CASTELET,0.043,1.0,22.0,23.0,0.0,0.0,43.586,1.447,1.0,0.0,penurie (vide)
velo,Toulouse,fd9d4f1c17647b7a07c5628c5549877c,PARC DE GIRONIS,0.615,8.0,5.0,13.0,0.0,0.0,43.564,1.414,8.0,0.0,penurie (vide)
velo,Toulouse,fdbcc7675a28af3a992118b6b366b4ac,ANDROMÈDE LYCÉE TRAMWAY,0.929,13.0,1.0,14.0,0.0,0.0,43.655,1.376,13.0,0.0,penurie (vide)
velo,Toulouse,fdf1a26e2dd1f2f0a38bd217a4208474,AV. DE RANGUEIL - PELUDE,0.471,8.0,9.0,17.0,0.0,0.0,43.571,1.463,8.0,0.0,penurie (vide)
velo,Toulouse,fe2182978e6b4bc9293e9f38c58422bf,LIFFARD - SAINT-SIMON,0.231,3.0,10.0,13.0,0.0,0.0,43.564,1.376,3.0,0.0,penurie (vide)
velo,Toulouse,fe955382d4c5962876713ff71a88d2f3,FRONTON - DUCLOS,0.176,3.0,14.0,17.0,0.0,0.0,43.645,1.434,3.0,0.0,penurie (vide)
velo,Toulouse,fedc47ee92accfb68965242f0428afff,CHAUSSAS - DAUDET,0.056,1.0,17.0,18.0,0.0,0.0,43.62,1.429,1.0,0.0,penurie (vide)
velo,Toulouse,ff1b2fe123dcdfa378b3f7509747754b,JOLIMONT MÉTRO,0.385,5.0,8.0,13.0,0.0,0.0,43.614,1.462,5.0,0.0,penurie (vide)
velo,Toulouse,ff237e769eba3e830f67a643b05a668b,PLACE DE SOUPETARD,0.667,12.0,6.0,18.0,0.0,0.0,43.612,1.477,12.0,0.0,penurie (vide)
velo,Toulouse,ff3f99fc2fb4f116cca7ceab2ea90f31,CHARBONNIÈRE - PALMIERS,0.056,1.0,17.0,18.0,0.0,0.0,43.574,1.449,1.0,0.0,penurie (vide)
velo,Toulouse,ff477a349a44318345aebdc99904abd9,PLANA - GARNIER,0.706,12.0,5.0,17.0,0.0,0.0,43.609,1.48,12.0,0.0,penurie (vide)
velo,Toulouse,ffb68e423e4862e3c6e694cc44641a54,PISTE DES GÉANTS - TERECHKOVA,0.154,2.0,11.0,13.0,0.0,0.0,43.576,1.474,2.0,0.0,penurie (vide)
velo,Toulouse,fffa1c5961ca0cedf9381436e336aa29,PLACE SAINT-PIERRE,0.526,10.0,9.0,19.0,0.0,0.0,43.603,1.436,10.0,0.0,penurie (vide)
velo-baulois,La Baule-Escoublac,07b4c88bb5c1feb9be3eafcc822b8dec,Avenue de Lyon,0.4,8.0,12.0,20.0,0.0,0.0,47.274,-2.357,8.0,0.0,penurie (vide)
velo-baulois,La Baule-Escoublac,236de5aff86062b325836424e6c79159,Quai Rageot de la Touche,0.556,10.0,8.0,18.0,0.0,0.0,47.275,-2.424,10.0,0.0,penurie (vide)
velo-baulois,La Baule-Escoublac,34fe76e94018d7b4b9cf93eb7f4ecb6e,Atlantia,0.333,4.0,8.0,12.0,0.0,0.0,47.283,-2.409,4.0,0.0,penurie (vide)
velo-baulois,La Baule-Escoublac,3afaac02974dcd1c784f8b73e0a9971f,Casino Barrière,0.231,3.0,10.0,13.0,0.0,0.0,47.281,-2.406,3.0,0.0,penurie (vide)
velo-baulois,La Baule-Escoublac,48d99db78831a0eba6296b95daea1ea6,Aquabaule,0.333,5.0,10.0,15.0,0.0,0.0,47.282,-2.38,5.0,0.0,penurie (vide)
velo-baulois,La Baule-Escoublac,6e70213c6f86ccdd1517a7971e4244f1,Place Leclerc,0.2,3.0,12.0,15.0,0.0,0.0,47.282,-2.392,3.0,0.0,penurie (vide)
velo-baulois,La Baule-Escoublac,763a3dac969b3eedd9b0b821d16229b5,Gare,0.105,2.0,17.0,19.0,0.0,0.0,47.288,-2.389,2.0,0.0,penurie (vide)
velo-baulois,La Baule-Escoublac,90cce4dfde59a746f05406598be0ea63,Place des Salines,0.273,3.0,8.0,11.0,0.0,0.0,47.291,-2.396,3.0,0.0,penurie (vide)
velo-baulois,La Baule-Escoublac,9d693e99642262b957cc2f26e88cb62f,Maison du Guézy,0.385,5.0,8.0,13.0,0.0,0.0,47.275,-2.334,5.0,0.0,penurie (vide)
velo-baulois,La Baule-Escoublac,ac08e6364edbb731e18dbf4d5ba543c9,Parc des Dryades,0.333,3.0,6.0,9.0,0.0,0.0,47.282,-2.363,3.0,0.0,penurie (vide)
velo-baulois,La Baule-Escoublac,be2ef7858cfc1125dc0d501bf7a6b15f,Mairie Annexe du Guézy,0.385,5.0,8.0,13.0,0.0,0.0,47.272,-2.345,5.0,0.0,penurie (vide)
velo-baulois,La Baule-Escoublac,c85d303c169aed0bc9b2402ca3b76202,Lajarrige,0.235,4.0,13.0,17.0,0.0,0.0,47.279,-2.372,4.0,0.0,penurie (vide)
velo-baulois,La Baule-Escoublac,f72ddefd980ff1d9405aa99e9b1fc9e3,Aérodrome,0.0,0.0,4.0,4.0,1.0,0.0,47.288,-2.354,0.0,1.0,penurie (vide)
velo-baulois,La Baule-Escoublac,f99e955cbc1f209d224de557c28133ca,Eglise d'Escoublac,0.333,3.0,6.0,9.0,0.0,0.0,47.295,-2.359,3.0,0.0,penurie (vide)
velo2,Cergy,0642c077f47f2de8064eb1ff97699c11,La Challe,0.059,1.0,16.0,17.0,0.0,0.0,49.018,2.1,1.0,0.0,penurie (vide)
velo2,Cergy,0a37b0eba5533c6cf310c7e8dfecbcce,Miramène,0.727,8.0,3.0,11.0,0.0,0.0,49.031,2.099,8.0,0.0,penurie (vide)
velo2,Cergy,0b2b4377d6607b52244056731846b138,Conseil Départemental,0.389,7.0,11.0,18.0,0.0,0.0,49.032,2.074,7.0,0.0,penurie (vide)
velo2,Cergy,1fa55fe5e26fa93326b25bef645054e4,Parc Saint-Christophe,0.2,2.0,8.0,10.0,0.0,0.0,49.043,2.03,2.0,0.0,penurie (vide)
velo2,Cergy,20b64b92f171e939b8da99147c505a1e,Gare d'Eragny,0.05,1.0,19.0,20.0,0.0,0.0,49.018,2.091,1.0,0.0,penurie (vide)
velo2,Cergy,20c54d0969156074672143cb191377a3,Place de la Libération,0.471,8.0,9.0,17.0,0.0,0.0,49.044,2.091,8.0,0.0,penurie (vide)
velo2,Cergy,214b3511635db2aea1fe42ab79490b75,Université Les Chênes,0.05,1.0,19.0,20.0,0.0,0.0,49.039,2.076,1.0,0.0,penurie (vide)
velo2,Cergy,2a31c061153658863c4ca82df5597be0,Hôpital,0.111,2.0,16.0,18.0,0.0,0.0,49.064,2.094,2.0,0.0,penurie (vide)
velo2,Cergy,2b2929c333f829d1a4ab39fe9cba59c1,Gare Les Hauts de Cergy,0.158,3.0,16.0,19.0,0.0,0.0,49.048,2.012,3.0,0.0,penurie (vide)
velo2,Cergy,2c8e43fc7fe2709c9aa9ed08ae284db5,Place des Linandes,0.5,6.0,6.0,12.0,0.0,0.0,49.043,2.069,6.0,0.0,penurie (vide)
velo2,Cergy,373cb4a41cd0dcdabc6c3f66b45ea620,Gare d'Osny,0.2,3.0,12.0,15.0,0.0,0.0,49.063,2.058,3.0,0.0,penurie (vide)
velo2,Cergy,3bf3f9ade3a3974188b0470b16bfe0f4,Art de Vivre,0.067,1.0,14.0,15.0,0.0,0.0,49.032,2.102,1.0,0.0,penurie (vide)
velo2,Cergy,419f4b502775bb9579d4cde3652e2b7c,Université Saint-Martin,0.267,4.0,11.0,15.0,0.0,0.0,49.044,2.085,4.0,0.0,penurie (vide)
velo2,Cergy,45ab20b1a424ed5574663c5b051a18fc,Croix-Petit,0.222,4.0,14.0,18.0,0.0,0.0,49.038,2.07,4.0,0.0,penurie (vide)
velo2,Cergy,45e9621e3733c5e7bf3d4cedffc048c6,Gare de Liesse,0.05,1.0,19.0,20.0,0.0,0.0,49.034,2.128,1.0,0.0,penurie (vide)
velo2,Cergy,4772b34a247331e403ce4b76e1d45a8f,Port Cergy,0.643,9.0,5.0,14.0,0.0,0.0,49.031,2.061,9.0,0.0,penurie (vide)
velo2,Cergy,4b56f9d8aac33aeb420374b094bde387,Louvrais,0.267,4.0,11.0,15.0,0.0,0.0,49.059,2.09,4.0,0.0,penurie (vide)
velo2,Cergy,4dd1362ff7f0088e585ec8b62b8d07ba,Les Essarts,0.1,2.0,18.0,20.0,0.0,0.0,49.042,2.02,2.0,0.0,penurie (vide)
velo2,Cergy,4fe42fb2179dde909f071ac21ee4ee6d,Gare Cergy Axe Majeur Horloge,0.2,4.0,16.0,20.0,0.0,0.0,49.049,2.035,4.0,0.0,penurie (vide)
velo2,Cergy,5a48bd36bc66a67c9d9899a797b4097f,Gare de Pontoise,0.105,2.0,17.0,19.0,0.0,0.0,49.047,2.095,2.0,0.0,penurie (vide)
velo2,Cergy,63881ae2af482b54ff819c858ca0d33e,Dalle piétonne Grand Centre,0.25,5.0,15.0,20.0,0.0,0.0,49.036,2.08,5.0,0.0,penurie (vide)
velo2,Cergy,6a7711947e9ab8b8b5e8c9a5da15b2ce,Beaux soleils,0.455,5.0,6.0,11.0,0.0,0.0,49.051,2.069,5.0,0.0,penurie (vide)
velo2,Cergy,7657bccd4d775782ce7e47aebd0bb9ac,Tribunal,0.143,2.0,12.0,14.0,0.0,0.0,49.052,2.099,2.0,0.0,penurie (vide)
velo2,Cergy,7967944a1db20cd1b87760016f39852f,Place du Rendez-vous,0.6,6.0,4.0,10.0,0.0,0.0,49.033,2.02,6.0,0.0,penurie (vide)
velo2,Cergy,7d8f1fb42fee14ff09e6e30b22d5bbd2,La Palette,0.15,3.0,17.0,20.0,0.0,0.0,49.033,2.086,3.0,0.0,penurie (vide)
velo2,Cergy,7f58de6b2b6c81bf9d80a0dd8c523d44,Place de l'Hôtel de Ville,0.214,3.0,11.0,14.0,0.0,0.0,49.052,2.036,3.0,0.0,penurie (vide)
velo2,Cergy,84916899a449fce13f628f864ea62e17,Croix Saint-Jacques,0.6,6.0,4.0,10.0,0.0,0.0,49.012,2.053,6.0,0.0,penurie (vide)
velo2,Cergy,883efba783f902a4b426d3923b8b8004,Le Chat Perché,0.0,0.0,12.0,12.0,1.0,0.0,49.049,2.027,0.0,1.0,penurie (vide)
velo2,Cergy,8b8b94b8a4f79d2446c83ef4237e9375,Axe Majeur,0.125,2.0,14.0,16.0,0.0,0.0,49.044,2.037,2.0,0.0,penurie (vide)
velo2,Cergy,95bbd9beb8d7a905b6f539d254e5a132,Charles De Gaulle,0.9,9.0,1.0,10.0,0.0,0.0,49.023,2.111,9.0,0.0,penurie (vide)
velo2,Cergy,961a141551a0787c0c31bb1426dd108e,Avenue du Nord,0.0,0.0,19.0,19.0,1.0,0.0,49.043,2.06,0.0,1.0,penurie (vide)
velo2,Cergy,9a58e2144955588407623a968395a97b,Place Carnot,0.231,3.0,10.0,13.0,0.0,0.0,49.048,2.103,3.0,0.0,penurie (vide)
velo2,Cergy,a64d6f37106bad7d133c8cebef4ead4c,Les Touleuses,0.438,7.0,9.0,16.0,0.0,0.0,49.031,2.084,7.0,0.0,penurie (vide)
velo2,Cergy,aecfeeb38965284d19b577de005cc9c5,Cergy Village Centre,0.429,6.0,8.0,14.0,0.0,0.0,49.036,2.062,6.0,0.0,penurie (vide)
velo2,Cergy,b54228978cfa5b072894f9a78bd39103,Rue de la Marèche,0.286,2.0,5.0,7.0,0.0,0.0,49.026,1.982,2.0,0.0,penurie (vide)
velo2,Cergy,b8df3d0c492936a85f5761cd83d5e4e1,Rue des Lilas,0.0,0.0,14.0,14.0,1.0,0.0,49.035,2.068,0.0,1.0,penurie (vide)
velo2,Cergy,be09a06dfc6094a5b80384d4f2c52f81,Aren'Ice,0.067,1.0,14.0,15.0,0.0,0.0,49.051,2.055,1.0,0.0,penurie (vide)
velo2,Cergy,c512580b6c0d23acaf6e4bee91520441,Gare de Neuville Université,0.056,1.0,17.0,18.0,0.0,0.0,49.015,2.079,1.0,0.0,penurie (vide)
velo2,Cergy,c771dcab604f9343ab2422a222f9302c,Avenue du Hazay,0.214,3.0,11.0,14.0,0.0,0.0,49.047,2.014,3.0,0.0,penurie (vide)
velo2,Cergy,cda59f03a7165707d47458037d9b45fa,Place du Bien-être,0.5,5.0,5.0,10.0,0.0,0.0,49.01,2.042,5.0,0.0,penurie (vide)
velo2,Cergy,cfe652188469efb0fe7f8ca896ad1226,Mairie Croix-Lieu,0.167,2.0,10.0,12.0,0.0,0.0,49.03,2.022,2.0,0.0,penurie (vide)
velo2,Cergy,d4f63496619d5b080cbb385cacf74ad2,Ile-de-Loisirs,0.12,3.0,22.0,25.0,0.0,0.0,49.026,2.05,3.0,0.0,penurie (vide)
velo2,Cergy,dc7c9bac59924e51224cb4ea8d1e98bc,Gare Cergy Grand Centre,0.3,6.0,14.0,20.0,0.0,0.0,49.036,2.08,6.0,0.0,penurie (vide)
velo2,Cergy,e25ececc96e72fd44ca20c25be6a4bb5,Place du Haut de Gency,0.125,2.0,14.0,16.0,0.0,0.0,49.047,2.045,2.0,0.0,penurie (vide)
velo2,Cergy,e2a5c83d9e0c9122891cf9ead46138a3,Le Bon Temps,0.083,1.0,11.0,12.0,0.0,0.0,49.053,2.018,1.0,0.0,penurie (vide)
velo2,Cergy,e62fe457983a540d76c486c62f959e80,Mendès France,0.3,3.0,7.0,10.0,0.0,0.0,49.024,2.022,3.0,0.0,penurie (vide)
velo2,Cergy,f4f063fe05064f36f6117a5b60a349f5,Sainte-Marie,0.333,2.0,4.0,6.0,0.0,0.0,49.074,2.075,2.0,0.0,penurie (vide)
velo2,Cergy,f7f7cc8bf998bb0c347e72dd2b72fa73,La Louvière,0.0,0.0,11.0,11.0,1.0,0.0,49.045,2.003,0.0,1.0,penurie (vide)
velo2,Cergy,fb73fde35072e86e52b86e933170d4ed,Mairie / Gare Saint-Ouen-L'Aumône Centre,0.2,4.0,16.0,20.0,0.0,0.0,49.045,2.107,4.0,0.0,penurie (vide)
velobaie,Saint-Brieuc,0c96f23dfdf41ec386f6b8f773a10551,Campus Universitaire,0.133,2.0,13.0,15.0,0.0,0.0,48.512,-2.74,2.0,0.0,penurie (vide)
velobaie,Saint-Brieuc,0cc18665f912531bee59799ebc5feced,La Grille,0.3,3.0,7.0,10.0,0.0,0.0,48.515,-2.763,3.0,0.0,penurie (vide)
velobaie,Saint-Brieuc,176f63ab87f1e3927d464334abc9f9b8,Hôpital Yves Le Foll,0.6,6.0,4.0,10.0,0.0,0.0,48.493,-2.749,6.0,0.0,penurie (vide)
velobaie,Saint-Brieuc,191011b06f1be5246ad58c75c9c5aa4b,Trégueux Centre,0.8,8.0,2.0,10.0,0.0,0.0,48.49,-2.737,8.0,0.0,penurie (vide)
velobaie,Saint-Brieuc,289d9c1587b1d52f1bcf9323a770e195,Rabelais,0.6,6.0,4.0,10.0,0.0,0.0,48.505,-2.743,6.0,0.0,penurie (vide)
velobaie,Saint-Brieuc,2f60830844ffe2f5f51f6218cde96356,Gare,0.667,10.0,5.0,15.0,0.0,0.0,48.508,-2.766,10.0,0.0,penurie (vide)
velobaie,Saint-Brieuc,5a4c9de894f2e2171628b0205ebe4ce3,Les Villages,0.25,2.0,6.0,8.0,0.0,0.0,48.52,-2.79,2.0,0.0,penurie (vide)
velobaie,Saint-Brieuc,60e4c114380c7113d4ef447de48704f3,Place Duguesclin,0.619,13.0,8.0,21.0,0.0,0.0,48.511,-2.759,13.0,0.0,penurie (vide)
velobaie,Saint-Brieuc,7385715ac168f1b55df1e42cfa030a16,Gare Routière Robien,0.5,5.0,5.0,10.0,0.0,0.0,48.507,-2.766,5.0,0.0,penurie (vide)
velobaie,Saint-Brieuc,7628aea7dacd5ad1721dde51813f2832,Palais des Congrès,0.6,6.0,4.0,10.0,0.0,0.0,48.499,-2.764,6.0,0.0,penurie (vide)
velobaie,Saint-Brieuc,84b50d44d819cf8fe5466bc37c41c3af,Langueux Espace Commercial,0.8,8.0,2.0,10.0,0.0,0.0,48.498,-2.732,8.0,0.0,penurie (vide)
velobaie,Saint-Brieuc,994051f1f055bd6602ba69c720023161,Port du Légué,0.867,13.0,2.0,15.0,0.0,0.0,48.523,-2.75,13.0,0.0,penurie (vide)
velocite-besancon,Besançon,04afca7af2e47f8bc7110eb9912773a7,MAIRIE,0.4,6.0,9.0,15.0,0.0,0.0,47.237,6.022,6.0,0.0,penurie (vide)
velocite-besancon,Besançon,10930d88fa5ba06138f09650f05f4c4e,LEO LAGRANGE,0.45,9.0,11.0,20.0,0.0,0.0,47.244,6.004,9.0,0.0,penurie (vide)
velocite-besancon,Besançon,22b8f7c5fa64e035c1db6c1d5dccd6a9,GRANVELLE (CB),0.267,4.0,11.0,15.0,0.0,0.0,47.235,6.026,4.0,0.0,penurie (vide)
velocite-besancon,Besançon,331a923bc7a2b974546769a402c975df,CHAMARS,0.417,5.0,7.0,12.0,0.0,0.0,47.233,6.02,5.0,0.0,penurie (vide)
velocite-besancon,Besançon,37e3d7bb7b0d29d088a3f723a0ffdc1e,REPUBLIQUE,0.3,3.0,7.0,10.0,0.0,0.0,47.24,6.027,3.0,0.0,penurie (vide)
velocite-besancon,Besançon,38e246796400fe64fd48cd60b0f333f9,LECOURBE,0.7,7.0,3.0,10.0,0.0,0.0,47.231,6.027,7.0,0.0,penurie (vide)
velocite-besancon,Besançon,42a296aeb700f99831e822c3984cc037,GARE VIOTTE (CB),0.667,20.0,10.0,30.0,0.0,0.0,47.246,6.023,20.0,0.0,penurie (vide)
velocite-besancon,Besançon,4556f6fcae214b312f92c9bd8412cf60,,,0.0,0.0,0.0,1.0,1.0,47.236,6.026,,1.0,penurie (vide)
velocite-besancon,Besançon,5324156abbead73c1b1d2291f22689b3,FLORE,0.364,4.0,7.0,11.0,0.0,0.0,47.246,6.028,4.0,0.0,penurie (vide)
velocite-besancon,Besançon,569743b71919f16f6213f07096e71f35,VICTOR HUGO (CB),0.5,7.0,7.0,14.0,0.0,0.0,47.235,6.03,7.0,0.0,penurie (vide)
velocite-besancon,Besançon,59d78d48a4b447c3a28963248ab50a95,IUT,0.45,9.0,11.0,20.0,0.0,0.0,47.247,5.992,9.0,0.0,penurie (vide)
velocite-besancon,Besançon,5b745418ffb04a8601cd1fda8a6bf40b,MARULAZ,,0.0,0.0,0.0,1.0,1.0,47.24,6.017,,1.0,penurie (vide)
velocite-besancon,Besançon,5e9a960c485f7692fc8b79d4d6d22f6d,REMPARTS,0.5,5.0,5.0,10.0,0.0,0.0,47.243,6.022,5.0,0.0,penurie (vide)
velocite-besancon,Besançon,60b92d627fb85538ebb7bd4a5c12a4bd,JACOBINS,0.3,3.0,7.0,10.0,0.0,0.0,47.235,6.033,3.0,0.0,penurie (vide)
velocite-besancon,Besançon,69d2f7cef79731294894f91da8e1be62,8 SEPTEMBRE (CB),0.4,6.0,9.0,15.0,0.0,0.0,47.238,6.024,6.0,0.0,penurie (vide)
velocite-besancon,Besançon,7a536ecfbb89f7644990abbc0fab203c,BATTANT (CB),0.133,2.0,13.0,15.0,0.0,0.0,47.24,6.02,2.0,0.0,penurie (vide)
velocite-besancon,Besançon,8fd0411e29bb87e7b1689eb72695960c,LECLERC,0.8,8.0,2.0,10.0,0.0,0.0,47.242,6.014,8.0,0.0,penurie (vide)
velocite-besancon,Besançon,9241b83f8a85305121cc5092db587aaa,LA CITY,0.5,10.0,10.0,20.0,0.0,0.0,47.235,6.015,10.0,0.0,penurie (vide)
velocite-besancon,Besançon,92bbda824ae20d5d4c98c7718f59af4b,GARE MOUILLERE,0.222,4.0,14.0,18.0,0.0,0.0,47.24,6.034,4.0,0.0,penurie (vide)
velocite-besancon,Besançon,9808f431a8397b3bcf201c20d1fa6469,ISENBART,0.4,4.0,6.0,10.0,0.0,0.0,47.243,6.025,4.0,0.0,penurie (vide)
velocite-besancon,Besançon,9885e6eac2f93109ee4acdc7121edcf9,GIBELOTTE,0.167,2.0,10.0,12.0,0.0,0.0,47.242,6.009,2.0,0.0,penurie (vide)
velocite-besancon,Besançon,c9400be76f0888d5d87dc813c2af96a7,CROUS UNIVERSITE,0.31,13.0,29.0,42.0,0.0,0.0,47.248,5.987,13.0,0.0,penurie (vide)
velocite-besancon,Besançon,c99a01f9d2cdf264f2b27ecfe4f1755a,GRANGES,0.25,3.0,9.0,12.0,0.0,0.0,47.238,6.026,3.0,0.0,penurie (vide)
velocite-besancon,Besançon,d0915b182599112b2ccc2387feb8d0bf,RIVOTTE,0.583,7.0,5.0,12.0,0.0,0.0,47.232,6.035,7.0,0.0,penurie (vide)
velocite-besancon,Besançon,d3bb5c43eb07a0ea433f203f02f5b8ac,FONTAINE ARGENT,0.273,3.0,8.0,11.0,0.0,0.0,47.245,6.033,3.0,0.0,penurie (vide)
velocite-besancon,Besançon,d92b40bbb4da45591b8b6f548def07a2,MARIE LOUISE,0.583,7.0,5.0,12.0,0.0,0.0,47.249,6.031,7.0,0.0,penurie (vide)
velocite-besancon,Besançon,d983f0b9a5b06421502947f833b37ffe,TRISTAN BERNARD,0.333,4.0,8.0,12.0,0.0,0.0,47.248,6.036,4.0,0.0,penurie (vide)
velocite-besancon,Besançon,dbec57dad5b27785c9446491b92665f1,CHAMARS ESPLANADE (CB),0.5,10.0,10.0,20.0,0.0,0.0,47.235,6.021,10.0,0.0,penurie (vide)
velocite-besancon,Besançon,dca9998432b3d6a6f1abde5341f935ca,JEAN CORNET,0.2,2.0,8.0,10.0,0.0,0.0,47.236,6.029,2.0,0.0,penurie (vide)
velocite-besancon,Besançon,e0d7bc487888681863f0175508eea5af,REVOLUTION,0.0,0.0,15.0,15.0,1.0,0.0,47.24,6.023,0.0,1.0,penurie (vide)
velocite-besancon,Besançon,e9107f383ba38f8743bc71693059b633,LIBERTE,0.5,6.0,6.0,12.0,0.0,0.0,47.247,6.029,6.0,0.0,penurie (vide)
velocite-besancon,Besançon,efe5bafda3aca66e9ff6d4c3816b5d40,PARC MICAUD (CB),0.4,6.0,9.0,15.0,0.0,0.0,47.243,6.03,6.0,0.0,penurie (vide)
velocite-besancon,Besançon,f36ea646d33fc5f767121fa37ff509e9,BERSOT,0.4,4.0,6.0,10.0,0.0,0.0,47.239,6.03,4.0,0.0,penurie (vide)
velocite-laon,Laon,0292c4a5042a8b45ef0103bfeff702e0,Cité Etudiante,0.125,1.0,7.0,8.0,0.0,0.0,49.559,3.613,1.0,0.0,penurie (vide)
velocite-laon,Laon,28f99ed4dab19c671cbf9b371f490ebf,Gare,0.125,1.0,7.0,8.0,0.0,0.0,49.57,3.624,1.0,0.0,penurie (vide)
velocite-laon,Laon,2e36b8094898d67f93709b824e431892,Mons en Laonnois,0.333,1.0,2.0,3.0,0.0,0.0,49.538,3.553,1.0,0.0,penurie (vide)
velocite-laon,Laon,38d0385a5ef1235979df61bcf4974b7b,Parc du Champ du Roy,0.0,0.0,5.0,5.0,1.0,0.0,49.58,3.654,0.0,1.0,penurie (vide)
velocite-laon,Laon,5530f0c09513ca687df52b118893c236,Place d'Ardon,0.375,3.0,5.0,8.0,0.0,0.0,49.549,3.629,3.0,0.0,penurie (vide)
velocite-laon,Laon,6261de8ce3dfb75d47816577b9a69d22,Place du Marché,0.0,0.0,7.0,7.0,1.0,0.0,49.57,3.634,0.0,1.0,penurie (vide)
velocite-laon,Laon,6262215fc040c6e9235a3835c20b17c9,Cité des cheminots,0.3,3.0,7.0,10.0,0.0,0.0,49.574,3.629,3.0,0.0,penurie (vide)
velocite-laon,Laon,67da49a609b1a0c01524a66363180fc1,Montreuil,0.25,2.0,6.0,8.0,0.0,0.0,49.57,3.603,2.0,0.0,penurie (vide)
velocite-laon,Laon,6b01af50806d5387304e1737ed553b92,Parc Foch,0.0,0.0,6.0,6.0,1.0,0.0,49.557,3.603,0.0,1.0,penurie (vide)
velocite-laon,Laon,6b3e3601f392e0411faed6f3a94a9415,Le Dôme,0.545,6.0,5.0,11.0,0.0,0.0,49.568,3.652,6.0,0.0,penurie (vide)
velocite-laon,Laon,6c8ba4f6248e390c6cb31199509cfb27,Cité administrative,0.0,0.0,6.0,6.0,1.0,0.0,49.564,3.629,0.0,1.0,penurie (vide)
velocite-laon,Laon,7e0b297e0746961edf7fcf4b153fa937,Athies-sous-Laon,0.333,1.0,2.0,3.0,0.0,0.0,49.573,3.684,1.0,0.0,penurie (vide)
velocite-laon,Laon,89a01091a8b78592d73031a9de4364ce,Hôpital,0.0,0.0,7.0,7.0,1.0,0.0,49.562,3.611,0.0,1.0,penurie (vide)
velocite-laon,Laon,a03fcaf7661b08ef12262939f30b6750,Bruyères-et-Montbérault,0.667,2.0,1.0,3.0,0.0,0.0,49.524,3.665,2.0,0.0,penurie (vide)
velocite-laon,Laon,a5cd70712b8aa7c305eb09e46b2643ba,CPAM,0.25,2.0,6.0,8.0,0.0,0.0,49.55,3.617,2.0,0.0,penurie (vide)
velocite-laon,Laon,b23459ab61ffab871a7dcc6b1e376a0f,Palais des sports,0.0,0.0,5.0,5.0,1.0,0.0,49.559,3.633,0.0,1.0,penurie (vide)
velocite-laon,Laon,b27bc0a82388f4051a3999ae1ec3952a,Cathédrale,0.0,0.0,7.0,7.0,1.0,0.0,49.564,3.624,0.0,1.0,penurie (vide)
velocite-laon,Laon,bac05d62f04294165e4e7c33cb1fbaf3,Hôtel de ville,0.0,0.0,7.0,7.0,1.0,0.0,49.565,3.621,0.0,1.0,penurie (vide)
velocite-laon,Laon,c4863571b43bb295c91cf448cd90897f,Conservatoire,,0.0,,0.0,1.0,1.0,49.559,3.602,,1.0,penurie (vide)
velocite-mulhouse,Mulhouse,026b9a2af5eec570ef45d658df57e8b9,28 Caserne Lefebvre,0.375,6.0,10.0,16.0,0.0,0.0,47.758,7.346,6.0,0.0,penurie (vide)
velocite-mulhouse,Mulhouse,038f6750471f2d5cad40195bf8f0a4f0,32 Campus - Illberg,0.853,29.0,5.0,34.0,0.0,0.0,47.733,7.316,29.0,0.0,penurie (vide)
velocite-mulhouse,Mulhouse,06bb64e9e3e94f9ecc36b18b60d27280,5 Metz,0.938,15.0,1.0,16.0,0.0,0.0,47.749,7.341,15.0,0.0,penurie (vide)
velocite-mulhouse,Mulhouse,0d78c9284268ae35ea4fd2157b4ca16a,29 Gluck,0.583,7.0,5.0,12.0,0.0,0.0,47.755,7.322,7.0,0.0,penurie (vide)
velocite-mulhouse,Mulhouse,0e4e1451b52b9bc8f6fde20ceb1ff15e,34 Patinoire,0.526,10.0,9.0,19.0,0.0,0.0,47.736,7.319,10.0,0.0,penurie (vide)
velocite-mulhouse,Mulhouse,124a763022a73905834854b522c85c69,44 Zuckerberg,0.4,8.0,12.0,20.0,0.0,0.0,47.728,7.347,8.0,0.0,penurie (vide)
velocite-mulhouse,Mulhouse,147935e725fb838b45c9bfc5310888ed,3 Bonbonnière,0.526,10.0,9.0,19.0,0.0,0.0,47.747,7.335,10.0,0.0,penurie (vide)
velocite-mulhouse,Mulhouse,18294445d7723fed3838937ffb309643,23 Hasenrain,0.462,6.0,7.0,13.0,0.0,0.0,47.736,7.332,6.0,0.0,penurie (vide)
velocite-mulhouse,Mulhouse,18b7ad7d5fa82bb6cb1cd7a467e1130f,30 Hardt,0.357,5.0,9.0,14.0,0.0,0.0,47.753,7.355,5.0,0.0,penurie (vide)
velocite-mulhouse,Mulhouse,232fb8cac55c841e9774d48963df503e,14 Parc Expo,0.214,3.0,11.0,14.0,0.0,0.0,47.763,7.337,3.0,0.0,penurie (vide)
velocite-mulhouse,Mulhouse,23b4353c4949961b504db31105cf1241,33 Châtaigniers,0.438,7.0,9.0,16.0,0.0,0.0,47.777,7.329,7.0,0.0,penurie (vide)
velocite-mulhouse,Mulhouse,2c9e6cb435f257a1d8d0bd490ddadf12,11 Place du Printemps,0.5,9.0,9.0,18.0,0.0,0.0,47.75,7.349,9.0,0.0,penurie (vide)
velocite-mulhouse,Mulhouse,308d6e3c0a7be05be20a14e8b8d4b592,64 Didenheim Mairie,0.667,8.0,4.0,12.0,0.0,0.0,47.717,7.302,8.0,0.0,penurie (vide)
velocite-mulhouse,Mulhouse,3293b690a035c73263474e9883dec2e7,27 Bel Air,0.688,11.0,5.0,16.0,0.0,0.0,47.733,7.305,11.0,0.0,penurie (vide)
velocite-mulhouse,Mulhouse,3505f8e53c5037151c1ffc810c8d79d2,63 Brunstatt Vignerons,0.615,8.0,5.0,13.0,0.0,0.0,47.72,7.318,8.0,0.0,penurie (vide)
velocite-mulhouse,Mulhouse,3640d2fe1d581db98cc6e05c28e6777d,50 Sausheim Mairie,0.429,3.0,4.0,7.0,0.0,0.0,47.79,7.371,3.0,0.0,penurie (vide)
velocite-mulhouse,Mulhouse,396af92d06b2c1069907d98032156bc2,61 Kingersheim Mairie,0.684,13.0,6.0,19.0,0.0,0.0,47.789,7.336,13.0,0.0,penurie (vide)
velocite-mulhouse,Mulhouse,3c4a39516666a6a72a9db04098bbb8a0,43 Hôpital Emile Muller,0.55,11.0,9.0,20.0,0.0,0.0,47.723,7.345,11.0,0.0,penurie (vide)
velocite-mulhouse,Mulhouse,40973d4671f19d5173fef2a1acce5bb4,19 Trois rois,0.733,11.0,4.0,15.0,0.0,0.0,47.744,7.333,11.0,0.0,penurie (vide)
velocite-mulhouse,Mulhouse,45dbc2d3871354b81eae9266fafd11ee,1 Gare Centrale,0.6,24.0,16.0,40.0,0.0,0.0,47.742,7.342,24.0,0.0,penurie (vide)
velocite-mulhouse,Mulhouse,48a3f6d9d9adc99018aa04c7309f9909,58 Illzach Modenheim,0.2,4.0,16.0,20.0,0.0,0.0,47.77,7.36,4.0,0.0,penurie (vide)
velocite-mulhouse,Mulhouse,4bcabf49695a77f34f9f7001c9a7bd06,20 Filature,0.143,2.0,12.0,14.0,0.0,0.0,47.753,7.349,2.0,0.0,penurie (vide)
velocite-mulhouse,Mulhouse,4d195fb3a8445a3f4bb06d3d8b2deb48,49 Doller,0.417,5.0,7.0,12.0,0.0,0.0,47.773,7.334,5.0,0.0,penurie (vide)
velocite-mulhouse,Mulhouse,597b4c9b3da150df3db5aa990c43a77e,13 Marché du Canal couvert,0.389,7.0,11.0,18.0,0.0,0.0,47.751,7.33,7.0,0.0,penurie (vide)
velocite-mulhouse,Mulhouse,63d2c0bc40b1c0741c2cb11d8e847419,62 Kingersheim Kaligone,0.35,7.0,13.0,20.0,0.0,0.0,47.79,7.316,7.0,0.0,penurie (vide)
velocite-mulhouse,Mulhouse,6944ebcad1ae1ee454411fe57ecb79f8,45 Nations,0.167,2.0,10.0,12.0,0.0,0.0,47.736,7.301,2.0,0.0,penurie (vide)
velocite-mulhouse,Mulhouse,6e50ea97d26af6cfe6fa08123f6d9230,35 Nordfeld,0.222,4.0,14.0,18.0,0.0,0.0,47.753,7.347,4.0,0.0,penurie (vide)
velocite-mulhouse,Mulhouse,714761e3cfed4ac5ba7876251ef68421,6 Porte Jeune,0.526,10.0,9.0,19.0,0.0,0.0,47.75,7.339,10.0,0.0,penurie (vide)
velocite-mulhouse,Mulhouse,745b5c69cfee70795b791deb53b1a238,52 Rixheim Centre,0.222,4.0,14.0,18.0,0.0,0.0,47.747,7.399,4.0,0.0,penurie (vide)
velocite-mulhouse,Mulhouse,7a747cd442426dadf0a10ec9b924ce49,56 Riedisheim L'Aronde,0.35,7.0,13.0,20.0,0.0,0.0,47.745,7.367,7.0,0.0,penurie (vide)
velocite-mulhouse,Mulhouse,7a7ea5e49678041d27810149b4d9522f,48 Riedisheim Couvent,0.133,2.0,13.0,15.0,0.0,0.0,47.746,7.357,2.0,0.0,penurie (vide)
velocite-mulhouse,Mulhouse,7aa202d9083a289f3873c32639a2397f,9 Tour Nessel,0.5,8.0,8.0,16.0,0.0,0.0,47.745,7.328,8.0,0.0,penurie (vide)
velocite-mulhouse,Mulhouse,7b49f0f444d049c46fee7128a7d151b9,17 Box Briand,0.357,5.0,9.0,14.0,0.0,0.0,47.748,7.324,5.0,0.0,penurie (vide)
velocite-mulhouse,Mulhouse,7e3ce05c1e05f8dbe19738f7df8736e0,8 Porte Haute,0.6,12.0,8.0,20.0,0.0,0.0,47.747,7.332,12.0,0.0,penurie (vide)
velocite-mulhouse,Mulhouse,7ef24bf6680d6284bfaaa5c7a93762e1,55 Rixheim Ile Napoléon,0.5,5.0,5.0,10.0,0.0,0.0,47.764,7.391,5.0,0.0,penurie (vide)
velocite-mulhouse,Mulhouse,80205b95a8117487bab9522506f1afd8,4-Parc Salvator,0.333,4.0,8.0,12.0,0.0,0.0,47.748,7.343,4.0,0.0,penurie (vide)
velocite-mulhouse,Mulhouse,8b7e8d6d348e931998747b9d3a0763f6,31 Kinepolis,0.6,9.0,6.0,15.0,0.0,0.0,47.76,7.351,9.0,0.0,penurie (vide)
velocite-mulhouse,Mulhouse,8c006d1b0cb81e6fe5c4fea94273c98d,25 Palais des Sports,0.375,6.0,10.0,16.0,0.0,0.0,47.74,7.32,6.0,0.0,penurie (vide)
velocite-mulhouse,Mulhouse,8d34976518858dffd78f78799e186cff,16 Parc Zoologique et botanique,0.167,2.0,10.0,12.0,0.0,0.0,47.732,7.347,2.0,0.0,penurie (vide)
velocite-mulhouse,Mulhouse,93e858a43baa784610f8185b331b8b87,38 Villon,0.333,4.0,8.0,12.0,0.0,0.0,47.753,7.313,4.0,0.0,penurie (vide)
velocite-mulhouse,Mulhouse,9815960a2f9a840fd9b55700384e2e7c,7 Mairie,1.0,15.0,0.0,15.0,0.0,1.0,47.749,7.336,15.0,1.0,saturation (pleine)
velocite-mulhouse,Mulhouse,998e06fd9de5ab93789c7c6290780b64,12 Place Hauger,0.231,3.0,10.0,13.0,0.0,0.0,47.759,7.363,3.0,0.0,penurie (vide)
velocite-mulhouse,Mulhouse,a255e15f691bd1597f8e34281206e350,59 Wittenheim Médiathèque,0.45,9.0,11.0,20.0,0.0,0.0,47.806,7.337,9.0,0.0,penurie (vide)
velocite-mulhouse,Mulhouse,a8ad741afa563bcdcf5ae0b160891c47,47 Saint-Fridolin,0.167,2.0,10.0,12.0,0.0,0.0,47.754,7.329,2.0,0.0,penurie (vide)
velocite-mulhouse,Mulhouse,a8f1f65ab4bd96e881aa6c075415a373,40 Gare de Dornach,0.562,9.0,7.0,16.0,0.0,0.0,47.746,7.308,9.0,0.0,penurie (vide)
velocite-mulhouse,Mulhouse,aa95550392fd7ef5d6b5b940dea18757,22 Rattachement,0.429,6.0,8.0,14.0,0.0,0.0,47.77,7.321,6.0,0.0,penurie (vide)
velocite-mulhouse,Mulhouse,adea05738a59dce3d80200d04ce45c53,15 Grand Rex,0.588,10.0,7.0,17.0,0.0,0.0,47.752,7.337,10.0,0.0,penurie (vide)
velocite-mulhouse,Mulhouse,b0ca15a0fd6c052c0b143f4e93d32952,26 Daguerre,0.375,6.0,10.0,16.0,0.0,0.0,47.743,7.324,6.0,0.0,penurie (vide)
velocite-mulhouse,Mulhouse,b233e9aca6646ff1def801bf347ed5bf,46 Technopole,0.6,6.0,4.0,10.0,0.0,0.0,47.746,7.297,6.0,0.0,penurie (vide)
velocite-mulhouse,Mulhouse,b3ee597b55739ab4a864ce753269df2a,21 Fonderie,0.382,13.0,21.0,34.0,0.0,0.0,47.74,7.332,13.0,0.0,penurie (vide)
velocite-mulhouse,Mulhouse,c35b0dbe6028c88155327b6a8990c60c,54 Rixheim Romains,0.35,7.0,13.0,20.0,0.0,0.0,47.75,7.408,7.0,0.0,penurie (vide)
velocite-mulhouse,Mulhouse,c3add98fb599649816e908de9859e9b8,42 NEPPERT,0.643,9.0,5.0,14.0,0.0,0.0,47.756,7.34,9.0,0.0,penurie (vide)
velocite-mulhouse,Mulhouse,c5e2ce9441b2040049d23d036282e1a5,10 Place de la Paix,0.692,9.0,4.0,13.0,0.0,0.0,47.744,7.336,9.0,0.0,penurie (vide)
velocite-mulhouse,Mulhouse,cd4a96131a82546c8128141434cec9f8,57 Illzach Mairie,0.533,8.0,7.0,15.0,0.0,0.0,47.781,7.347,8.0,0.0,penurie (vide)
velocite-mulhouse,Mulhouse,d628691f168375bcb0df86f8bc8b5417,37 Dornach Saint Barthélemy,0.357,5.0,9.0,14.0,0.0,0.0,47.743,7.313,5.0,0.0,penurie (vide)
velocite-mulhouse,Mulhouse,d6658cc47e8a62a481e562aae33bb22f,24 Tivoli,0.083,1.0,11.0,12.0,0.0,0.0,47.743,7.347,1.0,0.0,penurie (vide)
velocite-mulhouse,Mulhouse,dbf77271eebe12c2f37e697953cc1c94,36 Musée de l'automobile,0.154,2.0,11.0,13.0,0.0,0.0,47.76,7.332,2.0,0.0,penurie (vide)
velocite-mulhouse,Mulhouse,dc30d1ccad5765f12f8db54006f01199,18 DMC,0.357,5.0,9.0,14.0,0.0,0.0,47.749,7.317,5.0,0.0,penurie (vide)
velocite-mulhouse,Mulhouse,e402896ca67de79efb1463dc49a9f7ed,2 Porte de Bâle,0.6,12.0,8.0,20.0,0.0,0.0,47.747,7.343,12.0,0.0,penurie (vide)
velocite-mulhouse,Mulhouse,ed4d6e74c89ac755803897ad12e7da27,41 KM0,0.471,8.0,9.0,17.0,0.0,0.0,47.739,7.329,8.0,0.0,penurie (vide)
velocite-mulhouse,Mulhouse,f8fdf9bd29b4d1b47681f98747f70f8f,60 Wittenheim Collège Marcel Pagnol,0.25,5.0,15.0,20.0,0.0,0.0,47.816,7.33,5.0,0.0,penurie (vide)
velocite-mulhouse,Mulhouse,fe67a05a889a23c88c574af992a7a1e7,39 Parc Steinbach,0.4,6.0,9.0,15.0,0.0,0.0,47.746,7.338,6.0,0.0,penurie (vide)
velodaqui,Argelès-sur-Mer,1786de1f020be85bf2aa23e69deacc31,Capitainerie - Port d'Argelès,0.0,0.0,8.0,8.0,1.0,0.0,42.543,3.048,0.0,1.0,penurie (vide)
velodaqui,Argelès-sur-Mer,1e3d2a9afb3fe6196e5a9103839500a6,Gare du Petit Train,0.0,0.0,8.0,8.0,1.0,0.0,42.554,3.047,0.0,1.0,penurie (vide)
velodaqui,Argelès-sur-Mer,44fa207bf3fcba66b038a89ef79ce2f7,Gambetta,0.0,0.0,8.0,8.0,1.0,0.0,42.545,3.025,0.0,1.0,penurie (vide)
velodaqui,Argelès-sur-Mer,4ab58ef5c452a253fee63da94114f869,Avenue du Grau,0.0,0.0,2.0,2.0,1.0,0.0,42.547,3.048,0.0,1.0,penurie (vide)
velodaqui,Argelès-sur-Mer,aab91236a1ab0c223cbca69d620a0f11,Boulevard de la Méditérannée,,0.0,0.0,0.0,1.0,1.0,42.564,3.045,,1.0,penurie (vide)
velodaqui,Argelès-sur-Mer,dd47480a0169485afe6c39a0dbf864ac,Avenue du Général de Gaulle,0.0,0.0,2.0,2.0,1.0,0.0,42.551,3.046,0.0,1.0,penurie (vide)
velofluo,Grand Est,09dc637d5d9e582827e2982e38a879ec,Hoerdt,0.8,4.0,1.0,5.0,0.0,0.0,48.703,7.779,4.0,0.0,penurie (vide)
velofluo,Grand Est,0ac5890d403608b7b357c7b4207a4675,Wissembourg,0.2,1.0,4.0,5.0,0.0,0.0,49.032,7.95,1.0,0.0,penurie (vide)
velofluo,Grand Est,0ce0a30cf6d63fe9102d5fb5cfba1982,Longwy,,0.0,0.0,0.0,1.0,1.0,49.513,5.769,,1.0,penurie (vide)
velofluo,Grand Est,0d1585117db56c3b84aa3950a96764f1,Chaumont,0.0,0.0,3.0,3.0,1.0,0.0,48.11,5.135,0.0,1.0,penurie (vide)
velofluo,Grand Est,14f615d5dcf12f31cd9af2d0ff8caa39,Sarrebourg,0.9,9.0,1.0,10.0,0.0,0.0,48.738,7.053,9.0,0.0,penurie (vide)
velofluo,Grand Est,182a795063ac85c71628fdb04510c818,Nancy,1.0,8.0,0.0,8.0,0.0,1.0,48.69,6.175,8.0,1.0,saturation (pleine)
velofluo,Grand Est,182ad321471ec6911d3919b4cb6a6bad,Erstein,0.9,9.0,1.0,10.0,0.0,0.0,48.423,7.639,9.0,0.0,penurie (vide)
velofluo,Grand Est,1e6e8d898bc3ed1a27692a20d0cf64ad,Mulhouse,,0.0,0.0,0.0,1.0,1.0,47.742,7.343,,1.0,penurie (vide)
velofluo,Grand Est,2698adfaff7e125dd99897c347cc95c7,Sedan,1.0,5.0,0.0,5.0,0.0,1.0,49.695,4.93,5.0,1.0,saturation (pleine)
velofluo,Grand Est,2794b0d44d530caabfccd7138e9496af,Nogent-sur-Seine,1.0,5.0,0.0,5.0,0.0,1.0,48.498,3.494,5.0,1.0,saturation (pleine)
velofluo,Grand Est,2949261ce157fd0dc3702793bbddcf88,Saint-Dizier,0.9,9.0,1.0,10.0,0.0,0.0,48.642,4.949,9.0,0.0,penurie (vide)
velofluo,Grand Est,2c3fdffb7a52a1d661c5a0f18fdfd7f2,Lunéville,,0.0,0.0,0.0,1.0,1.0,48.588,6.498,,1.0,penurie (vide)
velofluo,Grand Est,3338dfc4d1378a5204b65fd2affb5a1f,Langres,0.6,3.0,2.0,5.0,0.0,0.0,47.877,5.344,3.0,0.0,penurie (vide)
velofluo,Grand Est,37de2780c99303f4c537ef8190607cbc,Saint-Dié-des-Vosges,,0.0,0.0,0.0,1.0,1.0,48.282,6.949,,1.0,penurie (vide)
velofluo,Grand Est,3a9d65f7e8ad7df174636d191c702b81,Bar-sur-Aube,0.8,4.0,1.0,5.0,0.0,0.0,48.238,4.707,4.0,0.0,penurie (vide)
velofluo,Grand Est,3e4a338408541faddeda43882cb87679,Obernai,1.0,9.0,0.0,9.0,0.0,1.0,48.462,7.489,9.0,1.0,saturation (pleine)
velofluo,Grand Est,3e88c5aced97906b31357f4fc9a20030,Revin,1.0,4.0,0.0,4.0,0.0,1.0,49.939,4.643,4.0,1.0,saturation (pleine)
velofluo,Grand Est,43dcaa41add1708c9949cf766420b7d0,Romilly-sur-Seine,1.0,5.0,0.0,5.0,0.0,1.0,48.514,3.729,5.0,1.0,saturation (pleine)
velofluo,Grand Est,4f8e852ae46586faae70ccf990207c30,Châlons-en-Champagne,,0.0,0.0,0.0,1.0,1.0,48.955,4.349,,1.0,penurie (vide)
velofluo,Grand Est,58169b090e8c020066eb2e1e9d74fb6c,Forbach,1.0,5.0,0.0,5.0,0.0,1.0,49.189,6.901,5.0,1.0,saturation (pleine)
velofluo,Grand Est,5dd0f12e1d3d2803a333e9e684ebc661,Reims,,0.0,0.0,0.0,1.0,1.0,49.259,4.022,,1.0,penurie (vide)
velofluo,Grand Est,65233d6dcbdb9353e344f3cd9db4e198,Verdun,,0.0,0.0,0.0,1.0,1.0,49.166,5.38,,1.0,penurie (vide)
velofluo,Grand Est,6fc0598ebe909d649dd258317ab0d61c,Saint-Louis,0.455,5.0,6.0,11.0,0.0,0.0,47.591,7.556,5.0,0.0,penurie (vide)
velofluo,Grand Est,70fdb68caf3badfe832c0ba7c55924fc,Soultz-sous-Forêts,0.8,4.0,1.0,5.0,0.0,0.0,48.935,7.883,4.0,0.0,penurie (vide)
velofluo,Grand Est,78777921b9546c353938069c60113509,Strasbourg,,0.0,0.0,0.0,1.0,1.0,48.584,7.735,,1.0,penurie (vide)
velofluo,Grand Est,83af7db39ac975fd1ba0265725d2e22e,Thionville,,0.0,0.0,0.0,1.0,1.0,49.354,6.17,,1.0,penurie (vide)
velofluo,Grand Est,88864173e64d8eb6d1517a4d57519cfb,Sarreguemines,0.9,9.0,1.0,10.0,0.0,0.0,49.107,7.069,9.0,0.0,penurie (vide)
velofluo,Grand Est,8c10083311ffa824ec85388f3bd7bfe0,Benfeld,1.0,10.0,0.0,10.0,0.0,1.0,48.373,7.584,10.0,1.0,saturation (pleine)
velofluo,Grand Est,8ee8054dbbe8888bf4530671618d8e88,Charleville-Mézières,,0.0,0.0,0.0,1.0,1.0,49.769,4.725,,1.0,penurie (vide)
velofluo,Grand Est,92aeba469412366feb76c08e23e6d821,Saverne,,0.0,0.0,0.0,1.0,1.0,48.744,7.362,,1.0,penurie (vide)
velofluo,Grand Est,96749b42ff6c8980620465313d9b6a8a,Munster,0.667,2.0,1.0,3.0,0.0,0.0,48.038,7.135,2.0,0.0,penurie (vide)
velofluo,Grand Est,98f6c2a4f9c00be205d5a529071098db,Épinal,,0.0,0.0,0.0,1.0,1.0,48.178,6.442,,1.0,penurie (vide)
velofluo,Grand Est,9dc550cd6eacd21c4168d43f04d0b77b,Schirmeck - La Broque,1.0,4.0,0.0,4.0,0.0,1.0,48.48,7.216,4.0,1.0,saturation (pleine)
velofluo,Grand Est,9f748fc7ce4c9338a79d4868fe4202f7,Bar-le-Duc,0.875,7.0,1.0,8.0,0.0,0.0,48.773,5.167,7.0,0.0,penurie (vide)
velofluo,Grand Est,a695d25294d59ccff63f90df63caefdf,Molsheim,,0.0,0.0,0.0,1.0,1.0,48.537,7.501,,1.0,penurie (vide)
velofluo,Grand Est,a82b1ad944e03beb193a5b03b3b12971,Pagny-sur-Moselle,1.0,5.0,0.0,5.0,0.0,1.0,48.985,6.025,5.0,1.0,saturation (pleine)
velofluo,Grand Est,a84120a3701c262c0141c486baf08a5c,Colmar,0.857,12.0,2.0,14.0,0.0,0.0,48.073,7.348,12.0,0.0,penurie (vide)
velofluo,Grand Est,aca2d5370ce9134f52d9861fa7049fcf,Sélestat,0.8,12.0,3.0,15.0,0.0,0.0,48.26,7.443,12.0,0.0,penurie (vide)
velofluo,Grand Est,add49091f23a2cf2da9fa0a51eda2ba9,Altkirch,0.8,4.0,1.0,5.0,0.0,0.0,47.627,7.239,4.0,0.0,penurie (vide)
velofluo,Grand Est,bd79698824153cddc805c0e5680a88d6,Hettange-Grande,0.75,9.0,3.0,12.0,0.0,0.0,49.407,6.157,9.0,0.0,penurie (vide)
velofluo,Grand Est,c26021eeb96f8d2c7600ad7a2ebab687,Hagondange,1.0,10.0,0.0,10.0,0.0,1.0,49.253,6.164,10.0,1.0,saturation (pleine)
velofluo,Grand Est,c4e65c5b33a06a7a1d89f7302b15d997,Rethel,1.0,5.0,0.0,5.0,0.0,1.0,49.505,4.37,5.0,1.0,saturation (pleine)
velofluo,Grand Est,c570c9fba0a20d828c051214824b496b,Commercy,1.0,5.0,0.0,5.0,0.0,1.0,48.766,5.589,5.0,1.0,saturation (pleine)
velofluo,Grand Est,c68d7d0ae3e8d6aa2d515c3b051f0007,Gambsheim,1.0,5.0,0.0,5.0,0.0,1.0,48.695,7.879,5.0,1.0,saturation (pleine)
velofluo,Grand Est,c8de708733681781518eaaf57a82b311,Troyes,,0.0,0.0,0.0,1.0,1.0,48.296,4.065,,1.0,penurie (vide)
velofluo,Grand Est,d03f8d21969d59144925285ffa4f00ab,Metz,,0.0,0.0,0.0,1.0,1.0,49.11,6.177,,1.0,penurie (vide)
velofluo,Grand Est,d87dc801737012633c144200af4e3703,Toul,,0.0,0.0,0.0,1.0,1.0,48.679,5.881,,1.0,penurie (vide)
velofluo,Grand Est,e5c7571578fa48903209c9aa3dc41658,Épernay,,0.0,0.0,0.0,1.0,1.0,49.046,3.96,,1.0,penurie (vide)
velofluo,Grand Est,e66ac9df673d16d31e57cc21d9c4dd59,Haguenau,0.933,14.0,1.0,15.0,0.0,0.0,48.813,7.783,14.0,0.0,penurie (vide)
velofluo,Grand Est,ed6cfafa6f32f9e6aece6446570c0314,Remiremont,0.8,4.0,1.0,5.0,0.0,0.0,48.016,6.599,4.0,0.0,penurie (vide)
velofluo,Grand Est,ef1699b5df2b9f1ccf3fb0a2523be5b0,Barr,1.0,5.0,0.0,5.0,0.0,1.0,48.404,7.457,5.0,1.0,saturation (pleine)
velofluo,Grand Est,f01982051eb7d7606c046a22d7e43517,Pont-à-Mousson,0.6,6.0,4.0,10.0,0.0,0.0,48.9,6.051,6.0,0.0,penurie (vide)
velomagg,Montpellier,0b946130caa8aa1d504a80ce61ed8960,Parvis Jules Ferry - Gare Saint-Roch,0.571,4.0,3.0,7.0,0.0,0.0,43.604,3.879,4.0,0.0,penurie (vide)
velomagg,Montpellier,0cd7dc7e28ec9665de2c6e5021034ee5,Sabines,0.571,4.0,3.0,7.0,0.0,0.0,43.584,3.86,4.0,0.0,penurie (vide)
velomagg,Montpellier,0f405bdb61ac724f41b316a5d6a60593,Jean de Beins,0.071,1.0,13.0,14.0,0.0,0.0,43.61,3.884,1.0,0.0,penurie (vide)
velomagg,Montpellier,12b8965e65c7a9305f0253f5ad8e0efd,Les Arceaux,0.5,4.0,4.0,8.0,0.0,0.0,43.613,3.868,4.0,0.0,penurie (vide)
velomagg,Montpellier,14eadb5dee875ff4a063c52a4daa0334,Place Albert 1er - St Charles,0.308,8.0,18.0,26.0,0.0,0.0,43.617,3.873,8.0,0.0,penurie (vide)
velomagg,Montpellier,1b49e3fd5fc38fdadbaaeb293e4c92f3,Hôtel du Département,0.125,1.0,7.0,8.0,0.0,0.0,43.622,3.835,1.0,0.0,penurie (vide)
velomagg,Montpellier,226f4678ed1886c3bd486b31de2e7f50,Foch,0.25,2.0,6.0,8.0,0.0,0.0,43.611,3.873,2.0,0.0,penurie (vide)
velomagg,Montpellier,304a45b07d5ac3bc6cc6073af65844f5,Fac des Sciences,0.208,5.0,19.0,24.0,0.0,0.0,43.631,3.861,5.0,0.0,penurie (vide)
velomagg,Montpellier,34bfd19c62d9d0358faf5689fe65dc89,Louis Blanc,0.25,4.0,12.0,16.0,0.0,0.0,43.615,3.878,4.0,0.0,penurie (vide)
velomagg,Montpellier,375526e7c2c6b307a8d85b600ada2d01,Voltaire,0.5,4.0,4.0,8.0,0.0,0.0,43.604,3.889,4.0,0.0,penurie (vide)
velomagg,Montpellier,3c1a7928b500e7ea45bff5997d479067,Malbosc,0.25,2.0,6.0,8.0,0.0,0.0,43.634,3.833,2.0,0.0,penurie (vide)
velomagg,Montpellier,567321db9a9ea01a8d1780ac4d6f45cc,Charles Flahault,0.75,6.0,2.0,8.0,0.0,0.0,43.622,3.867,6.0,0.0,penurie (vide)
velomagg,Montpellier,634da73815a15466db3f6e9c0f0fbbb6,Saint-Guilhem - Courreau,0.571,4.0,3.0,7.0,0.0,0.0,43.609,3.873,4.0,0.0,penurie (vide)
velomagg,Montpellier,673b1c64b6083156d8c9852abe8bc8d8,Port Marianne,0.938,15.0,1.0,16.0,0.0,0.0,43.6,3.899,15.0,0.0,penurie (vide)
velomagg,Montpellier,6a032a12cd591359a2eda394c263b1a7,Emile Combes,0.25,2.0,6.0,8.0,0.0,0.0,43.617,3.88,2.0,0.0,penurie (vide)
velomagg,Montpellier,6b325bfc31c46e21f4e978da68cdcb79,Jeu de Mail des Abbés,0.125,1.0,7.0,8.0,0.0,0.0,43.62,3.884,1.0,0.0,penurie (vide)
velomagg,Montpellier,6e515f7648498c1641569a25271f3c99,Celleneuve,0.25,2.0,6.0,8.0,0.0,0.0,43.615,3.833,2.0,0.0,penurie (vide)
velomagg,Montpellier,6e86afa6679445d4921ec17594660aea,Les Aubes,0.75,6.0,2.0,8.0,0.0,0.0,43.619,3.894,6.0,0.0,penurie (vide)
velomagg,Montpellier,6f1bdda947b57799f71a1be8299cdd8b,Hôtel de Ville,0.75,12.0,4.0,16.0,0.0,0.0,43.599,3.895,12.0,0.0,penurie (vide)
velomagg,Montpellier,759e034eb90e0ea60ba9c88fbe62015c,Rondelet,0.714,10.0,4.0,14.0,0.0,0.0,43.603,3.876,10.0,0.0,penurie (vide)
velomagg,Montpellier,784b1025fa22790c8029f46a1d80ab14,Renouvier,0.5,4.0,4.0,8.0,0.0,0.0,43.604,3.868,4.0,0.0,penurie (vide)
velomagg,Montpellier,7be421078b20c986ca83f2db15fcbd50,Richter,0.75,12.0,4.0,16.0,0.0,0.0,43.603,3.899,12.0,0.0,penurie (vide)
velomagg,Montpellier,8237f9416364cb62d24809cc23340f62,Aiguelongue,0.6,3.0,2.0,5.0,0.0,0.0,43.626,3.882,3.0,0.0,penurie (vide)
velomagg,Montpellier,879e201c7df7a5f743d952714e9a8fd8,Garcia Lorca,0.625,5.0,3.0,8.0,0.0,0.0,43.591,3.891,5.0,0.0,penurie (vide)
velomagg,Montpellier,8d393839d7eec11ba8279d0c272e12a2,Corum,0.364,4.0,7.0,11.0,0.0,0.0,43.614,3.882,4.0,0.0,penurie (vide)
velomagg,Montpellier,8dfaba903aa97e69d043de173559333f,Antigone centre,0.75,9.0,3.0,12.0,0.0,0.0,43.608,3.891,9.0,0.0,penurie (vide)
velomagg,Montpellier,93b06c13d51e5914ae5bab5d31bc3625,Rue Jules Ferry - Gare Saint-Roch,0.5,6.0,6.0,12.0,0.0,0.0,43.605,3.881,6.0,0.0,penurie (vide)
velomagg,Montpellier,9b9400d28fa7da5f84c76a3581c63f9b,Occitanie,0.312,10.0,22.0,32.0,0.0,0.0,43.636,3.85,10.0,0.0,penurie (vide)
velomagg,Montpellier,9bfb9706a028f609acccd947ad29bba6,Providence - Ovalie,0.25,2.0,6.0,8.0,0.0,0.0,43.588,3.853,2.0,0.0,penurie (vide)
velomagg,Montpellier,ae542d8bb53caed9a162722fd9eb5ac8,Pont de Lattes - Gare Saint-Roch,0.167,2.0,10.0,12.0,0.0,0.0,43.606,3.882,2.0,0.0,penurie (vide)
velomagg,Montpellier,b2c813f3476d738c055385ad3e90ecff,Cité Mion,0.625,5.0,3.0,8.0,0.0,0.0,43.601,3.884,5.0,0.0,penurie (vide)
velomagg,Montpellier,b43ffe6eedcfaa8bbeaf29fd64316fe5,Père Soulas,0.625,5.0,3.0,8.0,0.0,0.0,43.622,3.856,5.0,0.0,penurie (vide)
velomagg,Montpellier,b45a4b88a4472ad672107b54880fbd8a,Euromédecine,0.0,0.0,8.0,8.0,1.0,0.0,43.639,3.828,0.0,1.0,penurie (vide)
velomagg,Montpellier,b46e9cbc2594fea63928f460ae85fea9,Nouveau Saint-Roch,0.5,4.0,4.0,8.0,0.0,0.0,43.6,3.876,4.0,0.0,penurie (vide)
velomagg,Montpellier,b5c1f7c8316c45e57548725264c46a62,Jardin de la Lironde,0.875,7.0,1.0,8.0,0.0,0.0,43.606,3.912,7.0,0.0,penurie (vide)
velomagg,Montpellier,b93620586448821632b061cd1675e011,Tonnelles,0.875,7.0,1.0,8.0,0.0,0.0,43.615,3.839,7.0,0.0,penurie (vide)
velomagg,Montpellier,bb53a3b4f9bbe58f3d10bb8bcdc69e70,Médiathèque Emile Zola,0.625,10.0,6.0,16.0,0.0,0.0,43.608,3.893,10.0,0.0,penurie (vide)
velomagg,Montpellier,bb9db5483b053c3fb310c68d2d98a7c9,Pérols Etang de l'Or,0.147,10.0,58.0,68.0,0.0,0.0,43.558,3.963,10.0,0.0,penurie (vide)
velomagg,Montpellier,be38bd2e3eb7797aeb50d8e6aab59c13,Fac de Lettres,0.083,1.0,11.0,12.0,0.0,0.0,43.63,3.87,1.0,0.0,penurie (vide)
velomagg,Montpellier,c09d08978d3fbee780d89fd53b79fe1e,Plan Cabanes,0.083,1.0,11.0,12.0,0.0,0.0,43.608,3.868,1.0,0.0,penurie (vide)
velomagg,Montpellier,c484c018d4bc1f9e37e9575afd7ac69d,Gambetta,0.125,1.0,7.0,8.0,0.0,0.0,43.607,3.871,1.0,0.0,penurie (vide)
velomagg,Montpellier,c90b9607a6b6858a4eff3e0a6914b9d0,Comédie,0.667,12.0,6.0,18.0,0.0,0.0,43.608,3.879,12.0,0.0,penurie (vide)
velomagg,Montpellier,c97cc8da349560caef823f0c6247a7ff,Nombre d'Or,0.375,6.0,10.0,16.0,0.0,0.0,43.608,3.887,6.0,0.0,penurie (vide)
velomagg,Montpellier,cdeecd4d34a2b5ae59851200f24246dc,Vert Bois,0.188,3.0,13.0,16.0,0.0,0.0,43.635,3.871,3.0,0.0,penurie (vide)
velomagg,Montpellier,ce2ffbbb4d1c0f75d12abcec9a8f62d0,Marie Caizergues,0.625,5.0,3.0,8.0,0.0,0.0,43.62,3.874,5.0,0.0,penurie (vide)
velomagg,Montpellier,d3598abe8b76fd07f758a62754b5c242,Albert 1er - Cathédrale,0.0,0.0,12.0,12.0,1.0,0.0,43.614,3.873,0.0,1.0,penurie (vide)
velomagg,Montpellier,debacf8c5a0429fde432bdf4743dae0a,Sud De France,0.5,4.0,4.0,8.0,0.0,0.0,43.596,3.924,4.0,0.0,penurie (vide)
velomagg,Montpellier,df1b6e6ffd33077555619646aa2eb7d4,Boutonnet,0.5,6.0,6.0,12.0,0.0,0.0,43.623,3.868,6.0,0.0,penurie (vide)
velomagg,Montpellier,e065526cae28891feadd18522fdcefac,Prés d'Arènes,0.75,6.0,2.0,8.0,0.0,0.0,43.59,3.885,6.0,0.0,penurie (vide)
velomagg,Montpellier,f43a061a95929a9c2591c2373b45d84c,Place Viala,0.286,2.0,5.0,7.0,0.0,0.0,43.617,3.855,2.0,0.0,penurie (vide)
velomagg,Montpellier,f9ec0f0ec7a9b6b7011611c9b4be28b4,Observatoire,1.0,6.0,0.0,6.0,0.0,1.0,43.606,3.877,6.0,1.0,saturation (pleine)
velomagg,Montpellier,feceb7504031345cb31ee8a9cab6528c,Beaux-Arts,0.267,4.0,11.0,15.0,0.0,0.0,43.617,3.885,4.0,0.0,penurie (vide)
velomat,Saint-Malo,1352649a7324cb46cfe648ccf31c42a5,Jean Hus,,0.0,0.0,0.0,1.0,1.0,48.631,-2.001,,1.0,penurie (vide)
velomat,Saint-Malo,1d63914bce0a461202190d7c3f46e9e1,Aquamalo,1.0,10.0,0.0,10.0,0.0,1.0,48.608,-1.975,10.0,1.0,saturation (pleine)
velomat,Saint-Malo,208fc5e1429e9050225f9ba20a691112,Courtoisville,1.0,1.0,0.0,1.0,0.0,1.0,48.657,-1.996,1.0,1.0,saturation (pleine)
velomat,Saint-Malo,264468a73eec4af0b24c60814a4286e1,Campus,1.0,7.0,0.0,7.0,0.0,1.0,48.658,-1.97,7.0,1.0,saturation (pleine)
velomat,Saint-Malo,27b49c1a943ebf0d7bae45a92cdb84f6,Intramuros,1.0,16.0,0.0,16.0,0.0,1.0,48.65,-2.022,16.0,1.0,saturation (pleine)
velomat,Saint-Malo,2ccca8837042830ca97678edcb0a729c,Porte de Dinan,1.0,3.0,0.0,3.0,0.0,1.0,48.646,-2.026,3.0,1.0,saturation (pleine)
velomat,Saint-Malo,2ea86c2bb8f48f9b5d4fd41aacac8b67,Bas Sablons,1.0,1.0,0.0,1.0,0.0,1.0,48.636,-2.023,1.0,1.0,saturation (pleine)
velomat,Saint-Malo,38f88d6016402039802e997a340df6b2,Mairie de Saint-Servan ,1.0,1.0,0.0,1.0,0.0,1.0,48.638,-2.017,1.0,1.0,saturation (pleine)
velomat,Saint-Malo,46c7d98ce9029cd0f23aef4091c32c70,Paramé,1.0,9.0,0.0,9.0,0.0,1.0,48.658,-1.983,9.0,1.0,saturation (pleine)
velomat,Saint-Malo,4e014497a20d89dd22306c04865af9e9,Madeleine,,0.0,0.0,0.0,1.0,1.0,48.624,-1.991,,1.0,penurie (vide)
velomat,Saint-Malo,4e6dc408ee398586ceb4c6c4e388d4b9,Hôpital,1.0,3.0,0.0,3.0,0.0,1.0,48.638,-2.009,3.0,1.0,saturation (pleine)
velomat,Saint-Malo,4f05092f8f841732114c11ce38692003,ZI sud,1.0,9.0,0.0,9.0,0.0,1.0,48.637,-1.981,9.0,1.0,saturation (pleine)
velomat,Saint-Malo,573b1b218d2899d00dc1c69f1bbb630b,Lorette,,0.0,0.0,0.0,1.0,1.0,48.626,-2.001,,1.0,penurie (vide)
velomat,Saint-Malo,68a7b6002c0733073067ab58655d1105,Saint-Jouan Centre,1.0,5.0,0.0,5.0,0.0,1.0,48.599,-1.973,5.0,1.0,saturation (pleine)
velomat,Saint-Malo,7168e475a9614d8555f372449f694c1a,Roulais,1.0,2.0,0.0,2.0,0.0,1.0,48.634,-2.013,2.0,1.0,saturation (pleine)
velomat,Saint-Malo,909f14d18325f38053f588d29d133648,Bougainville,1.0,9.0,0.0,9.0,0.0,1.0,48.64,-1.993,9.0,1.0,saturation (pleine)
velomat,Saint-Malo,937f8f403d55f94e25b66344b19595d5,Château-Malo,1.0,10.0,0.0,10.0,0.0,1.0,48.614,-1.959,10.0,1.0,saturation (pleine)
velomat,Saint-Malo,97ff6d3c126fb7dd902940d7494803a3,P+R Féval,1.0,9.0,0.0,9.0,0.0,1.0,48.643,-1.994,9.0,1.0,saturation (pleine)
velomat,Saint-Malo,a7b32dce233d88150079fd63521577d6,Duguay-Trouin,1.0,2.0,0.0,2.0,0.0,1.0,48.652,-2.01,2.0,1.0,saturation (pleine)
velomat,Saint-Malo,a89558844b416092b2c24a90e7e40be6,Rothéneuf,1.0,2.0,0.0,2.0,0.0,1.0,48.681,-1.968,2.0,1.0,saturation (pleine)
velomat,Saint-Malo,aa6ae0ecc11611c1805fba5760f0fbf3,Davier,1.0,3.0,0.0,3.0,0.0,1.0,48.674,-1.981,3.0,1.0,saturation (pleine)
velomat,Saint-Malo,b100f4ccc245ac02571646662f59a48e,Gare,1.0,4.0,0.0,4.0,0.0,1.0,48.647,-2.005,4.0,1.0,saturation (pleine)
velomat,Saint-Malo,bf185db9150c7f5afc85e324defb4732,Pole Jeunesse,,0.0,0.0,0.0,1.0,1.0,48.634,-1.99,,1.0,penurie (vide)
velomat,Saint-Malo,d9c95fd59a4ecca5d8ac8d2a9343d0b1,Clinique,1.0,1.0,0.0,1.0,0.0,1.0,48.627,-1.984,1.0,1.0,saturation (pleine)
velomat,Saint-Malo,f440662f55f7458f04aedac5d2f892b8,Rochebonne,1.0,2.0,0.0,2.0,0.0,1.0,48.664,-1.988,2.0,1.0,saturation (pleine)
velomodalis,Ligne TER Royan - Angoulême,009cd564e46889ee323a1ea04100ca3c,Fléac - Gymnase,1.0,6.0,0.0,6.0,0.0,1.0,45.662,0.089,6.0,1.0,saturation (pleine)
velomodalis,Ligne TER Royan - Angoulême,06d178a17cc0409562f0da0d13dc2991,Brie - Mairie,1.0,3.0,0.0,3.0,0.0,1.0,45.74,0.241,3.0,1.0,saturation (pleine)
velomodalis,Ligne TER Royan - Angoulême,082f0b9bf0755792c7b3605eeeab7c5a,Touvre - Quai 55,1.0,1.0,0.0,1.0,0.0,1.0,45.658,0.248,1.0,1.0,saturation (pleine)
velomodalis,Ligne TER Royan - Angoulême,0ec37b499a929fa6561fa56f53a8ca89,Mouthiers - Mairie,1.0,5.0,0.0,5.0,0.0,1.0,45.554,0.124,5.0,1.0,saturation (pleine)
velomodalis,Ligne TER Royan - Angoulême,0f9badf13b1329639dec127fc9e43bf4,Claix - École,1.0,5.0,0.0,5.0,0.0,1.0,45.555,0.043,5.0,1.0,saturation (pleine)
velomodalis,Ligne TER Royan - Angoulême,1734b32c59cfed5e84f03006096e15f1,Saujon Richelieu,1.0,3.0,0.0,3.0,0.0,1.0,45.676,-0.925,3.0,1.0,saturation (pleine)
velomodalis,Ligne TER Royan - Angoulême,175a5c1a4dd09cdfba075e735aa6ab63,Mornac - Bourg,1.0,4.0,0.0,4.0,0.0,1.0,45.678,0.27,4.0,1.0,saturation (pleine)
velomodalis,Ligne TER Royan - Angoulême,195c507d749ca7ddc8906c54dbf78a34,Angoulême - Grande Garenne,1.0,8.0,0.0,8.0,0.0,1.0,45.648,0.128,8.0,1.0,saturation (pleine)
velomodalis,Ligne TER Royan - Angoulême,1b6b207ba8ad48708f30538fc094a7c9,Fléac – Bois Renaud,1.0,12.0,0.0,12.0,0.0,1.0,45.681,0.093,12.0,1.0,saturation (pleine)
velomodalis,Ligne TER Royan - Angoulême,1d882f9da62705da6d3084caf27118cc,Champniers - Viville,1.0,3.0,0.0,3.0,0.0,1.0,45.705,0.236,3.0,1.0,saturation (pleine)
velomodalis,Ligne TER Royan - Angoulême,1ed39cd842a467f5623a5ddd3ae04a2d,Royan Marché,,0.0,0.0,0.0,1.0,1.0,45.628,-1.031,,1.0,penurie (vide)
velomodalis,Ligne TER Royan - Angoulême,21347aaa59fbc55658c7074c8c1cd789,Angoulême - Place Victor Hugo,1.0,4.0,0.0,4.0,0.0,1.0,45.649,0.174,4.0,1.0,saturation (pleine)
velomodalis,Ligne TER Royan - Angoulême,260a85577bf47a1e7266d3ff5bbc91cc,Angoulême Hotel de Ville,1.0,9.0,0.0,9.0,0.0,1.0,45.649,0.156,9.0,1.0,saturation (pleine)
velomodalis,Ligne TER Royan - Angoulême,2869ae0e550774c4e700bdea290c6163,Gare SNCF Cognac,1.0,2.0,0.0,2.0,0.0,1.0,45.685,-0.326,2.0,1.0,saturation (pleine)
velomodalis,Ligne TER Royan - Angoulême,3715c22c7a16afcfc844c4fbc8aa7537,Angoulême Mulac,1.0,7.0,0.0,7.0,0.0,1.0,45.657,0.148,7.0,1.0,saturation (pleine)
velomodalis,Ligne TER Royan - Angoulême,397fdbdfc60f46ec4737e42768662907,Saint-Michel - Girac,1.0,3.0,0.0,3.0,0.0,1.0,45.635,0.124,3.0,1.0,saturation (pleine)
velomodalis,Ligne TER Royan - Angoulême,39f1a5e3cf95a8c6ed8f11ab83d23511,Cognac Tour Saint-Jacques,1.0,9.0,0.0,9.0,0.0,1.0,45.699,-0.33,9.0,1.0,saturation (pleine)
velomodalis,Ligne TER Royan - Angoulême,3b8d2647bf071436016b83c73bd0245b,Royan Lycée Cordouan,1.0,5.0,0.0,5.0,0.0,1.0,45.621,-1.004,5.0,1.0,saturation (pleine)
velomodalis,Ligne TER Royan - Angoulême,3ef5676a68c77b87480b5db3f11c3a5b,Gare SNCF Saintes,1.0,10.0,0.0,10.0,0.0,1.0,45.749,-0.618,10.0,1.0,saturation (pleine)
velomodalis,Ligne TER Royan - Angoulême,423a7affd8b1c3c31150bcccc247de84,Saint-Palais-sur-Mer,1.0,2.0,0.0,2.0,0.0,1.0,45.643,-1.089,2.0,1.0,saturation (pleine)
velomodalis,Ligne TER Royan - Angoulême,483f49785ca2a06fd0569cfc3465658c,Cognac Le Castel,1.0,2.0,0.0,2.0,0.0,1.0,45.675,-0.311,2.0,1.0,saturation (pleine)
velomodalis,Ligne TER Royan - Angoulême,4864237fb904f3339951cc857faed448,Saintes Hôpital ,,0.0,0.0,0.0,1.0,1.0,45.746,-0.657,,1.0,penurie (vide)
velomodalis,Ligne TER Royan - Angoulême,50727255b18be6144022482f2d09efc4,Châteauneuf-sur-Charente-Le Bain des Dames,1.0,2.0,0.0,2.0,0.0,1.0,45.598,-0.044,2.0,1.0,saturation (pleine)
velomodalis,Ligne TER Royan - Angoulême,5083fbbe05b6a205b3d8f7ab8148892d,Soyaux - Marché Petit,1.0,6.0,0.0,6.0,0.0,1.0,45.642,0.19,6.0,1.0,saturation (pleine)
velomodalis,Ligne TER Royan - Angoulême,5269d72f709477c47a0ddd9a4dc88feb,Cognac Borderies,1.0,6.0,0.0,6.0,0.0,1.0,45.69,-0.351,6.0,1.0,saturation (pleine)
velomodalis,Ligne TER Royan - Angoulême,57eff99b20a31319f279bcfe11e706c4,Gare SNCF Angoulême,1.0,7.0,0.0,7.0,0.0,1.0,45.654,0.165,7.0,1.0,saturation (pleine)
velomodalis,Ligne TER Royan - Angoulême,5863b9390d78e7480b09564ff66031f7,Ruelle - Fonderie,1.0,2.0,0.0,2.0,0.0,1.0,45.678,0.225,2.0,1.0,saturation (pleine)
velomodalis,Ligne TER Royan - Angoulême,5e8c0b4e44f491bde5373316c0c51a79,Gare SNCF Saujon,1.0,4.0,0.0,4.0,0.0,1.0,45.666,-0.929,4.0,1.0,saturation (pleine)
velomodalis,Ligne TER Royan - Angoulême,612b92ba8be9845101ba0b57f9271fc6,Gare SNCF Jarnac,1.0,6.0,0.0,6.0,0.0,1.0,45.672,-0.178,6.0,1.0,saturation (pleine)
velomodalis,Ligne TER Royan - Angoulême,64cb784f039024c82aa0cd9f3317fe66,Puymoyen - Mairie,1.0,5.0,0.0,5.0,0.0,1.0,45.615,0.18,5.0,1.0,saturation (pleine)
velomodalis,Ligne TER Royan - Angoulême,68cc083ed71b1d4b09816497891a296d,Angoulême - 3 Chênes,1.0,1.0,0.0,1.0,0.0,1.0,45.652,0.118,1.0,1.0,saturation (pleine)
velomodalis,Ligne TER Royan - Angoulême,69c08643ce84fc20f6e6a2bdd459949f,Cognac-Lycée Jean Monnet,1.0,1.0,0.0,1.0,0.0,1.0,45.7,-0.318,1.0,1.0,saturation (pleine)
velomodalis,Ligne TER Royan - Angoulême,6b14309a23dc86b9bd2a9795d4078311,Jauldes - Mairie,1.0,5.0,0.0,5.0,0.0,1.0,45.785,0.257,5.0,1.0,saturation (pleine)
velomodalis,Ligne TER Royan - Angoulême,6bdf4af679712dcdf528246a0d81d584,La Couronne - Campus,1.0,5.0,0.0,5.0,0.0,1.0,45.625,0.123,5.0,1.0,saturation (pleine)
velomodalis,Ligne TER Royan - Angoulême,6df05136855f1d4572ec1523c0567381,Jarnac - Place du Château ,1.0,2.0,0.0,2.0,0.0,1.0,45.679,-0.174,2.0,1.0,saturation (pleine)
velomodalis,Ligne TER Royan - Angoulême,6ed06ceedf52327b55692da4e65c37a4,Soyaux - Place du Lac,1.0,6.0,0.0,6.0,0.0,1.0,45.646,0.204,6.0,1.0,saturation (pleine)
velomodalis,Ligne TER Royan - Angoulême,7363e79166f4cb7d695ddc9cfdf75f9b,Torsac - Place Blanche,1.0,6.0,0.0,6.0,0.0,1.0,45.565,0.214,6.0,1.0,saturation (pleine)
velomodalis,Ligne TER Royan - Angoulême,761fa6d7bfbf6d7014235a65504db102,Royan Port de Royan,1.0,8.0,0.0,8.0,0.0,1.0,45.622,-1.029,8.0,1.0,saturation (pleine)
velomodalis,Ligne TER Royan - Angoulême,781fcb81b3379a53a75830b2b9cfbf8f,Vœuil-et-Giget - Centre Sportif,1.0,6.0,0.0,6.0,0.0,1.0,45.592,0.148,6.0,1.0,saturation (pleine)
velomodalis,Ligne TER Royan - Angoulême,79156db1906ec7fa68b715d49a619bc3,Voulgézac - Marie,1.0,5.0,0.0,5.0,0.0,1.0,45.512,0.12,5.0,1.0,saturation (pleine)
velomodalis,Ligne TER Royan - Angoulême,7aa743d153513ae300d32a9e6a64fc49,Marché Vaux-Sur-Mer,1.0,2.0,0.0,2.0,0.0,1.0,45.645,-1.061,2.0,1.0,saturation (pleine)
velomodalis,Ligne TER Royan - Angoulême,7af609826191e7dfa20853c17dbacb7c,Saintes - Chadignac,,0.0,0.0,0.0,1.0,1.0,45.721,-0.662,,1.0,penurie (vide)
velomodalis,Ligne TER Royan - Angoulême,7fda3184981f80862a164240d96fa406,Saint-Michel - Espace commercial,1.0,7.0,0.0,7.0,0.0,1.0,45.638,0.112,7.0,1.0,saturation (pleine)
velomodalis,Ligne TER Royan - Angoulême,807aeb99587c22eb82d69f6b37fdac27,Saintes Perat,1.0,2.0,0.0,2.0,0.0,1.0,45.747,-0.623,2.0,1.0,saturation (pleine)
velomodalis,Ligne TER Royan - Angoulême,82ad3b664f2bc9ba8a91f503694fdb15,Saintes Lycée Bellevue,1.0,4.0,0.0,4.0,0.0,1.0,45.738,-0.643,4.0,1.0,saturation (pleine)
velomodalis,Ligne TER Royan - Angoulême,8386811622a98e4fb2d8778097172d05,Cognac X'eau,1.0,2.0,0.0,2.0,0.0,1.0,45.689,-0.307,2.0,1.0,saturation (pleine)
velomodalis,Ligne TER Royan - Angoulême,84fb5ecfd3d9f25c876a11e4285c08c3,Cognac Pôle Gambetta,1.0,5.0,0.0,5.0,0.0,1.0,45.692,-0.329,5.0,1.0,saturation (pleine)
velomodalis,Ligne TER Royan - Angoulême,851aa6a8728c9c22738574962c55d8a8,Cognac Ancien Hôpital,1.0,2.0,0.0,2.0,0.0,1.0,45.68,-0.337,2.0,1.0,saturation (pleine)
velomodalis,Ligne TER Royan - Angoulême,908ce658ba236efbe3922d7c0b95aec9,L'Isle-d’Espagnac - Espace Brassens,1.0,7.0,0.0,7.0,0.0,1.0,45.665,0.2,7.0,1.0,saturation (pleine)
velomodalis,Ligne TER Royan - Angoulême,92de9b7cc54cda96687cdcfb8331c353,Sireuil - Place des sports,1.0,9.0,0.0,9.0,0.0,1.0,45.613,0.011,9.0,1.0,saturation (pleine)
velomodalis,Ligne TER Royan - Angoulême,940e8e01227e71d5ffdb5d74438b97f2,Roullet - Église de Roullet,1.0,4.0,0.0,4.0,0.0,1.0,45.583,0.047,4.0,1.0,saturation (pleine)
velomodalis,Ligne TER Royan - Angoulême,949666f300b9e6f44e81aa8072a68a9b,Cognac-Lycée Delage,1.0,1.0,0.0,1.0,0.0,1.0,45.689,-0.315,1.0,1.0,saturation (pleine)
velomodalis,Ligne TER Royan - Angoulême,958b81f90d0dc3e95744765710cafb6d,Saint-Saturnin - Salle de Sports,1.0,6.0,0.0,6.0,0.0,1.0,45.661,0.042,6.0,1.0,saturation (pleine)
velomodalis,Ligne TER Royan - Angoulême,976537dba61e6008b206857c321f3414,Dignac - Clef d'Or,1.0,4.0,0.0,4.0,0.0,1.0,45.555,0.277,4.0,1.0,saturation (pleine)
velomodalis,Ligne TER Royan - Angoulême,9c964c0dd3fa748eb2b5c17900b234d3,Garat - Ste Catherine,1.0,4.0,0.0,4.0,0.0,1.0,45.623,0.251,4.0,1.0,saturation (pleine)
velomodalis,Ligne TER Royan - Angoulême,9fd54ce5c692cae6cf054d77482a6f6b,Linars - 4 routes,1.0,7.0,0.0,7.0,0.0,1.0,45.656,0.084,7.0,1.0,saturation (pleine)
velomodalis,Ligne TER Royan - Angoulême,9fddde26860053b8a54ec5842993d90e,Saint-Yrieix - Mairie,1.0,11.0,0.0,11.0,0.0,1.0,45.675,0.127,11.0,1.0,saturation (pleine)
velomodalis,Ligne TER Royan - Angoulême,a6e9f6f93fa1a35cab7bd6d7928ecc01,Angoulême Lisa,1.0,11.0,0.0,11.0,0.0,1.0,45.633,0.154,11.0,1.0,saturation (pleine)
velomodalis,Ligne TER Royan - Angoulême,a79e740cf4bd876d1c4d1ee146fe2572,Trois-Palis - Mairie,1.0,9.0,0.0,9.0,0.0,1.0,45.643,0.054,9.0,1.0,saturation (pleine)
velomodalis,Ligne TER Royan - Angoulême,aaa536413c2af0f676e7a6f9ecd9a149,Saintes Auberge de Jeunesse ,1.0,3.0,0.0,3.0,0.0,1.0,45.743,-0.626,3.0,1.0,saturation (pleine)
velomodalis,Ligne TER Royan - Angoulême,ab6752c13125465cd4f394fe8b67250a,Châteaubernard-Pôle Santé,1.0,2.0,0.0,2.0,0.0,1.0,45.683,-0.298,2.0,1.0,saturation (pleine)
velomodalis,Ligne TER Royan - Angoulême,ad50041316226105ec521b2b582ca2f1,Vouzan - Église,1.0,2.0,0.0,2.0,0.0,1.0,45.603,0.356,2.0,1.0,saturation (pleine)
velomodalis,Ligne TER Royan - Angoulême,b5ad46233b6136082a2856eeee1fb50d,Angoulême - Champ de Mars,1.0,8.0,0.0,8.0,0.0,1.0,45.65,0.163,8.0,1.0,saturation (pleine)
velomodalis,Ligne TER Royan - Angoulême,b8454cc081499a599284de7516c3234d,Nersac - Mairie,1.0,12.0,0.0,12.0,0.0,1.0,45.626,0.051,12.0,1.0,saturation (pleine)
velomodalis,Ligne TER Royan - Angoulême,ba1a1721e7952b0372bbdb0663cc8d7c,Angoulême Jean Monnet,1.0,10.0,0.0,10.0,0.0,1.0,45.643,0.136,10.0,1.0,saturation (pleine)
velomodalis,Ligne TER Royan - Angoulême,bae1dd5a7025da190a24a9f60a111af2,Bouëx - Mairie,1.0,5.0,0.0,5.0,0.0,1.0,45.616,0.318,5.0,1.0,saturation (pleine)
velomodalis,Ligne TER Royan - Angoulême,bbc1265a4d91af2382432ccb887dcd7b,L’Isle-d’Espagnac - Z.I. 3 Bastié,1.0,3.0,0.0,3.0,0.0,1.0,45.67,0.184,3.0,1.0,saturation (pleine)
velomodalis,Ligne TER Royan - Angoulême,bc8a5e785786fd99ef8b18af03952cc6,Saintes Gare Routière ,1.0,5.0,0.0,5.0,0.0,1.0,45.746,-0.638,5.0,1.0,saturation (pleine)
velomodalis,Ligne TER Royan - Angoulême,bcd4f0164cb5c7d4e0fbb21b702b2f41,Plassac-Rouffiac - Plassac,1.0,5.0,0.0,5.0,0.0,1.0,45.527,0.064,5.0,1.0,saturation (pleine)
velomodalis,Ligne TER Royan - Angoulême,bf46f092d2e604b9edcb27c015508a49,Saintes Bellevue,1.0,8.0,0.0,8.0,0.0,1.0,45.733,-0.643,8.0,1.0,saturation (pleine)
velomodalis,Ligne TER Royan - Angoulême,c3d53de41e5c137448f8121cc90b0118,Roullet - École St-Estèphe,1.0,5.0,0.0,5.0,0.0,1.0,45.58,0.013,5.0,1.0,saturation (pleine)
velomodalis,Ligne TER Royan - Angoulême,c63d69d7a0adc79cf2875801e9252021,Royan Lycée Atlantique,1.0,2.0,0.0,2.0,0.0,1.0,45.634,-1.018,2.0,1.0,saturation (pleine)
velomodalis,Ligne TER Royan - Angoulême,c9926da63c16c3a77485f36fb20039b2,Balzac - Mairie,1.0,5.0,0.0,5.0,0.0,1.0,45.712,0.138,5.0,1.0,saturation (pleine)
velomodalis,Ligne TER Royan - Angoulême,d2f56a2fa3fd7de52e59a247c8a6af70,Marsac - Mairie,1.0,8.0,0.0,8.0,0.0,1.0,45.746,0.076,8.0,1.0,saturation (pleine)
velomodalis,Ligne TER Royan - Angoulême,d7417009e0899d1925d066fef5498347,Ruelle - Mme Curie,1.0,2.0,0.0,2.0,0.0,1.0,45.678,0.236,2.0,1.0,saturation (pleine)
velomodalis,Ligne TER Royan - Angoulême,da845f971e76375cc2dd1e9a97c0bea6,Vindelle - Baignade,1.0,10.0,0.0,10.0,0.0,1.0,45.719,0.122,10.0,1.0,saturation (pleine)
velomodalis,Ligne TER Royan - Angoulême,dbd09afc5049dab5a288cc148aaf1c2b,Gond-Pontouvre - Mairie,1.0,4.0,0.0,4.0,0.0,1.0,45.669,0.166,4.0,1.0,saturation (pleine)
velomodalis,Ligne TER Royan - Angoulême,e060e726cb819dff0326c6a499472810,Soyaux - Jaufertie,1.0,11.0,0.0,11.0,0.0,1.0,45.637,0.205,11.0,1.0,saturation (pleine)
velomodalis,Ligne TER Royan - Angoulême,e1b39162918643edce5fa7b809d979dc,Saintes Lycée Palissy,,0.0,0.0,0.0,1.0,1.0,45.736,-0.614,,1.0,penurie (vide)
velomodalis,Ligne TER Royan - Angoulême,e425255f6cd58f475f38786f561cc7ca,Gare SNCF Royan,1.0,3.0,0.0,3.0,0.0,1.0,45.626,-1.018,3.0,1.0,saturation (pleine)
velomodalis,Ligne TER Royan - Angoulême,e4da78c14df1c5cd436f81ecea348661,Saintes Saint Pierre,1.0,4.0,0.0,4.0,0.0,1.0,45.745,-0.63,4.0,1.0,saturation (pleine)
velomodalis,Ligne TER Royan - Angoulême,e5e70ecb89f35fd6d48badac590a559a,Angoulême Plan d'eau,1.0,8.0,0.0,8.0,0.0,1.0,45.686,0.147,8.0,1.0,saturation (pleine)
velomodalis,Ligne TER Royan - Angoulême,f1a5b277e27311b79ef24981998dc8a4,Asnières - Église,1.0,6.0,0.0,6.0,0.0,1.0,45.711,0.047,6.0,1.0,saturation (pleine)
velomodalis,Ligne TER Royan - Angoulême,f3937cb95c124320dd7b1fb171e0d914,Angoulême Parc Expo Carat,1.0,5.0,0.0,5.0,0.0,1.0,45.67,0.208,5.0,1.0,saturation (pleine)
velomodalis,Ligne TER Royan - Angoulême,f5e7af90338f4c572fd6adebdb3c9485,Dirac - L’école des saveurs,1.0,4.0,0.0,4.0,0.0,1.0,45.603,0.248,4.0,1.0,saturation (pleine)
velomodalis,Ligne TER Royan - Angoulême,f6c7db4bcd3b11bc0b2039b25e653eb3,Angoulême La Couronne Gare,1.0,5.0,0.0,5.0,0.0,1.0,45.605,0.101,5.0,1.0,saturation (pleine)
velomodalis,Ligne TER Royan - Angoulême,fb298cddd8d3a53742e5a75e1e005dd9,Magnac - Mairie,1.0,4.0,0.0,4.0,0.0,1.0,45.666,0.236,4.0,1.0,saturation (pleine)
velomodalis,Ligne TER Royan - Angoulême,fb4fa5f364419fc3fff34eb4d5008670,Sers - Bourg,1.0,5.0,0.0,5.0,0.0,1.0,45.597,0.322,5.0,1.0,saturation (pleine)
velomodalis,Ligne TER Royan - Angoulême,fc0e2eadfe5b0d4b35197bd5527457e2,Royan Pontaillac,1.0,4.0,0.0,4.0,0.0,1.0,45.628,-1.053,4.0,1.0,saturation (pleine)
velomodalis,Ligne TER Royan - Angoulême,fc6f5a99a919f5f4097fea38df2ec7a1,Champniers - Bourg Médiathèque,1.0,6.0,0.0,6.0,0.0,1.0,45.714,0.206,6.0,1.0,saturation (pleine)
velonecy,Annecy,032eefecf5009134095cb57cb85c0c2a,Annecy - Place des Romains,0.4,4.0,6.0,10.0,0.0,0.0,45.907,6.123,4.0,0.0,penurie (vide)
velonecy,Annecy,0394b5a5ba6cf57fe34dbfda91bbd8aa,Alby-sur-Chéran - Centre-Bourg,1.0,20.0,0.0,20.0,0.0,1.0,45.819,6.022,20.0,1.0,saturation (pleine)
velonecy,Annecy,03f2030b3978e12be4015210ce5925e5,Annecy - Sur les Bois,0.5,5.0,5.0,10.0,0.0,0.0,45.922,6.17,5.0,0.0,penurie (vide)
velonecy,Annecy,08902b502e889427245320fcc1a1acef,Fillière - Thorens-Glières,0.4,4.0,6.0,10.0,0.0,0.0,45.997,6.247,4.0,0.0,penurie (vide)
velonecy,Annecy,09ec5cb37b83737506b6f1961d97f469,Argonay Chef-Lieu,0.1,1.0,9.0,10.0,0.0,0.0,45.945,6.139,1.0,0.0,penurie (vide)
velonecy,Annecy,0bfbadb966fb4e72127a47e645a7b56b,Fillière - Les Ollières,0.0,0.0,10.0,10.0,1.0,0.0,45.979,6.182,0.0,1.0,penurie (vide)
velonecy,Annecy,0c065a26d55939ed2d47cb6cde372cc6,Epagny Metz-Tessy - Hôpital d'Annecy,1.0,11.0,0.0,11.0,0.0,1.0,45.935,6.118,11.0,1.0,saturation (pleine)
velonecy,Annecy,0d43013687fd7ec821b50bad37179ada,Argonay - Salle Polyvalente,0.1,1.0,9.0,10.0,0.0,0.0,45.94,6.141,1.0,0.0,penurie (vide)
velonecy,Annecy,139cd73a7c827ecb215a034cf59ffd57,Annecy - Cimetière Glaisins,0.3,3.0,7.0,10.0,0.0,0.0,45.927,6.152,3.0,0.0,penurie (vide)
velonecy,Annecy,166078bf6b904bdbed6f83b908e15844,Bluffy - Mairie,0.2,2.0,8.0,10.0,0.0,0.0,45.869,6.218,2.0,0.0,penurie (vide)
velonecy,Annecy,16b9d3b36e2801e4225f07267124b8ab,Annecy - Petit Port,0.6,12.0,8.0,20.0,0.0,0.0,45.906,6.156,12.0,0.0,penurie (vide)
velonecy,Annecy,181e8b0d5ff7e06f6775e37cbe88029c,Chainaz-les-Frasses - Salle des fêtes,0.5,5.0,5.0,10.0,0.0,0.0,45.779,5.996,5.0,0.0,penurie (vide)
velonecy,Annecy,196f125fead0ab4d6b75c4ce099522e7,Annecy - Vieugy,0.0,0.0,10.0,10.0,1.0,0.0,45.862,6.084,0.0,1.0,penurie (vide)
velonecy,Annecy,1b05ede36cd2755b0e81956b32736348,Annecy - Mairie de Pringy,0.1,1.0,9.0,10.0,0.0,0.0,45.947,6.122,1.0,0.0,penurie (vide)
velonecy,Annecy,22b519cfe58b727547348f19e33d42e0,Annecy - Proméry,0.4,4.0,6.0,10.0,0.0,0.0,45.955,6.113,4.0,0.0,penurie (vide)
velonecy,Annecy,31397de349ea37216a209acceaa13746,Annecy - Albigny,0.4,8.0,12.0,20.0,0.0,0.0,45.905,6.143,8.0,0.0,penurie (vide)
velonecy,Annecy,367970b80bc9c37d9c71d42924a85b04,Chavanod - Stade,0.667,6.0,3.0,9.0,0.0,0.0,45.882,6.052,6.0,0.0,penurie (vide)
velonecy,Annecy,43a4eba60028f4c16d8091ec09cef68b,Annecy - Quai de la Tournette,0.5,10.0,10.0,20.0,0.0,0.0,45.898,6.132,10.0,0.0,penurie (vide)
velonecy,Annecy,453d1fe27505faa653a33dfb4d098bbc,Poisy - Creusettes,0.125,1.0,7.0,8.0,0.0,0.0,45.918,6.084,1.0,0.0,penurie (vide)
velonecy,Annecy,47048b9e3844f7669b62266b60d786ca,Annecy - Max Bruchet,0.333,3.0,6.0,9.0,0.0,0.0,45.911,6.124,3.0,0.0,penurie (vide)
velonecy,Annecy,48b3bbc2d603dfbcc9be0bfda669b5e1,Menthon-Saint-Bernard - Village,1.0,14.0,0.0,14.0,0.0,1.0,45.861,6.199,14.0,1.0,saturation (pleine)
velonecy,Annecy,4ce10a90a2b5705b3e272e62b461d55f,Nâves-Parmelan - Parking Centre,0.3,3.0,7.0,10.0,0.0,0.0,45.934,6.189,3.0,0.0,penurie (vide)
velonecy,Annecy,4e356091c80f02a36d31ae9430c578ab,Annecy - Centre-Ville Meythet,0.5,5.0,5.0,10.0,0.0,0.0,45.916,6.091,5.0,0.0,penurie (vide)
velonecy,Annecy,5003cff576ea895fe2a8e4788c62c70e,Annecy - Vignières Pommaries,0.0,0.0,10.0,10.0,1.0,0.0,45.915,6.147,0.0,1.0,penurie (vide)
velonecy,Annecy,54b7d7dfaf7195da9f85cdb735e518a6,Veyrier-du-Lac - Parking Tennis,0.5,5.0,5.0,10.0,0.0,0.0,45.879,6.178,5.0,0.0,penurie (vide)
velonecy,Annecy,5725a202e81d05a3245cfa0e6ea913e2,Annecy - Gare SNCF,0.138,4.0,25.0,29.0,0.0,0.0,45.902,6.121,4.0,0.0,penurie (vide)
velonecy,Annecy,6b3a1f5d8217307430447012a9500494,Annecy - Costa de Beauregard,0.3,3.0,7.0,10.0,0.0,0.0,45.88,6.097,3.0,0.0,penurie (vide)
velonecy,Annecy,6e87932fb15a037e6163304895f704ef,Sillingy - Les Bains,0.6,6.0,4.0,10.0,0.0,0.0,45.943,6.068,6.0,0.0,penurie (vide)
velonecy,Annecy,717cf21488cd7c00e3f78631a18b14a2,Gruffy - Centre-Bourg,0.2,2.0,8.0,10.0,0.0,0.0,45.789,6.054,2.0,0.0,penurie (vide)
velonecy,Annecy,7453b1ee21eb9a6e81682afadb68e69b,Annecy – Ferrières,0.0,0.0,10.0,10.0,1.0,0.0,45.967,6.089,0.0,1.0,penurie (vide)
velonecy,Annecy,75bc19f7d7f2e282a312742bb0d6f6ef,Viuz-la-Chiésaz - Chef-Lieu,0.5,5.0,5.0,10.0,0.0,0.0,45.809,6.063,5.0,0.0,penurie (vide)
velonecy,Annecy,77dca0df16fee2eb725b27e3f6847b63,Groisy - Gare,0.0,0.0,10.0,10.0,1.0,0.0,46.011,6.176,0.0,1.0,penurie (vide)
velonecy,Annecy,78a0639b9f2413bfe16b1327044e138b,Annecy - Vernay,0.0,0.0,10.0,10.0,1.0,0.0,45.91,6.113,0.0,1.0,penurie (vide)
velonecy,Annecy,794afdbf08691fa26f256433248adc78,Poisy - Centre-Ville,0.778,7.0,2.0,9.0,0.0,0.0,45.922,6.063,7.0,0.0,penurie (vide)
velonecy,Annecy,7c5536307acfa7c04527263732d0f84c,Annecy - Parc des Glaisins,1.0,14.0,0.0,14.0,0.0,1.0,45.927,6.165,14.0,1.0,saturation (pleine)
velonecy,Annecy,7ef399bf4343575c11ea8833ad6a5f88,Quintal - La Croix Ronde,0.1,1.0,9.0,10.0,0.0,0.0,45.844,6.084,1.0,0.0,penurie (vide)
velonecy,Annecy,852ce36792e0b5f494ae97de043d623c,Annecy - Novel,0.3,3.0,7.0,10.0,0.0,0.0,45.917,6.133,3.0,0.0,penurie (vide)
velonecy,Annecy,864e4b38520bfb7c19f7d09b28e47566,Annecy - Espace Vallon,0.667,6.0,3.0,9.0,0.0,0.0,45.904,6.101,6.0,0.0,penurie (vide)
velonecy,Annecy,8936aa96843c66280f7b4cf996a08652,Épagny Metz-Tessy - Tuilerie,0.4,4.0,6.0,10.0,0.0,0.0,45.935,6.084,4.0,0.0,penurie (vide)
velonecy,Annecy,8f07db3137a597f30a823b66bffbeae1,Alby-sur-Chéran - Collège,0.1,1.0,9.0,10.0,0.0,0.0,45.806,6.013,1.0,0.0,penurie (vide)
velonecy,Annecy,90e3972c888374981813355dd43deefb,Annecy - Patinoire Jean Régis,0.3,3.0,7.0,10.0,0.0,0.0,45.921,6.122,3.0,0.0,penurie (vide)
velonecy,Annecy,968b915ea372fb3a6d00ef7f2bbd7f61,Saint-Jorioz - Plage,0.0,0.0,7.0,7.0,1.0,0.0,45.843,6.172,0.0,1.0,penurie (vide)
velonecy,Annecy,970707d8abe09fecc4b11de25fdd3e14,Annecy - Bonlieu,0.5,10.0,10.0,20.0,0.0,0.0,45.901,6.127,10.0,0.0,penurie (vide)
velonecy,Annecy,980c458043f040ba9c67fffaa684111f,Duingt - Centre-Bourg,0.778,7.0,2.0,9.0,0.0,0.0,45.826,6.201,7.0,0.0,penurie (vide)
velonecy,Annecy,99ba67732ec527ff85f28cd31ef67e55,Saint-Félix - Centre-Bourg,1.0,10.0,0.0,10.0,0.0,1.0,45.801,5.973,10.0,1.0,saturation (pleine)
velonecy,Annecy,9add64537a03580db746d65b58d486af,Charvonnex - Parking Mairie,0.1,1.0,9.0,10.0,0.0,0.0,45.978,6.158,1.0,0.0,penurie (vide)
velonecy,Annecy,9c7c1c7a19c57e45a51c59699eb2e328,Fillière - Évires,0.5,5.0,5.0,10.0,0.0,0.0,46.038,6.224,5.0,0.0,penurie (vide)
velonecy,Annecy,9ce8cbcfadc1792e4e56d922227b14f8,Talloires-Montmin - Perroix,1.0,10.0,0.0,10.0,0.0,1.0,45.848,6.214,10.0,1.0,saturation (pleine)
velonecy,Annecy,9f2ba13ff22eabe0cff3160777793325,Chapeiry - Centre-Bourg,0.4,2.0,3.0,5.0,0.0,0.0,45.845,6.037,2.0,0.0,penurie (vide)
velonecy,Annecy,a07d5b14c75dcdadd7bf335ef5130339,Annecy - IUT Campus,0.778,7.0,2.0,9.0,0.0,0.0,45.92,6.155,7.0,0.0,penurie (vide)
velonecy,Annecy,a212d7f1b844739434200c55f343c1e8,Annecy – Saint-Michel-UCLy,0.3,3.0,7.0,10.0,0.0,0.0,45.89,6.123,3.0,0.0,penurie (vide)
velonecy,Annecy,a2fd693dd6875c99b312ba83ee29e929,Sillingy - Collège,0.9,9.0,1.0,10.0,0.0,0.0,45.951,6.037,9.0,0.0,penurie (vide)
velonecy,Annecy,ac386b7f4528bf18aed2c436e2077f28,Annecy - Place du marché Champ Fleuri,0.0,0.0,10.0,10.0,1.0,0.0,45.888,6.099,0.0,1.0,penurie (vide)
velonecy,Annecy,ace3639fdabb35d7bcc818508504a76f,Annecy - Léandre Vaillat,0.0,0.0,10.0,10.0,1.0,0.0,45.922,6.13,0.0,1.0,penurie (vide)
velonecy,Annecy,ba036e57d75819ca2144cdb2dac33778,Annecy - Les Bressis,0.1,1.0,9.0,10.0,0.0,0.0,45.893,6.102,1.0,0.0,penurie (vide)
velonecy,Annecy,ba943801d8d79d098409d911c30c765f,Mûres - le Faraudet,1.0,12.0,0.0,12.0,0.0,1.0,45.807,6.039,12.0,1.0,saturation (pleine)
velonecy,Annecy,c1cd6ebe916825428b0e6d8118f33f64,Annecy - Courier,1.0,20.0,0.0,20.0,0.0,1.0,45.903,6.124,20.0,1.0,saturation (pleine)
velonecy,Annecy,c48fc397f66dee2d1069556513247c0a,Fillière - Gare St-Martin-Bellevue,0.2,2.0,8.0,10.0,0.0,0.0,45.968,6.158,2.0,0.0,penurie (vide)
velonecy,Annecy,c4a8c622026578b9c574f2f6e967746d,Héry-sur-Alby - Centre-Bourg,0.167,2.0,10.0,12.0,0.0,0.0,45.798,6.013,2.0,0.0,penurie (vide)
velonecy,Annecy,c64ff6e1b971bbbc0ca68fe63d0b8732,Fillière - Chez Mouthon St-Martin-Bellevue,0.2,2.0,8.0,10.0,0.0,0.0,45.96,6.144,2.0,0.0,penurie (vide)
velonecy,Annecy,c78735b6a25903147d4ac8e615781584,Villaz - Centre-Bourg,0.0,0.0,10.0,10.0,1.0,0.0,45.951,6.19,0.0,1.0,penurie (vide)
velonecy,Annecy,c815c735edd851c04668dc868602240a,Annecy - Chorus,0.6,6.0,4.0,10.0,0.0,0.0,45.907,6.108,6.0,0.0,penurie (vide)
velonecy,Annecy,c954f2c564677aa011e7e388477214fb,Epagny Metz-Tessy - Aéroport,0.556,5.0,4.0,9.0,0.0,0.0,45.93,6.107,5.0,0.0,penurie (vide)
velonecy,Annecy,cbfd98938a4664dad68c6b5ca98ac9c8,Sevrier - Parking des Tennis,0.778,7.0,2.0,9.0,0.0,0.0,45.846,6.149,7.0,0.0,penurie (vide)
velonecy,Annecy,d4c045b30a1223c1bedba46865295739,Montagny-Les-Lanches - Mairie,0.2,2.0,8.0,10.0,0.0,0.0,45.861,6.046,2.0,0.0,penurie (vide)
velonecy,Annecy,d4fc3e69fc9e1870075d4d1948b65dce,Cusy - Centre-Bourg,0.2,2.0,8.0,10.0,0.0,0.0,45.765,6.031,2.0,0.0,penurie (vide)
velonecy,Annecy,d53d4f854ba886fc8b8a24b7e2ecd3b7,Annecy - Tilleuls,0.2,2.0,8.0,10.0,0.0,0.0,45.92,6.145,2.0,0.0,penurie (vide)
velonecy,Annecy,e4ddc470ba55b8786f5f0e9451f40008,Sevrier - Parking de la Liaz,0.1,1.0,9.0,10.0,0.0,0.0,45.867,6.142,1.0,0.0,penurie (vide)
velonecy,Annecy,e5fa6db8dccb0098e0b0760fbb29f45c,Saint-Jorioz - Parking Collège,0.111,2.0,16.0,18.0,0.0,0.0,45.836,6.165,2.0,0.0,penurie (vide)
velonecy,Annecy,e78a68b0118ba84c157e07579db34783,Alby-sur-Chéran - Parking covoiturage,0.6,6.0,4.0,10.0,0.0,0.0,45.815,6.005,6.0,0.0,penurie (vide)
velonecy,Annecy,ecc8db78aa54f3da893e1bbc02b1e5d5,Fillière - Aviernoz,0.0,0.0,10.0,10.0,1.0,0.0,45.978,6.222,0.0,1.0,penurie (vide)
velonecy,Annecy,ee66c0ea5504b0c529d35964794d5fe3,Talloires-Montmin - Centre-Ville,1.0,10.0,0.0,10.0,0.0,1.0,45.839,6.215,10.0,1.0,saturation (pleine)
velonecy,Annecy,f0d2a97a2473daba0d05253af6bf53b8,Annecy - Collège Evire,0.1,1.0,9.0,10.0,0.0,0.0,45.924,6.136,1.0,0.0,penurie (vide)
velonecy,Annecy,f1b54ef166847637815b9055ceadddc4,Veyrier-du-Lac – Kiosque,0.4,4.0,6.0,10.0,0.0,0.0,45.887,6.174,4.0,0.0,penurie (vide)
velonecy,Annecy,f1bd8f9eee1611ca8e486af5ed9e8f15,Annecy - Marquisats,0.25,2.0,6.0,8.0,0.0,0.0,45.893,6.136,2.0,0.0,penurie (vide)
velonecy,Annecy,f4965ce259e2d47a1a4785d44707d4ae,Chavanod - Mairie-ISETA-ECA,0.333,3.0,6.0,9.0,0.0,0.0,45.884,6.053,3.0,0.0,penurie (vide)
velonecy,Annecy,f50a4c5c52bf8403c21df80596a79f06,Annecy - Gare de Pringy,0.0,0.0,8.0,8.0,1.0,0.0,45.94,6.123,0.0,1.0,penurie (vide)
velonecy,Annecy,f52d9ba5c69980bb13f9720fde06f553,Annecy - Nouvelles Galeries,1.0,11.0,0.0,11.0,0.0,1.0,45.905,6.133,11.0,1.0,saturation (pleine)
velonecy,Annecy,fa6302f71c98f5480b05e80a7630aeb7,Épagny Metz-Tessy - Grenette,0.0,0.0,10.0,10.0,1.0,0.0,45.939,6.106,0.0,1.0,penurie (vide)
velonecy,Annecy,fff7a39ce7d0f7a811177dd35398b576,Talloires-Montmin - Angon,1.0,16.0,0.0,16.0,0.0,1.0,45.824,6.222,16.0,1.0,saturation (pleine)
veloplus-velotao,Orléans,a97daffa7b5492cf4fba278a3200512f,PLACE DUNOIS,0.0,0.0,12.0,12.0,1.0,0.0,47.908,1.894,0.0,1.0,penurie (vide)
velopop,Avignon,0b8a81d5c8759b3edba1e5919f2ed56f,Saint-Anne,0.111,1.0,8.0,9.0,0.0,0.0,43.951,4.809,1.0,0.0,penurie (vide)
velopop,Avignon,0bbf7c670c857999348815c9d8fd38a8,René Char,0.111,1.0,8.0,9.0,0.0,0.0,43.947,4.853,1.0,0.0,penurie (vide)
velopop,Avignon,1151a9708489828a4475961a5a2710f2,Avignon TGV,0.15,3.0,17.0,20.0,0.0,0.0,43.923,4.787,3.0,0.0,penurie (vide)
velopop,Avignon,218d4b3e573fa0ae44b46c4c6d79f5ec,Combe,0.067,1.0,14.0,15.0,0.0,0.0,43.953,4.833,1.0,0.0,penurie (vide)
velopop,Avignon,3032d2a739a9e402f44a3ad74c3ed835,Gare centre,0.552,16.0,13.0,29.0,0.0,0.0,43.942,4.806,16.0,0.0,penurie (vide)
velopop,Avignon,3362408068444eade5d269257c97ee06,Saint Roch,0.1,2.0,18.0,20.0,0.0,0.0,43.943,4.8,2.0,0.0,penurie (vide)
velopop,Avignon,34a7f38da7a582dffa4f993252db3a9a,Agroparc,0.8,20.0,5.0,25.0,0.0,0.0,43.916,4.891,20.0,0.0,penurie (vide)
velopop,Avignon,446a87be6d8f6a6e3cb8de9f7176b90d,Carmes,0.067,2.0,28.0,30.0,0.0,0.0,43.951,4.814,2.0,0.0,penurie (vide)
velopop,Avignon,50520fecadcabcded786c44deb5e35e6,Limbert,0.2,6.0,24.0,30.0,0.0,0.0,43.944,4.815,6.0,0.0,penurie (vide)
velopop,Avignon,50e76a85fe0ab130c206bcf0a12ac75a,Bellevue,0.7,7.0,3.0,10.0,0.0,0.0,43.959,4.776,7.0,0.0,penurie (vide)
velopop,Avignon,5efb1386eaa9955ed3ec24a9b584cbd6,Parking Piot,0.0,0.0,24.0,24.0,1.0,0.0,43.951,4.794,0.0,1.0,penurie (vide)
velopop,Avignon,5f1543ac81e58b21503c5a1016c29c41,Hôtel de Ville,0.172,5.0,24.0,29.0,0.0,0.0,43.949,4.805,5.0,0.0,penurie (vide)
velopop,Avignon,641edd1b41e9e0b0ae80eb76d6eacbdb,Pétramale,0.7,7.0,3.0,10.0,0.0,0.0,43.945,4.809,7.0,0.0,penurie (vide)
velopop,Avignon,6633fa3ead00e5685561ba8fd076a0d7,Place Pie,0.038,1.0,25.0,26.0,0.0,0.0,43.949,4.81,1.0,0.0,penurie (vide)
velopop,Avignon,6aa4eb736d013de0129f55fe89b475be,Pont des Deux Eaux,0.316,6.0,13.0,19.0,0.0,0.0,43.946,4.843,6.0,0.0,penurie (vide)
velopop,Avignon,6f3b0cd0e7ec68fe1bd71f3a85e52e5b,Villeneuve en Scène,0.0,0.0,10.0,10.0,1.0,0.0,43.964,4.802,0.0,1.0,penurie (vide)
velopop,Avignon,7fad131f3c2f0c8e75a55651e785b399,Saint Jean ,0.0,0.0,10.0,10.0,1.0,0.0,43.947,4.828,0.0,1.0,penurie (vide)
velopop,Avignon,88bdcc191dc7cc77dcaa13404539347c,Les Sources,0.4,8.0,12.0,20.0,0.0,0.0,43.931,4.826,8.0,0.0,penurie (vide)
velopop,Avignon,8cc86335ca964b1112011e8c606cc28d,Saint Chamand,0.8,8.0,2.0,10.0,0.0,0.0,43.93,4.842,8.0,0.0,penurie (vide)
velopop,Avignon,8cda9f8ad3663a2b1432693a98aaa5ba,Office de tourisme,0.0,0.0,29.0,29.0,1.0,0.0,43.963,4.8,0.0,1.0,penurie (vide)
velopop,Avignon,8dd30bce286e0c08826291ae22eae5d6,Pigeonnier,0.083,1.0,11.0,12.0,0.0,0.0,43.955,4.841,1.0,0.0,penurie (vide)
velopop,Avignon,9034d673347d70eb30d5f1ebceb55247,Maria Casares,0.0,0.0,20.0,20.0,1.0,0.0,43.935,4.829,0.0,1.0,penurie (vide)
velopop,Avignon,934baf6a603ebfbaa645aebcf44b235d,Saint Lazare,0.0,0.0,28.0,28.0,1.0,0.0,43.951,4.819,0.0,1.0,penurie (vide)
velopop,Avignon,951779971a391669854ea8dc595eee42,Tour le Bel,0.1,1.0,9.0,10.0,0.0,0.0,43.958,4.797,1.0,0.0,penurie (vide)
velopop,Avignon,99724f60c8ffbef1acf28b7406c01415,Place Saint Ruf,0.0,0.0,20.0,20.0,1.0,0.0,43.936,4.81,0.0,1.0,penurie (vide)
velopop,Avignon,d79b12432578e38af03c53147bb70589,Place Thomas,0.615,8.0,5.0,13.0,0.0,0.0,43.962,4.86,8.0,0.0,penurie (vide)
velopop,Avignon,dac08d8d57b3e24c062bac4dfb396cf5,Montfavet centre,1.0,10.0,0.0,10.0,0.0,1.0,43.935,4.872,10.0,1.0,saturation (pleine)
velopop,Avignon,dc3a98210c5a61e6892e7e1e4620a6de,Monod,0.2,2.0,8.0,10.0,0.0,0.0,43.937,4.805,2.0,0.0,penurie (vide)
velopop,Avignon,dce31a18919057b1526f941511d3d38b,Oulle,0.65,13.0,7.0,20.0,0.0,0.0,43.95,4.802,13.0,0.0,penurie (vide)
velopop,Avignon,dd9f771ecab90398e77b71b2e589c557,Agrosciences,0.2,3.0,12.0,15.0,0.0,0.0,43.912,4.89,3.0,0.0,penurie (vide)
velopop,Avignon,f1d59c6fc86c4d97108fc16ff61e9ad2,Galaxie,0.056,1.0,17.0,18.0,0.0,0.0,43.942,4.822,1.0,0.0,penurie (vide)
velopop,Avignon,f465d58f7e29d5f53ce4d57e97c090e2,Victor Hugo,0.1,1.0,9.0,10.0,0.0,0.0,43.948,4.803,1.0,0.0,penurie (vide)
velopop,Avignon,f7ff7058731392c8251eb45a568c2bde,Thiers,0.0,0.0,19.0,19.0,1.0,0.0,43.946,4.818,0.0,1.0,penurie (vide)
velopop,Avignon,fe5d160ad5c4733fdafe800c3ac4be8b,Rotonde,0.172,5.0,24.0,29.0,0.0,0.0,43.939,4.821,5.0,0.0,penurie (vide)
velostanlib,Nancy,05e2a5e1c3c092a800069d68261fd82e,ARTEM,0.55,11.0,9.0,20.0,0.0,0.0,48.675,6.171,11.0,0.0,penurie (vide)
velostanlib,Nancy,0b5ba3f5a5765546345d3c6d90a62dca,PROMENADE DES CANAUX,0.312,5.0,11.0,16.0,0.0,0.0,48.693,6.196,5.0,0.0,penurie (vide)
velostanlib,Nancy,110d9af7ead4e6c41c004eeb2dea2ab9,MEDREVILLE,0.267,4.0,11.0,15.0,0.0,0.0,48.685,6.161,4.0,0.0,penurie (vide)
velostanlib,Nancy,151b8258f1c9d3e0ead9003b604c192a,LAXOU MAIRIE,0.133,2.0,13.0,15.0,0.0,0.0,48.685,6.155,2.0,0.0,penurie (vide)
velostanlib,Nancy,18706dcba496e8c7c7416cdd27fa7a37,PORT STE CATHERINE,0.375,6.0,10.0,16.0,0.0,0.0,48.695,6.191,6.0,0.0,penurie (vide)
velostanlib,Nancy,19c3949daf1136d9b593f87c3ed67277,COURS LEOPOLD - SAINT MICHEL,0.444,8.0,10.0,18.0,0.0,0.0,48.696,6.177,8.0,0.0,penurie (vide)
velostanlib,Nancy,21f8a6461522a535bdb52abe635fa1d5,HOPITAL CENTRAL,0.3,6.0,14.0,20.0,0.0,0.0,48.683,6.19,6.0,0.0,penurie (vide)
velostanlib,Nancy,22af79204feb4577183bc6c7bd9f8961,NATIONS,0.0,0.0,15.0,15.0,1.0,0.0,48.662,6.173,0.0,1.0,penurie (vide)
velostanlib,Nancy,2818f0a04e0802ed205c3a4086d25e29,BORNE ATELIER XP,,0.0,0.0,0.0,1.0,1.0,48.687,6.191,,1.0,penurie (vide)
velostanlib,Nancy,2c96e9ec111a7ac31507a2d7932f7191,PLACE DES VOSGES,0.4,6.0,9.0,15.0,0.0,0.0,48.685,6.188,6.0,0.0,penurie (vide)
velostanlib,Nancy,3d8f53921ca5e14e11690e9618b287d2,MON DESERT,0.333,7.0,14.0,21.0,0.0,0.0,48.684,6.177,7.0,0.0,penurie (vide)
velostanlib,Nancy,46d8151c6719013f4a368d44dcdb448a,MARCHE CENTRAL (CB),0.556,10.0,8.0,18.0,0.0,0.0,48.689,6.184,10.0,0.0,penurie (vide)
velostanlib,Nancy,56307277a7a128d88d397865a063c2a5,DOMINICAINS - FOURIER (CB),0.16,4.0,21.0,25.0,0.0,0.0,48.692,6.183,4.0,0.0,penurie (vide)
velostanlib,Nancy,5f9a8ad4377a5b00497a91c372404f31,SAURUPT,0.733,11.0,4.0,15.0,0.0,0.0,48.681,6.182,11.0,0.0,penurie (vide)
velostanlib,Nancy,6a8666152e4f02bc3e0c359e5b0945ea,NANCY THERMAL (CB),0.944,17.0,1.0,18.0,0.0,0.0,48.68,6.167,17.0,0.0,penurie (vide)
velostanlib,Nancy,705cb2e5050f95270b52ffecdf47cd49,COMMANDERIE - CHALNOT,0.611,11.0,7.0,18.0,0.0,0.0,48.687,6.172,11.0,0.0,penurie (vide)
velostanlib,Nancy,7416edc30e9323541412d2521e86b485,BANC TEST DEPOT CYCLO NANCY,,0.0,0.0,0.0,1.0,1.0,48.687,6.191,,1.0,penurie (vide)
velostanlib,Nancy,76118dc91bbefbbc384441c55d4c8877,SAINT NICOLAS - CHARLES III,0.25,4.0,12.0,16.0,0.0,0.0,48.688,6.187,4.0,0.0,penurie (vide)
velostanlib,Nancy,88aee010cb7d60383e78e463d21b27ad,BAUDRICOURT HAUSSONVILLE,0.267,4.0,11.0,15.0,0.0,0.0,48.675,6.163,4.0,0.0,penurie (vide)
velostanlib,Nancy,8b0cb19607540f270ea1310cc6a6b006,LES 2 RIVES,0.312,5.0,11.0,16.0,0.0,0.0,48.695,6.195,5.0,0.0,penurie (vide)
velostanlib,Nancy,8d9959d52c020492d66fe4bfb0835b98,PLAGE DES 2 RIVES,0.583,7.0,5.0,12.0,0.0,0.0,48.693,6.201,7.0,0.0,penurie (vide)
velostanlib,Nancy,9117e42a238f22648ee098d5b30de340,VELODROME (CB),0.583,14.0,10.0,24.0,0.0,0.0,48.667,6.167,14.0,0.0,penurie (vide)
velostanlib,Nancy,a3f3b0cb4fd594c6aa92af7953193016,PLACE DE DOMBASLE,0.536,15.0,13.0,28.0,0.0,0.0,48.692,6.179,15.0,0.0,penurie (vide)
velostanlib,Nancy,a5f169a01af4366f4efb0e6def0d44a6,CONSERVATOIRE - MANUFACTURE,0.2,3.0,12.0,15.0,0.0,0.0,48.696,6.171,3.0,0.0,penurie (vide)
velostanlib,Nancy,a6ccf4c7e55dfb1288606f3b10cbb69e,GARE SAINT LEON,0.35,7.0,13.0,20.0,0.0,0.0,48.69,6.173,7.0,0.0,penurie (vide)
velostanlib,Nancy,ab4126483d8e61e7d6d8b4e85aab7f3f,PLACE DE LA CARRIERE,0.375,6.0,10.0,16.0,0.0,0.0,48.695,6.182,6.0,0.0,penurie (vide)
velostanlib,Nancy,ad8174191b7f2f33f23a272d7bdb223d,MAZAGRAN - FOCH (CB),0.75,21.0,7.0,28.0,0.0,0.0,48.689,6.178,21.0,0.0,penurie (vide)
velostanlib,Nancy,c404a135aec82cc5b1141e692fd42aff,PLACE BARROIS,0.059,1.0,16.0,17.0,0.0,0.0,48.7,6.205,1.0,0.0,penurie (vide)
velostanlib,Nancy,c8436faf90fb802f50cac62be2f9e90a,BORNE TEST CGB,,0.0,0.0,0.0,1.0,1.0,48.687,6.191,,1.0,penurie (vide)
velostanlib,Nancy,ccaf4644a8b823a8cacb6d525db65529,HOPITAL ST JULIEN,0.5,8.0,8.0,16.0,0.0,0.0,48.686,6.193,8.0,0.0,penurie (vide)
velostanlib,Nancy,ce3adff048eeb5692908d62839b7c1a9,FAC DE LETTRES,0.211,4.0,15.0,19.0,0.0,0.0,48.693,6.169,4.0,0.0,penurie (vide)
velostanlib,Nancy,da70635426fa6f47df95adb6e6b6ef5b,PLACE COLONEL DRIANT,0.25,4.0,12.0,16.0,0.0,0.0,48.692,6.187,4.0,0.0,penurie (vide)
velostanlib,Nancy,dc20ace87477ae0a80a5e1f604a11c50,3 MAISONS - CHARLES V (CB),0.174,4.0,19.0,23.0,0.0,0.0,48.701,6.177,4.0,0.0,penurie (vide)
velostanlib,Nancy,ddec32e63da23e23a3da129419852e5d,MALZEVILLE,0.467,7.0,8.0,15.0,0.0,0.0,48.707,6.186,7.0,0.0,penurie (vide)
velostanlib,Nancy,de0bce341b81c9ea19fbc7d60eacfec8,ST SEBASTIEN - ST THIEBAUT,0.045,1.0,21.0,22.0,0.0,0.0,48.689,6.18,1.0,0.0,penurie (vide)
velostanlib,Nancy,e38258cc72809aac739f63f10dbadf93,MARCHÉ D'HAUSSONVILLE,0.733,11.0,4.0,15.0,0.0,0.0,48.672,6.166,11.0,0.0,penurie (vide)
velostanlib,Nancy,e74842184f80b1a09832011a338465dc,PORTE DE LA CRAFFE,0.15,3.0,17.0,20.0,0.0,0.0,48.698,6.178,3.0,0.0,penurie (vide)
velostanlib,Nancy,ec70a941f5e20f3d671e052a41431e4a,GARE THIERS (CB),0.333,8.0,16.0,24.0,0.0,0.0,48.69,6.176,8.0,0.0,penurie (vide)
velostanlib,Nancy,f5e0a91ac32c4f066ea296544ef81aa0,PLACE COMMANDERIE,0.0,0.0,18.0,18.0,1.0,0.0,48.686,6.167,0.0,1.0,penurie (vide)
velostanlib,Nancy,f8bf1cc90b3b4cbf817194712d6dc108,PLACE ST EPVRE,0.3,6.0,14.0,20.0,0.0,0.0,48.695,6.18,6.0,0.0,penurie (vide)
velostanlib,Nancy,fce0dcafc87185ea5b84eff0b40ac962,JARDINIERS - TIERCELINS,0.417,5.0,7.0,12.0,0.0,0.0,48.691,6.191,5.0,0.0,penurie (vide)
velov,Lyon,000cde1f44a2c8a35d4a6c915e970861,LONGEFER / KRUGER,0.375,6.0,10.0,16.0,0.0,0.0,45.739,4.878,6.0,0.0,penurie (vide)
velov,Lyon,014c24087397e342c80002d212936a56,AMPÈRE / BOURSE,0.04,1.0,24.0,25.0,0.0,0.0,45.766,4.837,1.0,0.0,penurie (vide)
velov,Lyon,01944e3d3860748bcb3b09d73dfe0035,CONSERVATOIRE,0.895,17.0,2.0,19.0,0.0,0.0,45.77,4.813,17.0,0.0,penurie (vide)
velov,Lyon,025f7801fffbe71a3578ac52150fccce,SUBSISTANCES,0.053,1.0,18.0,19.0,0.0,0.0,45.768,4.82,1.0,0.0,penurie (vide)
velov,Lyon,04063e38571ad389f8c60039605011c7,LAFAYETTE / CORNEILLE,0.889,8.0,1.0,9.0,0.0,0.0,45.764,4.844,8.0,0.0,penurie (vide)
velov,Lyon,04eaa595562c7ed6d154426677e7238e,PARC DE GERLAND,0.885,23.0,3.0,26.0,0.0,0.0,45.724,4.827,23.0,0.0,penurie (vide)
velov,Lyon,057888a751b49d2ba5334fa57c14e033,PLACE AMPÈRE,0.0,0.0,10.0,10.0,1.0,0.0,45.753,4.828,0.0,1.0,penurie (vide)
velov,Lyon,0802bbd95105da1e7f67c0c663277970,SAINTE-IRÉNÉE,0.0,0.0,18.0,18.0,1.0,0.0,45.755,4.812,0.0,1.0,penurie (vide)
velov,Lyon,0807f6092f9a6e29a0f0fee288911dc5,PERRACHE / CARNOT,0.333,6.0,12.0,18.0,0.0,0.0,45.75,4.828,6.0,0.0,penurie (vide)
velov,Lyon,082005ba11f2d92a25c2307c03f02720,BELLECOUR / ST EXUPÉRY,0.077,3.0,36.0,39.0,0.0,0.0,45.758,4.83,3.0,0.0,penurie (vide)
velov,Lyon,086a63b95c4675539cba2860dddd253a,CHÂTEAU GAILLARD / FORT,0.143,2.0,12.0,14.0,0.0,0.0,45.775,4.888,2.0,0.0,penurie (vide)
velov,Lyon,092eb56dca4226852067789eeae4f6dc,ZOLA / PASSAGE REY,0.0,0.0,19.0,19.0,1.0,0.0,45.77,4.877,0.0,1.0,penurie (vide)
velov,Lyon,09b7a8ef4cc3da5e30320d89c16635c7,INSTITUT LUMIERE,0.389,7.0,11.0,18.0,0.0,0.0,45.746,4.871,7.0,0.0,penurie (vide)
velov,Lyon,0aa29c3842082cf852808ac4f9005c7a,PÊCHERIE,0.25,4.0,12.0,16.0,0.0,0.0,45.766,4.831,4.0,0.0,penurie (vide)
velov,Lyon,0aec1764e61e094304f006502e2a5373,SALA / RUE DU PLAT,0.071,1.0,13.0,14.0,0.0,0.0,45.757,4.828,1.0,0.0,penurie (vide)
velov,Lyon,0b489bf60028e46ae262d891be6cb8a7,JACOBINS,0.462,12.0,14.0,26.0,0.0,0.0,45.761,4.834,12.0,0.0,penurie (vide)
velov,Lyon,0b9705b35bede0ccbb8a0b7b6cdd181d,LUMIERE / TROUILHET,0.0,0.0,15.0,15.0,1.0,0.0,45.744,4.87,0.0,1.0,penurie (vide)
velov,Lyon,0c8ff71aea7ce4908fcd9e18f09874fe,SALENGRO / DESCARTES,0.333,5.0,10.0,15.0,0.0,0.0,45.776,4.872,5.0,0.0,penurie (vide)
velov,Lyon,0da0c384434f167f94fd4f54744b99c4,JEAN JAURÈS,0.571,8.0,6.0,14.0,0.0,0.0,45.738,4.837,8.0,0.0,penurie (vide)
velov,Lyon,0ee53ae442d115f52bd4286c2e672dd0,PLACE HENRI,0.154,2.0,11.0,13.0,0.0,0.0,45.748,4.881,2.0,0.0,penurie (vide)
velov,Lyon,0f39562eb28a32bce6748c851fa2e7a9,PLACE DE LA PAIX,0.235,4.0,13.0,17.0,0.0,0.0,45.752,4.915,4.0,0.0,penurie (vide)
velov,Lyon,11524ead14254e196fcb60e10332bf76,GRATTE-CIEL,0.286,4.0,10.0,14.0,0.0,0.0,45.769,4.88,4.0,0.0,penurie (vide)
velov,Lyon,1166803a7678971807dfe7b3fd1bbf60,CHARCOT / RÉSIDENCE UNIVERSITAIRE,0.0,0.0,32.0,32.0,1.0,0.0,45.755,4.808,0.0,1.0,penurie (vide)
velov,Lyon,119e51d3011b137971754f697620b35d,MONTGOLFIER / CHATEAU GAILLARD,0.067,1.0,14.0,15.0,0.0,0.0,45.772,4.89,1.0,0.0,penurie (vide)
velov,Lyon,11a9efb1c46f4eb1db4cf72c07f86a3b,BOURBONNAIS,0.5,6.0,6.0,12.0,0.0,0.0,45.773,4.8,6.0,0.0,penurie (vide)
velov,Lyon,11b3621f4d9437e0b8f9c8950bf9ac1a,VEYRON / TCHEKOSLOVAQUES,0.133,2.0,13.0,15.0,0.0,0.0,45.745,4.858,2.0,0.0,penurie (vide)
velov,Lyon,126c26583ffb39dc0825143db0dc3d53,MAIRIE DU 7E,0.069,2.0,27.0,29.0,0.0,0.0,45.747,4.842,2.0,0.0,penurie (vide)
velov,Lyon,1284d84388f2e7f6e40b445cbfa39401,VAULX - VILLAGE,0.35,7.0,13.0,20.0,0.0,0.0,45.786,4.927,7.0,0.0,penurie (vide)
velov,Lyon,1325832ef4cadf4e4f21fb1cbfb524ad,4 AOÛT 1789,0.267,4.0,11.0,15.0,0.0,0.0,45.765,4.884,4.0,0.0,penurie (vide)
velov,Lyon,13b92b06dd6eca9c908c92347f2f7af3,GREUZE,0.0,0.0,18.0,18.0,1.0,0.0,45.774,4.894,0.0,1.0,penurie (vide)
velov,Lyon,13da9c5aa3d2d1b0d132f877100b945e,MAIRIE DU 8E,0.333,7.0,14.0,21.0,0.0,0.0,45.735,4.873,7.0,0.0,penurie (vide)
velov,Lyon,13e33327e46df6c8f9cc5faeab1860d6,PLACE CRÉPU,0.105,2.0,17.0,19.0,0.0,0.0,45.758,4.826,2.0,0.0,penurie (vide)
velov,Lyon,149de9fc99cb5c984c14e64c2ab505fb,ST GERMAIN AU MONT D'OR,0.267,4.0,11.0,15.0,0.0,0.0,45.888,4.804,4.0,0.0,penurie (vide)
velov,Lyon,14a4c74b96276525b2d1c5e97e7e594a,TRARIEUX / LACASSAGNE,1.0,23.0,0.0,23.0,0.0,1.0,45.745,4.889,23.0,1.0,saturation (pleine)
velov,Lyon,14af0229e83ac03b5e637a55cccff098,BALDASSINI / GERLAND,1.0,20.0,0.0,20.0,0.0,1.0,45.728,4.837,20.0,1.0,saturation (pleine)
velov,Lyon,14b2d38bcc9ee34597833a28cadf3152,11 NOVEMBRE,0.939,31.0,2.0,33.0,0.0,0.0,45.78,4.86,31.0,0.0,penurie (vide)
velov,Lyon,15a688c077fa730abaddd6686acbfc9e,SAINT-JEAN,0.139,5.0,31.0,36.0,0.0,0.0,45.76,4.827,5.0,0.0,penurie (vide)
velov,Lyon,15fe3ed7015d651dd44de21554916642,CENTRE BERTHELOT,0.412,7.0,10.0,17.0,0.0,0.0,45.747,4.836,7.0,0.0,penurie (vide)
velov,Lyon,176c1d8bf172c4c7afa1fe5f98725e6e,FONTAINES S/S - QUAI SIMON,0.9,18.0,2.0,20.0,0.0,0.0,45.832,4.849,18.0,0.0,penurie (vide)
velov,Lyon,176ccedac9cee19f2749e1271d3e8c3d,COLLONGES - MEDIATHEQUE,0.533,8.0,7.0,15.0,0.0,0.0,45.822,4.84,8.0,0.0,penurie (vide)
velov,Lyon,182591b58d927f7d0966d932d3634c1a,LYCÉE MARIE CURIE,0.25,3.0,9.0,12.0,0.0,0.0,45.762,4.896,3.0,0.0,penurie (vide)
velov,Lyon,184e605c52f301190d6b0840a8328f69,BARATIN,0.5,6.0,6.0,12.0,0.0,0.0,45.761,4.901,6.0,0.0,penurie (vide)
velov,Lyon,188bb0510d0b76161d47f3ba4f87802f,PLACE ARISTIDE BRIAND,0.105,4.0,34.0,38.0,0.0,0.0,45.753,4.85,4.0,0.0,penurie (vide)
velov,Lyon,18d0b6bb7319fd55a43f44eefc16dd07,MARIETTON OUEST,0.95,19.0,1.0,20.0,0.0,0.0,45.776,4.8,19.0,0.0,penurie (vide)
velov,Lyon,18eaad200ac9e346d8acea9cad4148db,BERTHELOT / ROUTE DE VIENNE,0.467,7.0,8.0,15.0,0.0,0.0,45.743,4.851,7.0,0.0,penurie (vide)
velov,Lyon,19215981930423e72a9f71f1913f7f63,JOFFRE / VAUBECOUR,0.316,6.0,13.0,19.0,0.0,0.0,45.752,4.825,6.0,0.0,penurie (vide)
velov,Lyon,1ad6425417d35d222547201cac357390,CÉLESTINS,0.5,11.0,11.0,22.0,0.0,0.0,45.76,4.832,11.0,0.0,penurie (vide)
velov,Lyon,1aeb7ad5c7690c8f8f0ceb1a7bf391a0,VENISSIEUX - FARGE / CLOCHETTES,0.75,9.0,3.0,12.0,0.0,0.0,45.697,4.858,9.0,0.0,penurie (vide)
velov,Lyon,1b7c0ef9b7b4e51facb67b4225ff77d2,SAINT-CYR,0.667,20.0,10.0,30.0,0.0,0.0,45.783,4.807,20.0,0.0,penurie (vide)
velov,Lyon,1bcb929d0779b5d434c70efcbf8312b0,CONSERVATOIRE BIS,0.682,15.0,7.0,22.0,0.0,0.0,45.77,4.814,15.0,0.0,penurie (vide)
velov,Lyon,1d793588539b83d6b9b1a7224dad2749,GUILLOTIERE / NICOLAÏ,0.167,5.0,25.0,30.0,0.0,0.0,45.748,4.856,5.0,0.0,penurie (vide)
velov,Lyon,1e4916d3d22089ee30d9486834167a07,CALUIRE - BRANLY / PASTEUR,0.0,0.0,12.0,12.0,1.0,0.0,45.792,4.843,0.0,1.0,penurie (vide)
velov,Lyon,1ec14cae286c761596b25d943b97c79d,JAURES / BOLLIER,0.71,22.0,9.0,31.0,0.0,0.0,45.735,4.835,22.0,0.0,penurie (vide)
velov,Lyon,1f38f700c7d28adc27fe0b7c40fcbaae,PLACE AMBROISE COURTOIS,0.3,6.0,14.0,20.0,0.0,0.0,45.745,4.872,6.0,0.0,penurie (vide)
velov,Lyon,2029608cb017bd47ae6fbe00b84a43b9,MASSET / SAINT-PIERRE DE VAISE,1.0,15.0,0.0,15.0,0.0,1.0,45.771,4.801,15.0,1.0,saturation (pleine)
velov,Lyon,20515bd0f13c28e35e0630432de4c570,GARE DE VAISE,0.667,14.0,7.0,21.0,0.0,0.0,45.78,4.805,14.0,0.0,penurie (vide)
velov,Lyon,20f0aec2a3f66863f731427616bfb5de,BEAUVOIR / MAROT,0.3,6.0,14.0,20.0,0.0,0.0,45.737,4.834,6.0,0.0,penurie (vide)
velov,Lyon,21135455cf9de5e63a8e4bc76c6e77e2,NEUVILLE - STADE,0.667,10.0,5.0,15.0,0.0,0.0,45.871,4.84,10.0,0.0,penurie (vide)
velov,Lyon,21eaf0414698b1a2fedf959c304782fe,PLACE PUVIS DE CHAVANNES,0.2,2.0,8.0,10.0,0.0,0.0,45.772,4.845,2.0,0.0,penurie (vide)
velov,Lyon,229fc32dc43fae17ce0294410f3e19f1,GARDE / AQUEDUCS,,0.0,0.0,0.0,1.0,1.0,45.76,4.791,,1.0,penurie (vide)
velov,Lyon,238584909a540aeffcf3a815e4cd0cc2,PART-DIEU / VILLETTE,0.621,18.0,11.0,29.0,0.0,0.0,45.76,4.862,18.0,0.0,penurie (vide)
velov,Lyon,23c32c01ceae169fe218865b62a4a345,PLACE DE LA CROIX-ROUSSE,0.0,0.0,19.0,19.0,1.0,0.0,45.776,4.833,0.0,1.0,penurie (vide)
velov,Lyon,23d3d6956d5ea3acda045c480a1415a9,VILLETTE,0.914,32.0,3.0,35.0,0.0,0.0,45.758,4.862,32.0,0.0,penurie (vide)
velov,Lyon,24335323a0212495d0603ce3af88ec67,CALUIRE - SAINT-CLAIR,0.294,5.0,12.0,17.0,0.0,0.0,45.785,4.848,5.0,0.0,penurie (vide)
velov,Lyon,244a88d175588ee0ef19cbb18c693b35,LIBERTÉ / PART-DIEU,1.0,9.0,0.0,9.0,0.0,1.0,45.759,4.842,9.0,1.0,saturation (pleine)
velov,Lyon,26d707e35af8c05ce9478da8deecbf43,VENISSIEUX - BRUANT / CAGNE,0.3,3.0,7.0,10.0,0.0,0.0,45.697,4.87,3.0,0.0,penurie (vide)
velov,Lyon,27089e5f93a8c65cd143760e28dafd94,PISCINE DE VAISE,0.667,12.0,6.0,18.0,0.0,0.0,45.771,4.796,12.0,0.0,penurie (vide)
velov,Lyon,27192f1eaadb78f1d6876b18150a77ba,ST GENIS L. - MÉDIATHÈQUE,0.083,1.0,11.0,12.0,0.0,0.0,45.698,4.795,1.0,0.0,penurie (vide)
velov,Lyon,272b557d9f11d26c68080ffec0275e17,VAISE DOCKS,0.941,16.0,1.0,17.0,0.0,0.0,45.787,4.811,16.0,0.0,penurie (vide)
velov,Lyon,27dc8b0a493e33c55426b17df898f4ae,BEAUVISAGE / PRESSENSÉ,0.471,8.0,9.0,17.0,0.0,0.0,45.728,4.864,8.0,0.0,penurie (vide)
velov,Lyon,290c8f63b9816127c5b39e6ef55e10f8,MARTINIÈRE,0.0,0.0,11.0,11.0,1.0,0.0,45.768,4.828,0.0,1.0,penurie (vide)
velov,Lyon,2a2592517fa907c57c53cc8eb5dcfb78,HÔPITAL SAINT-JEAN DE DIEU,0.526,10.0,9.0,19.0,0.0,0.0,45.724,4.854,10.0,0.0,penurie (vide)
velov,Lyon,2a39538d332f8c6516ec996eed486f2b,VOYANT / CHAMBFORT,0.636,14.0,8.0,22.0,0.0,0.0,45.767,4.901,14.0,0.0,penurie (vide)
velov,Lyon,2ade2a29d452e121b448442274ebd4a8,SAINT-FONS - PLACE DES CUBES,0.2,3.0,12.0,15.0,0.0,0.0,45.711,4.861,3.0,0.0,penurie (vide)
velov,Lyon,2ae87a783ec9cc00dccd7849f80e376d,GABRIEL PÉRI,0.0,0.0,23.0,23.0,1.0,0.0,45.772,4.866,0.0,1.0,penurie (vide)
velov,Lyon,2af4eeaec4185f3d37b37c799ea34047,DUMONT / JOUVET,0.25,4.0,12.0,16.0,0.0,0.0,45.744,4.861,4.0,0.0,penurie (vide)
velov,Lyon,2b084456d7c77678a029686f77df1bbb,SAINT-JUST,0.0,0.0,17.0,17.0,1.0,0.0,45.756,4.819,0.0,1.0,penurie (vide)
velov,Lyon,2b1011f37dc695dca63c672b316bb61e,SAINT-PAUL,0.087,2.0,21.0,23.0,0.0,0.0,45.766,4.827,2.0,0.0,penurie (vide)
velov,Lyon,2c09cd407aa81c9d4974435b542725e9,CONDORCET,0.955,21.0,1.0,22.0,0.0,0.0,45.779,4.867,21.0,0.0,penurie (vide)
velov,Lyon,2c3535308ff83d6b1f32495bd33f289b,CORNEILLE / SERVIENT,0.833,10.0,2.0,12.0,0.0,0.0,45.76,4.845,10.0,0.0,penurie (vide)
velov,Lyon,2c40da662e019fb95f6d9ae00d6ce0e5,PLACE DE LA PAIX,0.158,3.0,16.0,19.0,0.0,0.0,45.768,4.832,3.0,0.0,penurie (vide)
velov,Lyon,2c78366a231dea740a6057828cbd810f,MARSEILLE / UNIVERSITÉ,0.025,1.0,39.0,40.0,0.0,0.0,45.751,4.839,1.0,0.0,penurie (vide)
velov,Lyon,2cf9e1daa2c7e2c0d73c9038a0166820,RÉPUBLIQUE / PAUFIQUE,0.0,0.0,28.0,28.0,1.0,0.0,45.759,4.835,0.0,1.0,penurie (vide)
velov,Lyon,2e36b340db6563a5581da813127db81c,GORGE DE LOUP,0.053,2.0,36.0,38.0,0.0,0.0,45.767,4.806,2.0,0.0,penurie (vide)
velov,Lyon,2e4e22a0dfb66087268cdc16454eaaa1,PLACE EDGAR QUINET,0.81,17.0,4.0,21.0,0.0,0.0,45.766,4.845,17.0,0.0,penurie (vide)
velov,Lyon,2f4d20dd846df0e050834fecae7fbcb2,PLACE SAINTE ANNE,0.059,1.0,16.0,17.0,0.0,0.0,45.757,4.865,1.0,0.0,penurie (vide)
velov,Lyon,2fabe6cc449c6c4487897a32db701150,CROIX LUIZET,0.429,9.0,12.0,21.0,0.0,0.0,45.781,4.884,9.0,0.0,penurie (vide)
velov,Lyon,300c361b9e2407631efb90a562719b49,BOUVIER,0.688,11.0,5.0,16.0,0.0,0.0,45.779,4.892,11.0,0.0,penurie (vide)
velov,Lyon,3036a5f2b8b6a9339b790c28078885b5,TASSIN - TUILERIES,0.167,2.0,10.0,12.0,0.0,0.0,45.763,4.779,2.0,0.0,penurie (vide)
velov,Lyon,312f6cbc9245230298d222d5748b8716,VAULX - HÔTEL DE VILLE,0.7,21.0,9.0,30.0,0.0,0.0,45.778,4.921,21.0,0.0,penurie (vide)
velov,Lyon,3291cad45a86d841a543e16fbc4603cc,PLACE RHODIACETA,0.364,4.0,7.0,11.0,0.0,0.0,45.771,4.808,4.0,0.0,penurie (vide)
velov,Lyon,329646994bf26906bbb13b15a73bb1e5,MÉNIVAL / EISENHOWER,0.0,0.0,12.0,12.0,1.0,0.0,45.757,4.783,0.0,1.0,penurie (vide)
velov,Lyon,32d15bfe42a56d84cbce4c4f058af107,JAURÈS / GERLAND,0.2,4.0,16.0,20.0,0.0,0.0,45.74,4.84,4.0,0.0,penurie (vide)
velov,Lyon,32e72c0973c16741759b32384671650b,VOILLOT / GARNIER,0.2,3.0,12.0,15.0,0.0,0.0,45.753,4.911,3.0,0.0,penurie (vide)
velov,Lyon,3387e4c474a119d883e4c06ad11f0a8c,BRON - CENTRE NAUTIQUE,0.385,5.0,8.0,13.0,0.0,0.0,45.743,4.909,5.0,0.0,penurie (vide)
velov,Lyon,338d4c0d8c2baacf5185e42b8fcb22de,PHILIPPE DE LASSALLE,0.0,0.0,22.0,22.0,1.0,0.0,45.773,4.821,0.0,1.0,penurie (vide)
velov,Lyon,33f32de166a8db9fdf6cbd2fcce4e07b,SAXE / MONCEY,0.346,9.0,17.0,26.0,0.0,0.0,45.758,4.846,9.0,0.0,penurie (vide)
velov,Lyon,34878cc68ce81fd4446076c3d30c7557,AMBROISE PARÉ,0.417,10.0,14.0,24.0,0.0,0.0,45.736,4.884,10.0,0.0,penurie (vide)
velov,Lyon,34992d2f0f44231d70e826d8c01b9a74,LES HALLES,1.0,17.0,0.0,17.0,0.0,1.0,45.762,4.85,17.0,1.0,saturation (pleine)
velov,Lyon,352c2692669bfced4fd168d911a17373,PLACE DE LA RECONNAISSANCE,0.0,0.0,31.0,31.0,1.0,0.0,45.754,4.885,0.0,1.0,penurie (vide)
velov,Lyon,354bf1c66a929a76b996f69b6f8f6010,GRANDCLÉMENT,0.556,10.0,8.0,18.0,0.0,0.0,45.76,4.89,10.0,0.0,penurie (vide)
velov,Lyon,35639c0f6a4143cdcd170a9e4ceb4b98,MARTINIÈRE / MONPLAISIR,0.111,2.0,16.0,18.0,0.0,0.0,45.741,4.868,2.0,0.0,penurie (vide)
velov,Lyon,356b98c8fbaa61e40822a74821dd8727,ROUVILLE,0.0,0.0,13.0,13.0,1.0,0.0,45.77,4.825,0.0,1.0,penurie (vide)
velov,Lyon,357baf5f4be1431ea58eace4be71a0bf,CONDORCET / GALLINE,0.467,7.0,8.0,15.0,0.0,0.0,45.776,4.867,7.0,0.0,penurie (vide)
velov,Lyon,36441d3e53679f40cd350d7f90b64a27,RUE DE LA BALEINE,0.143,2.0,12.0,14.0,0.0,0.0,45.763,4.829,2.0,0.0,penurie (vide)
velov,Lyon,3784c8451a78014aa0c9868ddb44ed47,CRÉQUI / VOLTAIRE,0.138,4.0,25.0,29.0,0.0,0.0,45.757,4.848,4.0,0.0,penurie (vide)
velov,Lyon,389f83f300298ce171e3b2d333414130,VILLETTE / SAINT-ANTOINE,0.913,21.0,2.0,23.0,0.0,0.0,45.763,4.862,21.0,0.0,penurie (vide)
velov,Lyon,38a68529941eb4d2c28dea15315bf334,CITÉ INTERNATIONALE / RÉSIDENCE HÔTELIÈRE,0.963,26.0,1.0,27.0,0.0,0.0,45.785,4.856,26.0,0.0,penurie (vide)
velov,Lyon,38dc27d852724c71148f7b3fb99fa20f,DECINES - CENTRE,0.35,7.0,13.0,20.0,0.0,0.0,45.772,4.956,7.0,0.0,penurie (vide)
velov,Lyon,39251cf99a14730f80a9231ec34df74b,ROSSELINI / 11 NOVEMBRE,0.867,26.0,4.0,30.0,0.0,0.0,45.779,4.863,26.0,0.0,penurie (vide)
velov,Lyon,39c7d48f5c92341841a3b611b546379c,CHASSIEU - GENAS / PROGRES,0.5,6.0,6.0,12.0,0.0,0.0,45.738,4.97,6.0,0.0,penurie (vide)
velov,Lyon,39d716be07eeb3fa5b1dd27b998d6418,TERREAUX / BEAUX ARTS,0.0,0.0,11.0,11.0,1.0,0.0,45.767,4.834,0.0,1.0,penurie (vide)
velov,Lyon,3ba39fe908b69d216d09017beae8427c,GAMBETTA / JUSSERAND,0.077,1.0,12.0,13.0,0.0,0.0,45.751,4.856,1.0,0.0,penurie (vide)
velov,Lyon,3e956af805c822af845210097eb54b09,MONTEE DE L'OBSERVANCE,0.0,0.0,11.0,11.0,1.0,0.0,45.768,4.809,0.0,1.0,penurie (vide)
velov,Lyon,3f06a127b1e8fda3ca3ff3199d741acb,ZOLA / FRANCE,0.0,0.0,16.0,16.0,1.0,0.0,45.768,4.887,0.0,1.0,penurie (vide)
velov,Lyon,3f316a493ef99b7db30a6fbf260d33c5,BOURSE DU TRAVAIL,0.926,25.0,2.0,27.0,0.0,0.0,45.76,4.848,25.0,0.0,penurie (vide)
velov,Lyon,403a90affa4a196192983276a8c42b25,PLACE REGAUD,0.818,9.0,2.0,11.0,0.0,0.0,45.763,4.834,9.0,0.0,penurie (vide)
velov,Lyon,412a896968f67b361df2f0bb53fc8b37,BUYER / APOLLINAIRE,0.053,1.0,18.0,19.0,0.0,0.0,45.762,4.803,1.0,0.0,penurie (vide)
velov,Lyon,41efe59ddcddd6322466ce16d8b6d799,HERRIOT / MAUPIN,0.043,1.0,22.0,23.0,0.0,0.0,45.759,4.834,1.0,0.0,penurie (vide)
velov,Lyon,42848c548e5157386c24ba266a246b99,VIVIER MERLE / PAUL BERT OUEST,0.947,18.0,1.0,19.0,0.0,0.0,45.757,4.858,18.0,0.0,penurie (vide)
velov,Lyon,43d947806c6ceeafe2c4cd2188284a98,BERTHELOT / VILLON,0.167,2.0,10.0,12.0,0.0,0.0,45.738,4.863,2.0,0.0,penurie (vide)
velov,Lyon,43f84f28106313a80e53175cfbd8b8b7,PLACE DANTON,0.444,8.0,10.0,18.0,0.0,0.0,45.755,4.857,8.0,0.0,penurie (vide)
velov,Lyon,43fa6db9e3193bd90153b6c863f129f5,TERREAUX / CHENAVARD,0.062,1.0,15.0,16.0,0.0,0.0,45.767,4.833,1.0,0.0,penurie (vide)
velov,Lyon,44b07c48659a3ff7465b8e214616f772,PLACE ROUGET DE L'ISLE,0.0,0.0,14.0,14.0,1.0,0.0,45.754,4.867,0.0,1.0,penurie (vide)
velov,Lyon,4535a7e8f93c97f7dbb24658b639d13c,ALSACE ANATOLE FRANCE,0.056,1.0,17.0,18.0,0.0,0.0,45.767,4.87,1.0,0.0,penurie (vide)
velov,Lyon,46388cfbed6b2c7fca13d5a225aaa702,ANDREI SAKHAROV,0.0,0.0,12.0,12.0,1.0,0.0,45.787,4.797,0.0,1.0,penurie (vide)
velov,Lyon,466e91bbc5702a815bd7217d30669056,ANATOLE FRANCE / ZOLA,0.231,3.0,10.0,13.0,0.0,0.0,45.769,4.884,3.0,0.0,penurie (vide)
velov,Lyon,46c8dcad54f3f0435af9dcfba190b82f,DOCTEUR DAMIDOT,0.611,11.0,7.0,18.0,0.0,0.0,45.762,4.886,11.0,0.0,penurie (vide)
velov,Lyon,47e42c887d8dc5b8687525432258acee,HALLE TONY GARNIER,1.0,19.0,0.0,19.0,0.0,1.0,45.731,4.824,19.0,1.0,saturation (pleine)
velov,Lyon,49a1cffd61aeff6735f6a519e2383fbc,CHAZETTE LASSAGNE,0.0,0.0,18.0,18.0,1.0,0.0,45.773,4.837,0.0,1.0,penurie (vide)
velov,Lyon,49e7e745b5a3a234931a0599dae9266a,PHILOMENE MAGNIN,,0.0,0.0,0.0,1.0,1.0,45.752,4.859,,1.0,penurie (vide)
velov,Lyon,4b779395a0d0430d50c09cc21995e9cd,BOUSSANGES / AUSTERLITZ,0.0,0.0,17.0,17.0,1.0,0.0,45.775,4.835,0.0,1.0,penurie (vide)
velov,Lyon,4c61662061f6f44e2b197cd77d68887c,RÉPUBLIQUE,0.125,2.0,14.0,16.0,0.0,0.0,45.771,4.873,2.0,0.0,penurie (vide)
velov,Lyon,4e451cab8e421f2ac1fd8fa79014f96f,CALUIRE - LA ROCHETTE,0.1,2.0,18.0,20.0,0.0,0.0,45.792,4.824,2.0,0.0,penurie (vide)
velov,Lyon,4eaa4d2e7cc4ef96886b6dc6c8e55915,DOMER / CHEVREUL,0.0,0.0,11.0,11.0,1.0,0.0,45.747,4.844,0.0,1.0,penurie (vide)
velov,Lyon,500804230f3aa8f0f6fff32e0171f657,SALENGRO / FEYSSINE,0.5,8.0,8.0,16.0,0.0,0.0,45.783,4.891,8.0,0.0,penurie (vide)
velov,Lyon,503f966568047bc05d8eab44b969096c,OPÉRA,0.024,1.0,40.0,41.0,0.0,0.0,45.768,4.837,1.0,0.0,penurie (vide)
velov,Lyon,50da3b04a9fd78b54bcb067d7b20cb9d,SERVIENT / GARIBALDI,0.938,30.0,2.0,32.0,0.0,0.0,45.761,4.853,30.0,0.0,penurie (vide)
velov,Lyon,50f30500f7fc0b51cd23b59132a67513,CONFLUENCE / DOCKS,0.76,19.0,6.0,25.0,0.0,0.0,45.739,4.815,19.0,0.0,penurie (vide)
velov,Lyon,5109a0d0364475b12996b83a18e53a9d,BELLECOUR / RÉPUBLIQUE,0.056,1.0,17.0,18.0,0.0,0.0,45.758,4.835,1.0,0.0,penurie (vide)
velov,Lyon,51da2d8306dc0676676e2e0dbed8c6fc,PIERRE DELORE,0.15,3.0,17.0,20.0,0.0,0.0,45.739,4.852,3.0,0.0,penurie (vide)
velov,Lyon,532bfade2b0d91294fcb3b4611572be9,RILLIEUX - LOUP PENDU,0.842,16.0,3.0,19.0,0.0,0.0,45.817,4.889,16.0,0.0,penurie (vide)
velov,Lyon,537e4d51be4d415ed3863eed360a40b7,ST PRIEST - CITE BERLIET,0.474,9.0,10.0,19.0,0.0,0.0,45.706,4.901,9.0,0.0,penurie (vide)
velov,Lyon,5404bff81dcfa0a3337ba9966a593594,CITÉ SCOLAIRE INTERNATIONALE,1.0,25.0,0.0,25.0,0.0,1.0,45.728,4.824,25.0,1.0,saturation (pleine)
velov,Lyon,5490bf757ee0ceee1171798ff9b39795,COLLONGES - GARE,0.708,17.0,7.0,24.0,0.0,0.0,45.831,4.847,17.0,0.0,penurie (vide)
velov,Lyon,55225429663ee0f22500cb1912d0ae2b,NEUVILLE - QUAI PASTEUR,0.4,8.0,12.0,20.0,0.0,0.0,45.877,4.839,8.0,0.0,penurie (vide)
velov,Lyon,55bde4c82041593ad7674f4204eed015,VENISSIEUX - PLACE ROMAND,0.55,11.0,9.0,20.0,0.0,0.0,45.726,4.858,11.0,0.0,penurie (vide)
velov,Lyon,568809072a1e86de465aac16e6e0bb22,JAURES SAINT EXUPERY,0.0,0.0,21.0,21.0,1.0,0.0,45.758,4.883,0.0,1.0,penurie (vide)
velov,Lyon,56b81b6acb3824a0de9ad79d73058889,MASARYK / SAINT-CYR,0.692,9.0,4.0,13.0,0.0,0.0,45.779,4.807,9.0,0.0,penurie (vide)
velov,Lyon,56cce3505af63f50a890367a5e734700,SISLEY / DAUPHINE,0.0,0.0,16.0,16.0,1.0,0.0,45.752,4.869,0.0,1.0,penurie (vide)
velov,Lyon,5750bc72262955ce54e0257bc5e34e9d,INSTITUT D'ART CONTEMPORAIN,0.042,1.0,23.0,24.0,0.0,0.0,45.761,4.872,1.0,0.0,penurie (vide)
velov,Lyon,589e860769dc315ae4bb8fc4dd84c21a,PLACE DE L'HIPPODROME,0.333,8.0,16.0,24.0,0.0,0.0,45.746,4.824,8.0,0.0,penurie (vide)
velov,Lyon,5968c7d5135facc4bb715955e992c6e4,SERGENT BERTHET / GORGE DE LOUP,1.0,15.0,0.0,15.0,0.0,1.0,45.77,4.805,15.0,1.0,saturation (pleine)
velov,Lyon,5984c4ee03a6bdfc65d15234532dc953,4 AOUT / RACINE,0.321,9.0,19.0,28.0,0.0,0.0,45.764,4.878,9.0,0.0,penurie (vide)
velov,Lyon,5a59f3e45976eba38aacdf4be0da80c2,LAFAYETTE / INKERMANN,0.167,5.0,25.0,30.0,0.0,0.0,45.764,4.866,5.0,0.0,penurie (vide)
velov,Lyon,5a7edbd932699581460074a502172973,GARIBALDI / DOMER,0.0,0.0,19.0,19.0,1.0,0.0,45.748,4.852,0.0,1.0,penurie (vide)
velov,Lyon,5b5408cdbf64dd45a8b3623ba3800733,SAINT-LUC / SAINT-JOSEPH,0.333,11.0,22.0,33.0,0.0,0.0,45.749,4.835,11.0,0.0,penurie (vide)
velov,Lyon,5c19a6d7419c06fba366f5ebe1913231,KIMMERLING / FAURE,0.263,5.0,14.0,19.0,0.0,0.0,45.754,4.864,5.0,0.0,penurie (vide)
velov,Lyon,5ca352497a3e62cf20e82d81a5344d9c,VENISSIEUX PARILLY,0.833,20.0,4.0,24.0,0.0,0.0,45.72,4.888,20.0,0.0,penurie (vide)
velov,Lyon,5d1e05b69a25d212bfaf1e08a835c31d,VAULX - BIBLIOTHEQUE,0.667,10.0,5.0,15.0,0.0,0.0,45.757,4.927,10.0,0.0,penurie (vide)
velov,Lyon,5e08a7642ae353563451fb2d83e11e14,CROIX ROUSSE / PERFETTI,0.105,2.0,17.0,19.0,0.0,0.0,45.772,4.819,2.0,0.0,penurie (vide)
velov,Lyon,5e2bde653282d80e90c470aa7caf0bce,MUSEE AFRICAIN,0.048,1.0,20.0,21.0,0.0,0.0,45.75,4.858,1.0,0.0,penurie (vide)
velov,Lyon,5e63d8f7856e4f0ff351bd04500908ea,TONKIN,0.25,2.0,6.0,8.0,0.0,0.0,45.776,4.863,2.0,0.0,penurie (vide)
velov,Lyon,5e80cdecab7fe0ad2d1bff86488e3076,QUAI SARRAIL,0.357,5.0,9.0,14.0,0.0,0.0,45.767,4.841,5.0,0.0,penurie (vide)
velov,Lyon,5ebb159eeb9f653764b7fd35a60d505f,CHATEAU GAILLARD / BIENVENUS,0.533,8.0,7.0,15.0,0.0,0.0,45.778,4.884,8.0,0.0,penurie (vide)
velov,Lyon,5fc218ba75f0c1058de1bcfde9e5a9a2,CITÉ INTERNATIONALE,0.952,20.0,1.0,21.0,0.0,0.0,45.785,4.854,20.0,0.0,penurie (vide)
velov,Lyon,608dc6915bf3599cacc99019cdf356e6,PAUL BERT / GARIBALDI,0.524,11.0,10.0,21.0,0.0,0.0,45.757,4.853,11.0,0.0,penurie (vide)
velov,Lyon,60f37637a6bd4d37e902b7672c8c3cad,GREGORY COUPET,0.188,3.0,13.0,16.0,0.0,0.0,45.782,4.821,3.0,0.0,penurie (vide)
velov,Lyon,61cbffac1bfcbd68f2b69f0d6d1e23c0,PORTE DES ENFANTS DU RHÔNE,0.077,3.0,36.0,39.0,0.0,0.0,45.778,4.845,3.0,0.0,penurie (vide)
velov,Lyon,62028aefd8287521525cf5ed6c29da84,BANCEL / CHEVREUL,0.286,6.0,15.0,21.0,0.0,0.0,45.749,4.841,6.0,0.0,penurie (vide)
velov,Lyon,6292b7f14d6040ea8a7cba31d6f31049,4 AOÛT 1789 / PRESSENSÉ,0.789,15.0,4.0,19.0,0.0,0.0,45.766,4.899,15.0,0.0,penurie (vide)
velov,Lyon,629aeee1a2bcfaa5278e4b5f53f9ba28,DAUPHINÉ / SAINT-MAXIMIN,0.1,3.0,27.0,30.0,0.0,0.0,45.75,4.865,3.0,0.0,penurie (vide)
velov,Lyon,63164661af85e80ee10992b1cb09028a,GARE DES BROTTEAUX,1.0,16.0,0.0,16.0,0.0,1.0,45.767,4.859,16.0,1.0,saturation (pleine)
velov,Lyon,63e040f654050af33dee07aed1c18847,CROUS,0.062,1.0,15.0,16.0,0.0,0.0,45.745,4.848,1.0,0.0,penurie (vide)
velov,Lyon,64e9891e30daf3c06928fce92d5d8fa6,LAENNEC / PINEL,0.867,13.0,2.0,15.0,0.0,0.0,45.735,4.89,13.0,0.0,penurie (vide)
velov,Lyon,650a96f5123072a9a9bd4d04ead89d46,BERTHELOT / GARIBALDI,0.0,0.0,15.0,15.0,1.0,0.0,45.744,4.847,0.0,1.0,penurie (vide)
velov,Lyon,652307afe9b66ab0f0d6811eb61ea0f7,VENISSIEUX - MARTYRS DE LA RESISTANCE,0.267,4.0,11.0,15.0,0.0,0.0,45.693,4.874,4.0,0.0,penurie (vide)
velov,Lyon,6534a523c338bf851199649cbd7a7e95,PISCINE DU RHÔNE,0.933,28.0,2.0,30.0,0.0,0.0,45.754,4.838,28.0,0.0,penurie (vide)
velov,Lyon,662da9cbb2f9417b75ced455c35dec80,PART-DIEU / GARIBALDI,0.75,15.0,5.0,20.0,0.0,0.0,45.763,4.853,15.0,0.0,penurie (vide)
velov,Lyon,66328d3e36b1682a9ca44d681df43686,CHARMETTES / BELLECOMBE,0.095,2.0,19.0,21.0,0.0,0.0,45.766,4.865,2.0,0.0,penurie (vide)
velov,Lyon,6638766c446a1fbf29c6d9ee32881db8,ST FONS - 4 CHEMINS,0.182,2.0,9.0,11.0,0.0,0.0,45.708,4.855,2.0,0.0,penurie (vide)
velov,Lyon,675b9ad1b45bfd558d052f6aff1c4c9b,FAURE / MEYNIS,0.0,0.0,29.0,29.0,1.0,0.0,45.755,4.871,0.0,1.0,penurie (vide)
velov,Lyon,677b63e31e09221fe375dcacff0c74aa,GARIBALDI / PENSIONNAT,0.179,5.0,23.0,28.0,0.0,0.0,45.755,4.853,5.0,0.0,penurie (vide)
velov,Lyon,67c1cf0a31ee2e3ee34673a516763c92,QUAI ROMAIN ROLLAND,0.176,3.0,14.0,17.0,0.0,0.0,45.762,4.829,3.0,0.0,penurie (vide)
velov,Lyon,697e3ae30ca74fd92089f9f346034f92,DOUA / RUE DES SPORTS,0.793,23.0,6.0,29.0,0.0,0.0,45.785,4.877,23.0,0.0,penurie (vide)
velov,Lyon,69a5746cf951708985047fdf9dbffa49,PATINOIRE CHARLEMAGNE,0.914,32.0,3.0,35.0,0.0,0.0,45.743,4.82,32.0,0.0,penurie (vide)
velov,Lyon,69a6df77b3224cc4da305c9e79850196,TECHSUD,0.818,9.0,2.0,11.0,0.0,0.0,45.723,4.843,9.0,0.0,penurie (vide)
velov,Lyon,69d249af028778164880a28db06050d1,MÉNIVAL / JOLIOT CURIE,0.0,0.0,20.0,20.0,1.0,0.0,45.755,4.788,0.0,1.0,penurie (vide)
velov,Lyon,6a1f22821fe8c1622de482371049d4ec,LUGDUNUM - RADISSON,0.0,0.0,15.0,15.0,1.0,0.0,45.761,4.82,0.0,1.0,penurie (vide)
velov,Lyon,6aafad860414b63087a47f616d4a3d3f,LA PERRALIÈRE,0.227,5.0,17.0,22.0,0.0,0.0,45.765,4.892,5.0,0.0,penurie (vide)
velov,Lyon,6bc13cd1b76ff880a89b0bb03765fc12,JEAN XXIII / MERMOZ,0.211,4.0,15.0,19.0,0.0,0.0,45.736,4.87,4.0,0.0,penurie (vide)
velov,Lyon,6dea3a5f7975f9b758cbc684be5a1175,CHAZIÈRE,0.0,0.0,19.0,19.0,1.0,0.0,45.775,4.818,0.0,1.0,penurie (vide)
velov,Lyon,6dffd1fbfb8afa084ca96d949dd4b382,SALA / CHARITÉ,0.3,6.0,14.0,20.0,0.0,0.0,45.754,4.833,6.0,0.0,penurie (vide)
velov,Lyon,6e7ec24bc75e95d3933a866d1545b96c,L'HOMME DE LA ROCHE,0.048,1.0,20.0,21.0,0.0,0.0,45.767,4.82,1.0,0.0,penurie (vide)
velov,Lyon,6fb10a8aa304624bf5cbdddcf5dad060,ST FONS - THEATRE,0.222,4.0,14.0,18.0,0.0,0.0,45.708,4.862,4.0,0.0,penurie (vide)
velov,Lyon,704c449362f41ea14f0056396221c075,BIRMINGHAM,0.579,11.0,8.0,19.0,0.0,0.0,45.775,4.813,11.0,0.0,penurie (vide)
velov,Lyon,709e3484fc95102d103ccb7709b71f2a,MAIRIE DU 4E,0.053,1.0,18.0,19.0,0.0,0.0,45.774,4.828,1.0,0.0,penurie (vide)
velov,Lyon,711205c78d765fc546a853c98442f03a,BOULEVARD DES BELGES,0.286,4.0,10.0,14.0,0.0,0.0,45.773,4.852,4.0,0.0,penurie (vide)
velov,Lyon,716038b2fe3fa463e14ac3d2b6bf9312,VENISSIEUX - GARE,0.52,13.0,12.0,25.0,0.0,0.0,45.709,4.887,13.0,0.0,penurie (vide)
velov,Lyon,722d443cfce1e15e80dc4c5c57f563ed,PART-DIEU / DERUELLE,0.865,32.0,5.0,37.0,0.0,0.0,45.763,4.857,32.0,0.0,penurie (vide)
velov,Lyon,726a8480c2e8590d487221c0d228b8ab,CAZENEUVE,0.556,10.0,8.0,18.0,0.0,0.0,45.734,4.863,10.0,0.0,penurie (vide)
velov,Lyon,7277adb63b40b16e1ef8007fb6a33d46,MUSÉE GUIMET,0.267,4.0,11.0,15.0,0.0,0.0,45.775,4.848,4.0,0.0,penurie (vide)
velov,Lyon,728c37402e477fd819e5271c54f0fba5,SANTY / BEAUVISAGE,0.0,0.0,16.0,16.0,1.0,0.0,45.732,4.874,0.0,1.0,penurie (vide)
velov,Lyon,72da283b74de6815dfe9a776aa41bc9b,COLIN / PERRONCEL,0.071,1.0,13.0,14.0,0.0,0.0,45.775,4.874,1.0,0.0,penurie (vide)
velov,Lyon,731294275a094dbfe6fd91cbf564385a,BRON - PLACE CURIAL,0.68,17.0,8.0,25.0,0.0,0.0,45.737,4.917,17.0,0.0,penurie (vide)
velov,Lyon,736fdf865951ad2c0a1e22b688ceb05a,RÉCAMIER / TÊTE D'OR,1.0,16.0,0.0,16.0,0.0,1.0,45.764,4.853,16.0,1.0,saturation (pleine)
velov,Lyon,73700f49538e28ac8b50a6440da11861,SAINT EXUPÉRY,0.0,0.0,14.0,14.0,1.0,0.0,45.759,4.879,0.0,1.0,penurie (vide)
velov,Lyon,73c7e2f7ce9074d76aa2c35483297db0,PART-DIEU / CUIRASSIERS,0.667,24.0,12.0,36.0,0.0,0.0,45.76,4.858,24.0,0.0,penurie (vide)
velov,Lyon,73e1b91ac871fb4714f483aa5a7ce22f,QUAI LASSAGNE,0.0,0.0,16.0,16.0,1.0,0.0,45.772,4.838,0.0,1.0,penurie (vide)
velov,Lyon,749d790cb222b75a08e2fcca373929f4,EINSTEIN / 11 NOVEMBRE 1918,0.294,10.0,24.0,34.0,0.0,0.0,45.779,4.874,10.0,0.0,penurie (vide)
velov,Lyon,7509a515ab44e8cac6a01c91c1f26914,PERRACHE / DE PURY,1.0,18.0,0.0,18.0,0.0,1.0,45.739,4.823,18.0,1.0,saturation (pleine)
velov,Lyon,7583d81e4b8bb89c8efbf2a095bce2f0,MERIEUX / PAVILLONS,1.0,16.0,0.0,16.0,0.0,1.0,45.729,4.83,16.0,1.0,saturation (pleine)
velov,Lyon,77621ac5fea32a00bf00266839d1443a,JAURÈS / THIBAUDIÈRE,0.077,2.0,24.0,26.0,0.0,0.0,45.75,4.845,2.0,0.0,penurie (vide)
velov,Lyon,79896a21ca072abb0074847be028b756,SAINT GENIS - HOPITAUX SUD,0.467,7.0,8.0,15.0,0.0,0.0,45.701,4.804,7.0,0.0,penurie (vide)
velov,Lyon,7b23cab50e329334148884c20bff9ee3,MAIRIE DE VILLEURBANNE,0.6,15.0,10.0,25.0,0.0,0.0,45.767,4.88,15.0,0.0,penurie (vide)
velov,Lyon,7b2a08ef163b6f79451a4ba8e5613741,MERMOZ / MICHELET,0.9,9.0,1.0,10.0,0.0,0.0,45.733,4.879,9.0,0.0,penurie (vide)
velov,Lyon,7c6634382ccb9613aeb3e75e56c00b23,PRIMAT / DECORPS,0.667,8.0,4.0,12.0,0.0,0.0,45.757,4.9,8.0,0.0,penurie (vide)
velov,Lyon,7c68b4562358ab6796a10ce4243e829b,CUSSET,0.111,2.0,16.0,18.0,0.0,0.0,45.765,4.901,2.0,0.0,penurie (vide)
velov,Lyon,7e083bab14ada35e20bd1954720fb702,ECOLE DE MUSIQUE,0.0,0.0,23.0,23.0,1.0,0.0,45.767,4.874,0.0,1.0,penurie (vide)
velov,Lyon,7e332e78d7bea489b1965f5383c72f5f,GARE DE VILLEURBANNE,0.4,8.0,12.0,20.0,0.0,0.0,45.756,4.892,8.0,0.0,penurie (vide)
velov,Lyon,7eb193b3476624e8fd4e512630cc4fd5,PLACE VARILLON (FUNICULAIRE ST JUST),0.043,1.0,22.0,23.0,0.0,0.0,45.757,4.815,1.0,0.0,penurie (vide)
velov,Lyon,7f67bfeb613e8b53b7a009ecf671783a,FULCHIRON,0.0,0.0,19.0,19.0,1.0,0.0,45.752,4.822,0.0,1.0,penurie (vide)
velov,Lyon,8129ced2951386ff85f27804e53fb82d,KIMMERLING,0.938,15.0,1.0,16.0,0.0,0.0,45.753,4.899,15.0,0.0,penurie (vide)
velov,Lyon,813a6313f946f9c24eec1df06b1cf07a,PAUL SANTY,0.062,1.0,15.0,16.0,0.0,0.0,45.729,4.877,1.0,0.0,penurie (vide)
velov,Lyon,81ae5cb29c3ef56d74c0c3bacdf18b0f,CITÉ INTERNATIONALE / INTERPOL,0.704,19.0,8.0,27.0,0.0,0.0,45.782,4.849,19.0,0.0,penurie (vide)
velov,Lyon,8287c650c5be3ff90fe3bae60e214bff,FAURE / DANTON,0.042,1.0,23.0,24.0,0.0,0.0,45.754,4.858,1.0,0.0,penurie (vide)
velov,Lyon,8297e533e7229435b1048fe6054d863d,BRON - MAIRIE,0.783,18.0,5.0,23.0,0.0,0.0,45.734,4.909,18.0,0.0,penurie (vide)
velov,Lyon,82e1a3e20f61c397dc9e6307f10b1ae6,QUAI PAUL SÉDALLIAN,0.95,19.0,1.0,20.0,0.0,0.0,45.788,4.814,19.0,0.0,penurie (vide)
velov,Lyon,837aeffe8f8d20b6649eff825fbc26bd,ANATOLE FRANCE,0.222,2.0,7.0,9.0,0.0,0.0,45.77,4.89,2.0,0.0,penurie (vide)
velov,Lyon,8380a8a3da42a5c315457117445cd3d2,PERRACHE / PETIT,0.778,14.0,4.0,18.0,0.0,0.0,45.744,4.827,14.0,0.0,penurie (vide)
velov,Lyon,838a35fd145f6a622e8139b4f5cefec6,CHAMPVERT,0.105,2.0,17.0,19.0,0.0,0.0,45.764,4.793,2.0,0.0,penurie (vide)
velov,Lyon,83a561a1f9412361b6dc85149b6bce5c,PLACE DES ARCHIVES,0.25,10.0,30.0,40.0,0.0,0.0,45.748,4.825,10.0,0.0,penurie (vide)
velov,Lyon,83d2bbb7015fd9f23f6f54beb40a27fc,STALINGRAD,0.952,20.0,1.0,21.0,0.0,0.0,45.774,4.859,20.0,0.0,penurie (vide)
velov,Lyon,841e6f7ad68e81c2123e1989528b72bd,BATAILLE / KRÜGER,0.444,8.0,10.0,18.0,0.0,0.0,45.736,4.88,8.0,0.0,penurie (vide)
velov,Lyon,84edc146cd52f29693c77bf864b6f515,COUZON - CENTRE,0.824,14.0,3.0,17.0,0.0,0.0,45.846,4.832,14.0,0.0,penurie (vide)
velov,Lyon,8546326ec480e6c8d5496f94417c4143,ETATS-UNIS / LÉVIGNE,0.682,15.0,7.0,22.0,0.0,0.0,45.732,4.865,15.0,0.0,penurie (vide)
velov,Lyon,859813a4346e399f816dd8b8a0e7c8f5,THÉÂTRE NOUVELLE GÉNÉRATION,1.0,16.0,0.0,16.0,0.0,1.0,45.777,4.803,16.0,1.0,saturation (pleine)
velov,Lyon,85a0e44ac592a8349b0c2c75cea0d770,VÉNISSIEUX - LÉVY / VIENNE,0.556,10.0,8.0,18.0,0.0,0.0,45.719,4.855,10.0,0.0,penurie (vide)
velov,Lyon,8639df58b44a2035a327b5b36d86a615,JACQUARD / DENFERT-ROCHEREAU,0.286,4.0,10.0,14.0,0.0,0.0,45.776,4.825,4.0,0.0,penurie (vide)
velov,Lyon,8665f5b84178231835c9de188f3dd2dd,ROSA PARKS,0.267,4.0,11.0,15.0,0.0,0.0,45.787,4.79,4.0,0.0,penurie (vide)
velov,Lyon,8761385305792625174e9c386a588f0d,PIATON / CONDORCET,0.278,5.0,13.0,18.0,0.0,0.0,45.774,4.868,5.0,0.0,penurie (vide)
velov,Lyon,879c2da9ba1bca7e4104b54d123bf8b7,MÉMOIRE ET SOCIÉTÉ,0.583,14.0,10.0,24.0,0.0,0.0,45.76,4.883,14.0,0.0,penurie (vide)
velov,Lyon,87b30a6ef0b32a476bc9eb9fd45f76d3,PLACE FLAMMARION,0.0,0.0,18.0,18.0,1.0,0.0,45.779,4.82,0.0,1.0,penurie (vide)
velov,Lyon,8841d080c82f764c7ec256eaf32786c6,PLACE TOLOZAN,0.056,2.0,34.0,36.0,0.0,0.0,45.77,4.837,2.0,0.0,penurie (vide)
velov,Lyon,88a95308b7044d1aa7ab2c3fdc5a3745,ST DIDIER,0.118,2.0,15.0,17.0,0.0,0.0,45.792,4.808,2.0,0.0,penurie (vide)
velov,Lyon,8934081fb89b38866f09dcacc01063ba,FRANCIS DE PRESSENSÉ,0.136,3.0,19.0,22.0,0.0,0.0,45.731,4.86,3.0,0.0,penurie (vide)
velov,Lyon,89ed32b2b82a54718ee1a5992c53d58b,FARGE / AYASSE,0.8,16.0,4.0,20.0,0.0,0.0,45.736,4.828,16.0,0.0,penurie (vide)
velov,Lyon,8b800f2165d24302b600958b89d48436,ALLEE DE L'EUROPE,0.0,0.0,12.0,12.0,1.0,0.0,45.784,4.794,0.0,1.0,penurie (vide)
velov,Lyon,8d344eb1ede020829352f8f01f126301,CHALLEMEL LACOUR / GERLAND,0.833,10.0,2.0,12.0,0.0,0.0,45.73,4.838,10.0,0.0,penurie (vide)
velov,Lyon,8d506ef00d07c02510ecda9859de877e,SERVANT / JABOULAY,0.062,1.0,15.0,16.0,0.0,0.0,45.747,4.842,1.0,0.0,penurie (vide)
velov,Lyon,8e10ba34508c5e61567e7f0285cf30df,LYCEE LOUISE LABE,0.947,18.0,1.0,19.0,0.0,0.0,45.74,4.832,18.0,0.0,penurie (vide)
velov,Lyon,8e10ec35933922a127449bdcc03dd2d9,BRON - UNIVERSITE,1.0,30.0,0.0,30.0,0.0,1.0,45.722,4.915,30.0,1.0,saturation (pleine)
velov,Lyon,8e7322d27146a38b67de62aafd0845bc,JEAN XXIII,0.067,1.0,14.0,15.0,0.0,0.0,45.74,4.874,1.0,0.0,penurie (vide)
velov,Lyon,8f21984273feac2c60d86f861b634c98,LES HALLES,0.846,11.0,2.0,13.0,0.0,0.0,45.764,4.85,11.0,0.0,penurie (vide)
velov,Lyon,933e60237d9cf2a919350a02204e35e8,DELORE / AUDIBERT ET LAVIROTTE,0.059,1.0,16.0,17.0,0.0,0.0,45.736,4.857,1.0,0.0,penurie (vide)
velov,Lyon,93e2216936d3ec17e2fcf1c90b0b3d19,PLACE COMMANDANT  ARNAUD,0.0,0.0,16.0,16.0,1.0,0.0,45.78,4.835,0.0,1.0,penurie (vide)
velov,Lyon,93fdd962b59b61741a84df2c3f1a8124,LAËNNEC,0.438,7.0,9.0,16.0,0.0,0.0,45.741,4.88,7.0,0.0,penurie (vide)
velov,Lyon,962c34a494d29737aa7c534f85566949,DOUA / GASTON BERGER,0.586,17.0,12.0,29.0,0.0,0.0,45.781,4.871,17.0,0.0,penurie (vide)
velov,Lyon,967b006f4f38d4ef8f58cf71535e4964,SANS SOUCI,0.222,4.0,14.0,18.0,0.0,0.0,45.747,4.865,4.0,0.0,penurie (vide)
velov,Lyon,97271ec38cf3c81a088fe83f512b1b23,PIZAY,0.048,1.0,20.0,21.0,0.0,0.0,45.767,4.836,1.0,0.0,penurie (vide)
velov,Lyon,9760a86c20d02c804917f7ff8567d869,PRÉFECTURE / SARRAIL,0.211,4.0,15.0,19.0,0.0,0.0,45.765,4.842,4.0,0.0,penurie (vide)
velov,Lyon,9777e38be2f2691f80f186aa104b5ecb,QUAI AUGAGNEUR,0.667,12.0,6.0,18.0,0.0,0.0,45.762,4.841,12.0,0.0,penurie (vide)
velov,Lyon,97998d1cac6cab657aed9f266f9b80ca,PONT MASARYK,0.273,6.0,16.0,22.0,0.0,0.0,45.778,4.811,6.0,0.0,penurie (vide)
velov,Lyon,985cd8284ae73da9ce54d73ed10a4c60,CALUIRE - GARE DE CUIRE,0.05,1.0,19.0,20.0,0.0,0.0,45.785,4.833,1.0,0.0,penurie (vide)
velov,Lyon,9938fd27ee17c9c89ca6181a29adc693,CARRET / SÉDALLIAN,0.444,8.0,10.0,18.0,0.0,0.0,45.792,4.821,8.0,0.0,penurie (vide)
velov,Lyon,99537b452ed964faeeae236427107fc6,HÉNON,0.0,0.0,21.0,21.0,1.0,0.0,45.78,4.828,0.0,1.0,penurie (vide)
velov,Lyon,998b368f0cebd57883d1f6f0f51de016,IUT / FEYSSINE,0.467,14.0,16.0,30.0,0.0,0.0,45.786,4.882,14.0,0.0,penurie (vide)
velov,Lyon,9aa48bf0d4e352b5657c691f81542db7,BIOPARC,0.636,14.0,8.0,22.0,0.0,0.0,45.74,4.888,14.0,0.0,penurie (vide)
velov,Lyon,9b47a2e7fcb25d9542fdeef80c7481a5,ALBIGNY - GARE,0.556,10.0,8.0,18.0,0.0,0.0,45.875,4.833,10.0,0.0,penurie (vide)
velov,Lyon,9b8fe034e16221ec9ca41a7f30e9d574,VAULX - POUDRETTE / LA SOIE,1.0,17.0,0.0,17.0,0.0,1.0,45.764,4.919,17.0,1.0,saturation (pleine)
velov,Lyon,9ba1566833e1dccf0aa97339b4e5daf8,PLACE SATHONAY,0.526,10.0,9.0,19.0,0.0,0.0,45.769,4.83,10.0,0.0,penurie (vide)
velov,Lyon,9c509f3aff9d00e44bcfe7930ffab476,MARIETTON / SOUVENIR,,0.0,0.0,0.0,1.0,1.0,45.776,4.796,,1.0,penurie (vide)
velov,Lyon,9c9cb529772491bee5f973a89f7d2db9,PLACE GABRIEL PÉRI,0.348,8.0,15.0,23.0,0.0,0.0,45.755,4.844,8.0,0.0,penurie (vide)
velov,Lyon,9cb66670116a88fd158aa855e2c3695f,PLACE ENNEMOND FOUSSERET,0.077,1.0,12.0,13.0,0.0,0.0,45.765,4.829,1.0,0.0,penurie (vide)
velov,Lyon,9cec5c713d866d96c6cb7bc363d3e3a3,ROCKEFELLER / ESQUIROL,0.0,0.0,21.0,21.0,1.0,0.0,45.741,4.886,0.0,1.0,penurie (vide)
velov,Lyon,9d13d3959c20baf8d4666311c434d22f,WOOSTOWER 2025,,0.0,0.0,0.0,1.0,1.0,45.725,4.829,,1.0,penurie (vide)
velov,Lyon,9d25d1642dde4a21d45b662e9febcca8,POINT DU JOUR / GRANGES,0.0,0.0,13.0,13.0,1.0,0.0,45.756,4.803,0.0,1.0,penurie (vide)
velov,Lyon,9d463ffe2d090193e3d4bba69f808091,UNIVERSITÉS LYON III / LYON II,0.947,36.0,2.0,38.0,0.0,0.0,45.751,4.836,36.0,0.0,penurie (vide)
velov,Lyon,9d526f4170deed574518e3480f95f2b9,GARIBALDI,0.3,3.0,7.0,10.0,0.0,0.0,45.771,4.85,3.0,0.0,penurie (vide)
velov,Lyon,9e00dd596dc0159cbf8f01c79b7a2a8d,VIVIER MERLE / PAUL BERT EST,1.0,20.0,0.0,20.0,0.0,1.0,45.757,4.859,20.0,1.0,saturation (pleine)
velov,Lyon,9e23a5a6ae00599e89cbf4d12566771c,SAINT PIERRE DE VAISE,0.333,5.0,10.0,15.0,0.0,0.0,45.773,4.808,5.0,0.0,penurie (vide)
velov,Lyon,9fe6b91c4794395f249783109adf4288,PLACE DU PORT MOUTON,0.111,2.0,16.0,18.0,0.0,0.0,45.774,4.81,2.0,0.0,penurie (vide)
velov,Lyon,9ffb7e2223a30fcf82fe0bd131c1cb03,PRIMAT / DUCROIZE,0.6,9.0,6.0,15.0,0.0,0.0,45.758,4.896,9.0,0.0,penurie (vide)
velov,Lyon,a06c9f9aaf1c5f6432ef7193fb0c7e62,UNIVERSITÉ LYON III,0.361,13.0,23.0,36.0,0.0,0.0,45.749,4.862,13.0,0.0,penurie (vide)
velov,Lyon,a0c2783161748143ca63d36132cd5051,POUDRETTE / MUSSET,0.667,12.0,6.0,18.0,0.0,0.0,45.758,4.921,12.0,0.0,penurie (vide)
velov,Lyon,a0df288b785197f14c37b0e8bf604bfb,PLACE MARÉCHAL LYAUTEY,0.053,1.0,18.0,19.0,0.0,0.0,45.769,4.842,1.0,0.0,penurie (vide)
velov,Lyon,a2538c39a29c935025c79de6b0a584c0,STE FOY - PLACE ST LUC,0.0,0.0,15.0,15.0,1.0,0.0,45.75,4.801,0.0,1.0,penurie (vide)
velov,Lyon,a2f5b6c74f3590198ae4d4f11e9e03c8,CHARLES HERNU,0.474,9.0,10.0,19.0,0.0,0.0,45.77,4.862,9.0,0.0,penurie (vide)
velov,Lyon,a3d4dab6c567f43a260f5ba8fa884247,VALDO / RIVET,0.0,0.0,18.0,18.0,1.0,0.0,45.75,4.789,0.0,1.0,penurie (vide)
velov,Lyon,a4456bd2dabe3b7fceac28ad81a316a5,SAINT-FONS - GARE,0.533,8.0,7.0,15.0,0.0,0.0,45.706,4.852,8.0,0.0,penurie (vide)
velov,Lyon,a6488f56bc86b074ff034013bb45dc55,SAINT FONS - ROCHETTES / CREST,0.0,0.0,15.0,15.0,1.0,0.0,45.695,4.856,0.0,1.0,penurie (vide)
velov,Lyon,a66c908fd0d5f72d69e32011c8e16416,ST ANTOINE / GRENETTE,0.304,7.0,16.0,23.0,0.0,0.0,45.763,4.832,7.0,0.0,penurie (vide)
velov,Lyon,a68692765362f944144d51f3d4258a5b,HOPITAL NEUROLOGIQUE,0.778,14.0,4.0,18.0,0.0,0.0,45.748,4.897,14.0,0.0,penurie (vide)
velov,Lyon,a78f4a4a2869d717baf9c3cae9c70002,PLACE LOUISE,0.143,2.0,12.0,14.0,0.0,0.0,45.751,4.885,2.0,0.0,penurie (vide)
velov,Lyon,a84925bd8f0ee60a55fab5179cdb6131,ROCARD OCTAVIE,0.5,12.0,12.0,24.0,0.0,0.0,45.781,4.89,12.0,0.0,penurie (vide)
velov,Lyon,a8c63695db7a4f26e6657712f127da08,CHILDEBERT / RIVIÈRE,0.696,16.0,7.0,23.0,0.0,0.0,45.76,4.836,16.0,0.0,penurie (vide)
velov,Lyon,a8eb0f1e3170e87d5919b4202583034f,VAILLANT / PERRONCEL,0.267,4.0,11.0,15.0,0.0,0.0,45.775,4.88,4.0,0.0,penurie (vide)
velov,Lyon,a921129813995a0aaa69fd8c783f82ca,OULLINS - PONT BLANC,0.5,12.0,12.0,24.0,0.0,0.0,45.72,4.798,12.0,0.0,penurie (vide)
velov,Lyon,ab69a7c231219b3ed27a94fde76d0c96,PARC DES BERGES,0.72,18.0,7.0,25.0,0.0,0.0,45.738,4.824,18.0,0.0,penurie (vide)
velov,Lyon,ac92175a0a393ae913e4feaca3e2f917,PLACE DE L'ECOLE,0.929,26.0,2.0,28.0,0.0,0.0,45.73,4.828,26.0,0.0,penurie (vide)
velov,Lyon,acdc21e3607e177de428e26652c2842b,VENISSIEUX - COBLOD,0.8,12.0,3.0,15.0,0.0,0.0,45.697,4.896,12.0,0.0,penurie (vide)
velov,Lyon,ace7a6e8628209af276e85e0bc5fb19a,PLACE LEBRET,0.25,3.0,9.0,12.0,0.0,0.0,45.736,4.853,3.0,0.0,penurie (vide)
velov,Lyon,acfa7529080264e3f2ffefe5b1d1a522,VIABERT / THIERS,0.714,10.0,4.0,14.0,0.0,0.0,45.766,4.862,10.0,0.0,penurie (vide)
velov,Lyon,ad0555063934378e516360e26cefb60e,MUSÉE DES CONFLUENCES,0.8,16.0,4.0,20.0,0.0,0.0,45.733,4.819,16.0,0.0,penurie (vide)
velov,Lyon,adfc4f081d449be6ff4d2e4b984b1406,PLACE D'ARSONVAL,0.387,12.0,19.0,31.0,0.0,0.0,45.743,4.879,12.0,0.0,penurie (vide)
velov,Lyon,af2e01ee6d757e72dda06ed1832d2236,CHARPENNES,0.0,0.0,43.0,43.0,1.0,0.0,45.77,4.863,0.0,1.0,penurie (vide)
velov,Lyon,b032c5e22b57a08b020ee1ccfbe49fbe,MANGINI,0.375,9.0,15.0,24.0,0.0,0.0,45.79,4.816,9.0,0.0,penurie (vide)
velov,Lyon,b0f3536c3513604b8c0bc4243fe88079,MASSÉNA,0.308,8.0,18.0,26.0,0.0,0.0,45.77,4.852,8.0,0.0,penurie (vide)
velov,Lyon,b2be485d4d77b4a38008e2c4abc7d1a5,BOIRON GRANGER,0.286,4.0,10.0,14.0,0.0,0.0,45.763,4.9,4.0,0.0,penurie (vide)
velov,Lyon,b3d14fd88b379147f12ca6df269397a2,PLATINE PLAISIR BEE,1.0,6.0,0.0,6.0,0.0,1.0,45.78,4.905,6.0,1.0,saturation (pleine)
velov,Lyon,b456bf4b617d5da0b3991b64b28e97af,SALENGRO / VAILLANT,0.0,0.0,24.0,24.0,1.0,0.0,45.778,4.88,0.0,1.0,penurie (vide)
velov,Lyon,b463535393944779b6db54639c02b265,CLOS SAVARON,0.0,0.0,20.0,20.0,1.0,0.0,45.783,4.826,0.0,1.0,penurie (vide)
velov,Lyon,b4fa64e5ede0d14c9836b0374b6718c5,GAMBETTA / GARIBALDI,0.0,0.0,38.0,38.0,1.0,0.0,45.752,4.853,0.0,1.0,penurie (vide)
velov,Lyon,b61da00ee1b2f4b98f6b929c815543e1,CRÉQUI / LAFAYETTE,0.714,10.0,4.0,14.0,0.0,0.0,45.764,4.847,10.0,0.0,penurie (vide)
velov,Lyon,b65f2964305e00e8cabd0e6670b0bb59,PLACE ANTONIN PONCET,0.053,2.0,36.0,38.0,0.0,0.0,45.757,4.834,2.0,0.0,penurie (vide)
velov,Lyon,b6a618705efe5a3a52c3bb41e604515b,PLACE DE TRION,0.0,0.0,16.0,16.0,1.0,0.0,45.758,4.813,0.0,1.0,penurie (vide)
velov,Lyon,b6d171947bb56ff1916026decc08afec,PLACE MARENGO,0.0,0.0,27.0,27.0,1.0,0.0,45.759,4.876,0.0,1.0,penurie (vide)
velov,Lyon,b7b79a3ec6f3fe6b256aeaa9112e39e7,ST FONS - ARSENAL,0.296,8.0,19.0,27.0,0.0,0.0,45.712,4.855,8.0,0.0,penurie (vide)
velov,Lyon,b7f8c9e5d89cbef098b5ef408b4ccc55,ST CYR,0.167,2.0,10.0,12.0,0.0,0.0,45.8,4.82,2.0,0.0,penurie (vide)
velov,Lyon,b811e9298ed460803a3f28010c732012,RILLIEUX - CANELLAS,0.417,5.0,7.0,12.0,0.0,0.0,45.805,4.885,5.0,0.0,penurie (vide)
velov,Lyon,b82b27578d384bb0e0dad3331a764918,PLACE SAINT LOUIS,0.067,1.0,14.0,15.0,0.0,0.0,45.749,4.848,1.0,0.0,penurie (vide)
velov,Lyon,b834865efb9c3306d88490952cf2cab7,TOLSTOÏ / FLORIAN,0.105,2.0,17.0,19.0,0.0,0.0,45.762,4.881,2.0,0.0,penurie (vide)
velov,Lyon,b8538b603a03a53bfda59891c2a86d9c,FELIX FAURE / VIVIER MERLE,0.818,27.0,6.0,33.0,0.0,0.0,45.754,4.86,27.0,0.0,penurie (vide)
velov,Lyon,b86188cee97812651a9833279be7b371,SAXE / DUNOIR,0.176,6.0,28.0,34.0,0.0,0.0,45.761,4.845,6.0,0.0,penurie (vide)
velov,Lyon,bb7de6226150ba05194a4e5752c92310,PART-DIEU/POMPIDOU,0.923,36.0,3.0,39.0,0.0,0.0,45.759,4.86,36.0,0.0,penurie (vide)
velov,Lyon,bbfbe81ce3b16dbc0500b9cba738da08,PLACE JULES FERRY,0.611,11.0,7.0,18.0,0.0,0.0,45.768,4.859,11.0,0.0,penurie (vide)
velov,Lyon,bc70e0517e496a363087f507660a07d6,PIERRE BÉNITE - EUROPE,0.538,7.0,6.0,13.0,0.0,0.0,45.703,4.821,7.0,0.0,penurie (vide)
velov,Lyon,bcbf41e5d47215be2cdf7fab6f4d8cf1,GAILLETON,0.188,3.0,13.0,16.0,0.0,0.0,45.753,4.833,3.0,0.0,penurie (vide)
velov,Lyon,bceb3ea2db4f3fbfa33da8b12a255cff,OULLINS - GARE,0.85,34.0,6.0,40.0,0.0,0.0,45.717,4.814,34.0,0.0,penurie (vide)
velov,Lyon,bd332be83a2880377fc5da4b3ab818ed,GERLAND,1.0,40.0,0.0,40.0,0.0,1.0,45.727,4.831,40.0,1.0,saturation (pleine)
velov,Lyon,bdabd6cfc8e3203cb11077929eddf6c1,RÉPUBLIQUE / FERRANDIÈRE,0.368,7.0,12.0,19.0,0.0,0.0,45.762,4.836,7.0,0.0,penurie (vide)
velov,Lyon,be3761610212edbda606a0b700cf6934,FOCH,0.526,10.0,9.0,19.0,0.0,0.0,45.769,4.845,10.0,0.0,penurie (vide)
velov,Lyon,be6cc3b05e96df9d565bb8ea5480f630,MUSÉE D'ART CONTEMPORAIN,0.913,21.0,2.0,23.0,0.0,0.0,45.784,4.852,21.0,0.0,penurie (vide)
velov,Lyon,bee00298900554257cc39c8c86d69047,BEL AIR / LES BROSSES,0.65,13.0,7.0,20.0,0.0,0.0,45.758,4.911,13.0,0.0,penurie (vide)
velov,Lyon,bf4b29148b7f8a6e715c2ae480ab03f2,SAINTE-BLANDINE,0.688,11.0,5.0,16.0,0.0,0.0,45.744,4.822,11.0,0.0,penurie (vide)
velov,Lyon,bfb444d0d44ff6e92514b45ee1b2b989,PLACE GERSON,0.105,2.0,17.0,19.0,0.0,0.0,45.767,4.827,2.0,0.0,penurie (vide)
velov,Lyon,bfc7195b0b6c7b3d713b40596b130119,ST PRIEST - PARC TECHNOLOGIQUE,0.684,13.0,6.0,19.0,0.0,0.0,45.714,4.931,13.0,0.0,penurie (vide)
velov,Lyon,bfe0c80fd299dd12dd8a3f9a442d2a57,CLAUDE BERNARD LYON I,0.688,11.0,5.0,16.0,0.0,0.0,45.738,4.887,11.0,0.0,penurie (vide)
velov,Lyon,c03e9b4782689ef21e6b0d05a25ac331,VENISSIEUX - HOUEL / GAMBETTA,0.333,5.0,10.0,15.0,0.0,0.0,45.696,4.884,5.0,0.0,penurie (vide)
velov,Lyon,c19b5ef5d3a9d38c36bbd586e55ceb24,11 NOVEMBRE / GASTON BERGER,0.086,3.0,32.0,35.0,0.0,0.0,45.779,4.872,3.0,0.0,penurie (vide)
velov,Lyon,c1a42120f9030336fb157d34b02932f4,MAIRIE DU 6E,0.286,6.0,15.0,21.0,0.0,0.0,45.768,4.849,6.0,0.0,penurie (vide)
velov,Lyon,c1cc2af5a14deb70927b2e5d17b23194,CHAMPAGNE - MAIRIE,0.0,0.0,14.0,14.0,1.0,0.0,45.795,4.792,0.0,1.0,penurie (vide)
velov,Lyon,c264190bb1b6ff5b3f6712dab8b5c4b7,BROTTEAUX / VAUBAN,0.769,10.0,3.0,13.0,0.0,0.0,45.766,4.857,10.0,0.0,penurie (vide)
velov,Lyon,c2bd5133f253414ded45776377df5412,JACQUES BREL,0.182,4.0,18.0,22.0,0.0,0.0,45.774,4.864,4.0,0.0,penurie (vide)
velov,Lyon,c31d113b1159884e92f7daaa94638229,BAUDIN / ZOLA,0.4,6.0,9.0,15.0,0.0,0.0,45.765,4.905,6.0,0.0,penurie (vide)
velov,Lyon,c3dd8e71dbe5b393170cc24f998287a7,BALMONT,0.0,0.0,12.0,12.0,1.0,0.0,45.789,4.799,0.0,1.0,penurie (vide)
velov,Lyon,c4bcca3990defd3151e5ae364f195ca6,PLACE DU 8 MAI 1945,0.7,14.0,6.0,20.0,0.0,0.0,45.73,4.868,14.0,0.0,penurie (vide)
velov,Lyon,c4d1bda664857f1ac498b82f0d4bcbfa,HACHETTE,0.214,3.0,11.0,14.0,0.0,0.0,45.753,4.864,3.0,0.0,penurie (vide)
velov,Lyon,c537a76debe5d000d25ee6326d76c762,L'ILE BARBE,0.125,2.0,14.0,16.0,0.0,0.0,45.797,4.829,2.0,0.0,penurie (vide)
velov,Lyon,c549a360b9f5401885fa13b2579d9da8,MERMOZ / PINEL,0.227,5.0,17.0,22.0,0.0,0.0,45.731,4.888,5.0,0.0,penurie (vide)
velov,Lyon,c56c9baa5aa1a69cc386c46572045cfb,PERRIN / JEAN JAURÈS,0.333,11.0,22.0,33.0,0.0,0.0,45.758,4.885,11.0,0.0,penurie (vide)
velov,Lyon,c5fe92b6a23b11c81f0b47924c36ccf3,SAINT JEAN CANAL,0.417,5.0,7.0,12.0,0.0,0.0,45.777,4.902,5.0,0.0,penurie (vide)
velov,Lyon,c76550bcd9170b37f13b19d8ff19aaf5,QUARTIER GENERAL FRERE,0.37,10.0,17.0,27.0,0.0,0.0,45.743,4.834,10.0,0.0,penurie (vide)
velov,Lyon,c9c59f09369ee25ef7fd096dea5b1fec,PLACE GUICHARD,0.875,14.0,2.0,16.0,0.0,0.0,45.759,4.846,14.0,0.0,penurie (vide)
velov,Lyon,ca3359474498690d33a5aba75fb48171,GRYPHE / MONTESQUIEU,,0.0,0.0,0.0,1.0,1.0,45.752,4.844,,1.0,penurie (vide)
velov,Lyon,ca3d6541d45b307423ab8408c9f56e57,SACRE COEUR,0.2,3.0,12.0,15.0,0.0,0.0,45.758,4.868,3.0,0.0,penurie (vide)
velov,Lyon,caaa00262fe875175ab25b9f5d41f408,TABAREAU,0.0,0.0,10.0,10.0,1.0,0.0,45.774,4.825,0.0,1.0,penurie (vide)
velov,Lyon,cab9652d160f2084e3f87680a6f48ddf,PLACE STALINGRAD,0.056,1.0,17.0,18.0,0.0,0.0,45.75,4.853,1.0,0.0,penurie (vide)
velov,Lyon,cad7c5627c63745b60859e7586ebc383,SAXE / GAMBETTA,0.136,3.0,19.0,22.0,0.0,0.0,45.754,4.848,3.0,0.0,penurie (vide)
velov,Lyon,cb0ee5cd58c7b3eaaeeef668ab9fc084,VINATIER,0.667,12.0,6.0,18.0,0.0,0.0,45.742,4.894,12.0,0.0,penurie (vide)
velov,Lyon,cb1be1a08bafb914b9f4a6edf22d5241,LAURENT BONNEVAY / ASTROBALLE,0.222,6.0,21.0,27.0,0.0,0.0,45.765,4.91,6.0,0.0,penurie (vide)
velov,Lyon,cb3dd5f0f5cb3b8d59bf712de074e116,CHARITÉ / RÉCAMIER,,0.0,0.0,0.0,1.0,1.0,45.749,4.83,,1.0,penurie (vide)
velov,Lyon,cbc38ad40a52594c19c76ea6ccfef5eb,VILLEURBANNE SAINT-JEAN,0.917,11.0,1.0,12.0,0.0,0.0,45.78,4.905,11.0,0.0,penurie (vide)
velov,Lyon,cc042ee6e679361ffb543a9fa3c8b71a,CONFLUENCE HÔTEL DE RÉGION,0.964,27.0,1.0,28.0,0.0,0.0,45.741,4.819,27.0,0.0,penurie (vide)
velov,Lyon,cc2ec1df4adc3d8c4d75b3aded1bf0f1,FRÈRES LUMIÈRE,,0.0,0.0,0.0,1.0,1.0,45.745,4.866,,1.0,penurie (vide)
velov,Lyon,cc86998c4e60b88a8d0871827da41181,PLACE D'ESPAGNE / STADE KRUGER,0.318,7.0,15.0,22.0,0.0,0.0,45.754,4.905,7.0,0.0,penurie (vide)
velov,Lyon,cc8f3d17df4b0595955a1bf04e5a1e14,FOURVIERE,0.0,0.0,15.0,15.0,1.0,0.0,45.762,4.821,0.0,1.0,penurie (vide)
velov,Lyon,ccb2220d85e611a21f121232222fc11a,DUPEUBLE / 8 MAI 1945,0.429,6.0,8.0,14.0,0.0,0.0,45.776,4.892,6.0,0.0,penurie (vide)
velov,Lyon,ccc33d94d4f412f25cd6c9bea381df96,OULLINS - MAIRIE,0.222,4.0,14.0,18.0,0.0,0.0,45.714,4.807,4.0,0.0,penurie (vide)
velov,Lyon,cceb9deca0e40a5ed63d0b1835169748,PLACE CARNOT,0.071,2.0,26.0,28.0,0.0,0.0,45.751,4.827,2.0,0.0,penurie (vide)
velov,Lyon,cd93dd6423cd907ed5b044198ae41637,CARMÉLITES,0.0,0.0,13.0,13.0,1.0,0.0,45.77,4.829,0.0,1.0,penurie (vide)
velov,Lyon,ce241bfb0dd9ed55dd4fc62c42e6cda8,ETATS-UNIS / VIVIANI,0.211,4.0,15.0,19.0,0.0,0.0,45.725,4.871,4.0,0.0,penurie (vide)
velov,Lyon,ce9e342f2e7ad064b8747a7265e43066,MAIRIE DU 9E,0.407,11.0,16.0,27.0,0.0,0.0,45.774,4.806,11.0,0.0,penurie (vide)
velov,Lyon,ceae309f9b1c56a6c230dbf16aae1375,PLACE BIR-HAKEIM,0.158,3.0,16.0,19.0,0.0,0.0,45.753,4.856,3.0,0.0,penurie (vide)
velov,Lyon,cf6db80b56cd00c3acd4fcf33ed4fd2a,TOTEM,0.154,2.0,11.0,13.0,0.0,0.0,45.764,4.873,2.0,0.0,penurie (vide)
velov,Lyon,cf8b117bf45d81cba26edcb009b20e94,STALINGRAD / MELIÈS,0.739,17.0,6.0,23.0,0.0,0.0,45.777,4.86,17.0,0.0,penurie (vide)
velov,Lyon,cfdca54ac5c3d9cb4c7e2850ab1d146e,VAULX - LA SOIE,0.353,6.0,11.0,17.0,0.0,0.0,45.761,4.921,6.0,0.0,penurie (vide)
velov,Lyon,d0347eca1b6f24577739c90f70efd478,SUCRIERE,0.7,14.0,6.0,20.0,0.0,0.0,45.736,4.815,14.0,0.0,penurie (vide)
velov,Lyon,d1187458ab6d6225e786df2376f1311c,PART-DIEU / DERUELLE,1.0,30.0,0.0,30.0,0.0,1.0,45.763,4.855,30.0,1.0,saturation (pleine)
velov,Lyon,d12f813d27b460c5f792fccf5116d199,ALBERT THOMAS / VILLON,0.105,2.0,17.0,19.0,0.0,0.0,45.747,4.868,2.0,0.0,penurie (vide)
velov,Lyon,d1eba037dd5c51da2e17c2e53b737eb8,PLACE MENDÈS FRANCE,0.2,4.0,16.0,20.0,0.0,0.0,45.74,4.859,4.0,0.0,penurie (vide)
velov,Lyon,d206c133425dbeb56bf341cd4ea2271c,BLUM / FAYS,0.938,15.0,1.0,16.0,0.0,0.0,45.761,4.906,15.0,0.0,penurie (vide)
velov,Lyon,d7219f18bb6842392acf78aba45fb32c,JEAN JAURÈS / GUILLOTIÈRE,0.8,8.0,2.0,10.0,0.0,0.0,45.753,4.846,8.0,0.0,penurie (vide)
velov,Lyon,d759fcbe1188ca72a4ac10e7d31db80e,MARSEILLE / FÉLISSENT,0.3,9.0,21.0,30.0,0.0,0.0,45.753,4.841,9.0,0.0,penurie (vide)
velov,Lyon,d7a5d5f0103e993fcbf92757d728573a,ECULLY - MAIRIE,0.417,5.0,7.0,12.0,0.0,0.0,45.775,4.779,5.0,0.0,penurie (vide)
velov,Lyon,d7a6d0fff8e64b5ee7fffc7e3adf0fea,PLACE ADRIEN GODIEN,0.034,1.0,28.0,29.0,0.0,0.0,45.779,4.841,1.0,0.0,penurie (vide)
velov,Lyon,d868227b47920446f2072cdfdbceb454,MÉTRO FLACHET,0.727,16.0,6.0,22.0,0.0,0.0,45.767,4.892,16.0,0.0,penurie (vide)
velov,Lyon,d877ceb28e3bc233d41a4bdf4d987480,TRONCHET / ANATOLE FRANCE,0.7,7.0,3.0,10.0,0.0,0.0,45.771,4.857,7.0,0.0,penurie (vide)
velov,Lyon,d89cd73f27981a8366c1b64d9a46de3c,PATINOIRE BARABAN,0.105,2.0,17.0,19.0,0.0,0.0,45.762,4.868,2.0,0.0,penurie (vide)
velov,Lyon,d8b49c9e23c2be797404310c6900f668,PLACE VALMY,0.938,15.0,1.0,16.0,0.0,0.0,45.776,4.805,15.0,0.0,penurie (vide)
velov,Lyon,d92dc1c1b905a9890906a95421494744,CHAMPVERT,0.0,0.0,15.0,15.0,1.0,0.0,45.76,4.798,0.0,1.0,penurie (vide)
velov,Lyon,d93dab7c42963218070144656e2c3c91,PLACE ANTONIN GOURJU,0.0,0.0,29.0,29.0,1.0,0.0,45.759,4.83,0.0,1.0,penurie (vide)
velov,Lyon,d948ca7f634f0be6ff185d58d42e8940,PLACE DU CHÂTEAU,0.375,9.0,15.0,24.0,0.0,0.0,45.75,4.887,9.0,0.0,penurie (vide)
velov,Lyon,d9e7614049b450ec652c477e8138098d,MEISSONNIER,0.071,1.0,13.0,14.0,0.0,0.0,45.766,4.833,1.0,0.0,penurie (vide)
velov,Lyon,da8d25f803cab340888270f0f16ee127,AVEYRON,0.125,2.0,14.0,16.0,0.0,0.0,45.774,4.833,2.0,0.0,penurie (vide)
velov,Lyon,db11ec06b845f3e6d3c88db356940887,VERDUN / PETIT ROULET,0.0,0.0,15.0,15.0,1.0,0.0,45.779,4.899,0.0,1.0,penurie (vide)
velov,Lyon,db3ec8cd48e33e7736a95d63bf61ccf4,JAURES / UNIVERSITE,0.16,4.0,21.0,25.0,0.0,0.0,45.748,4.843,4.0,0.0,penurie (vide)
velov,Lyon,db958fb874c0e16c670cc0253409af7b,CONFLUENCE / DARSE,0.364,8.0,14.0,22.0,0.0,0.0,45.743,4.816,8.0,0.0,penurie (vide)
velov,Lyon,dc4d2341dfb4a7cfc29996cfa7c7bb8e,VIENNE / MONTAGNY,0.056,1.0,17.0,18.0,0.0,0.0,45.732,4.853,1.0,0.0,penurie (vide)
velov,Lyon,dc919a547443b31fecfd401be25c59ff,HOTEL DIEU / PONT DE LA GUILLOTIERE,0.122,6.0,43.0,49.0,0.0,0.0,45.758,4.837,6.0,0.0,penurie (vide)
velov,Lyon,dd2fce7f1d46497e5befe6f74975abb9,PLACE DES TAPIS,0.188,3.0,13.0,16.0,0.0,0.0,45.776,4.83,3.0,0.0,penurie (vide)
velov,Lyon,ddac704e40b6433ee4ccea9ae1937ac1,PART-DIEU / CUIRASSIERS (FAR),1.0,31.0,0.0,31.0,0.0,1.0,45.759,4.856,31.0,1.0,saturation (pleine)
velov,Lyon,ddc7839d9615942912671cebc12adff6,VENISSIEUX - PAUL / PICARD,0.067,1.0,14.0,15.0,0.0,0.0,45.7,4.882,1.0,0.0,penurie (vide)
velov,Lyon,de2bf26fa40d28a5251ed2c1a041eee5,AUGAGNEUR / FOSSE AUX OURS,0.462,18.0,21.0,39.0,0.0,0.0,45.757,4.84,18.0,0.0,penurie (vide)
velov,Lyon,de5c4ccbdad95301f285c09122ba0bed,LA MULATIERE - AQUARIUM,0.087,2.0,21.0,23.0,0.0,0.0,45.727,4.815,2.0,0.0,penurie (vide)
velov,Lyon,de9fadd91ccd84726aacf6e886884b6a,RAMBAUD / ECOLE DU CINÉMA,0.517,15.0,14.0,29.0,0.0,0.0,45.746,4.817,15.0,0.0,penurie (vide)
velov,Lyon,df32b5d2c2353cc7282ffd23369423a9,PLACE DU LAC,1.0,19.0,0.0,19.0,0.0,1.0,45.759,4.854,19.0,1.0,saturation (pleine)
velov,Lyon,df71706a7b7d3918dbe5aca4a953c36f,555 - ATELIER VÉLO'V,0.0,0.0,3.0,3.0,1.0,0.0,45.78,4.905,0.0,1.0,penurie (vide)
velov,Lyon,e0f95a7cad07f3ca8482baa89312404f,PLACE RASPAIL,0.136,3.0,19.0,22.0,0.0,0.0,45.756,4.841,3.0,0.0,penurie (vide)
velov,Lyon,e10436288040a2b780b4cdb4c68718b7,DESAIX,0.926,25.0,2.0,27.0,0.0,0.0,45.757,4.855,25.0,0.0,penurie (vide)
velov,Lyon,e1e7c8ac8c919d82239c18f2a074bf04,RACLET / GERLAND,0.533,8.0,7.0,15.0,0.0,0.0,45.734,4.84,8.0,0.0,penurie (vide)
velov,Lyon,e206d24f32b7a78acfe3450ab529513d,CLINIQUE MONPLAISIR,0.188,3.0,13.0,16.0,0.0,0.0,45.747,4.86,3.0,0.0,penurie (vide)
velov,Lyon,e21ddb7884360be90b46c1f60d41318f,PERRACHE EST,0.6,12.0,8.0,20.0,0.0,0.0,45.746,4.825,12.0,0.0,penurie (vide)
velov,Lyon,e223a06b4168aa75385ee616edeb765a,PLACE D'HELVÉTIE,0.0,0.0,29.0,29.0,1.0,0.0,45.773,4.842,0.0,1.0,penurie (vide)
velov,Lyon,e36a37b9e5b287425ab0988e53f5aaf1,FRICHE RVI,0.118,2.0,15.0,17.0,0.0,0.0,45.748,4.876,2.0,0.0,penurie (vide)
velov,Lyon,e3bc7fa05f775453ee0962f20179ce71,MOULIN A VENT,0.1,2.0,18.0,20.0,0.0,0.0,45.73,4.854,2.0,0.0,penurie (vide)
velov,Lyon,e47fd1b8b0934b7171ac8e51ecca794d,GUILLOTIÈRE / MADELEINE,0.1,1.0,9.0,10.0,0.0,0.0,45.751,4.848,1.0,0.0,penurie (vide)
velov,Lyon,e54657ae51da9e24a5bee246b0449ff2,CITÉ INTERNATIONALE / CINÉMA,1.0,29.0,0.0,29.0,0.0,1.0,45.785,4.852,29.0,1.0,saturation (pleine)
velov,Lyon,e5b0398e6a48d022fa5ebc124d7e0236,SALENGRO / YVONNE,0.227,5.0,17.0,22.0,0.0,0.0,45.777,4.877,5.0,0.0,penurie (vide)
velov,Lyon,e66909bf7f10f63975e7f394b333c10a,ANATOLE FRANCE / BARBUSSE,,0.0,0.0,0.0,1.0,1.0,45.768,4.879,,1.0,penurie (vide)
velov,Lyon,e6d90fc75defbae2afae602163f0a555,CROIX BARRET / BOURDEIX,0.812,26.0,6.0,32.0,0.0,0.0,45.737,4.841,26.0,0.0,penurie (vide)
velov,Lyon,e70d8dc72ecfb5cfe0803ca266c2af60,PARC BLANDAN,0.0,0.0,25.0,25.0,1.0,0.0,45.746,4.851,0.0,1.0,penurie (vide)
velov,Lyon,e77eb4476b83b4b9b894b8d37e457951,FEUILLAT / LACASSAGNE,0.067,1.0,14.0,15.0,0.0,0.0,45.75,4.876,1.0,0.0,penurie (vide)
velov,Lyon,e7c70ea001617fa00bfb7c63aaf03a4c,PHILIPPE DE LASSALLE / PILLEMENT,0.0,0.0,13.0,13.0,1.0,0.0,45.777,4.821,0.0,1.0,penurie (vide)
velov,Lyon,e874f819f70d70e3e06b49285d5431b4,INSA,0.463,25.0,29.0,54.0,0.0,0.0,45.782,4.877,25.0,0.0,penurie (vide)
velov,Lyon,e943b5dab1207763a81b01828433f4a4,AVENUE VERGUIN,0.25,5.0,15.0,20.0,0.0,0.0,45.773,4.856,5.0,0.0,penurie (vide)
velov,Lyon,e9e0379feb60c6d2154a422f7fd4eb20,LYON METROPOLE,0.542,13.0,11.0,24.0,0.0,0.0,45.788,4.819,13.0,0.0,penurie (vide)
velov,Lyon,eac52b0bca41b88a57acd398e9936a00,GARIBALDI / BUGEAUD,0.222,4.0,14.0,18.0,0.0,0.0,45.767,4.852,4.0,0.0,penurie (vide)
velov,Lyon,eac5b19654939f3952e87800e70c6bfc,CALUIRE - PASSERELLE DE LA PAIX,,0.0,0.0,0.0,1.0,1.0,45.788,4.853,,1.0,penurie (vide)
velov,Lyon,eb33b18dd7a5da6dea146ea4e5ec698c,DOCTEUR LONG / CAILLE,0.25,4.0,12.0,16.0,0.0,0.0,45.753,4.894,4.0,0.0,penurie (vide)
velov,Lyon,eb8d1c3b34d1426981b33c50283e3166,QUAI DU COMMERCE,0.483,14.0,15.0,29.0,0.0,0.0,45.782,4.81,14.0,0.0,penurie (vide)
velov,Lyon,ebe74d6fd3aaabfeb7f83ed5ab22fea7,PARC DU CENTRE,0.111,3.0,24.0,27.0,0.0,0.0,45.772,4.877,3.0,0.0,penurie (vide)
velov,Lyon,ec2f07333c29282b6eebf11162551e57,MAISONS NEUVES,0.143,3.0,18.0,21.0,0.0,0.0,45.756,4.877,3.0,0.0,penurie (vide)
velov,Lyon,ecbfb10e3d359556147471f7f159ef46,LACOUR / ARTILLERIE,0.7,14.0,6.0,20.0,0.0,0.0,45.729,4.844,14.0,0.0,penurie (vide)
velov,Lyon,ee4617ae492072f8e3213ede1c618757,JAURÈS / LAGRANGE,0.367,11.0,19.0,30.0,0.0,0.0,45.744,4.841,11.0,0.0,penurie (vide)
velov,Lyon,ef83d433b00996799f13c44e39251ca7,REMPARTS D'AINAY,0.208,5.0,19.0,24.0,0.0,0.0,45.753,4.83,5.0,0.0,penurie (vide)
velov,Lyon,f0c678190ffad3ee39a3c64ef0fffd61,PLACE DE LA FERRANDIÈRE,0.05,1.0,19.0,20.0,0.0,0.0,45.759,4.869,1.0,0.0,penurie (vide)
velov,Lyon,f148bcb3fd7f8dacf197f785e1bac317,STADE VUILLERMET,0.118,2.0,15.0,17.0,0.0,0.0,45.725,4.881,2.0,0.0,penurie (vide)
velov,Lyon,f15143c24f1e1df8bb03d20da5133e34,RÉPUBLIQUE / POULAILLERIE,0.281,9.0,23.0,32.0,0.0,0.0,45.764,4.836,9.0,0.0,penurie (vide)
velov,Lyon,f156cbb55bbac1debca65ca426e0caeb,BERTHELOT / CAZENEUVE,0.105,2.0,17.0,19.0,0.0,0.0,45.737,4.866,2.0,0.0,penurie (vide)
velov,Lyon,f2670336f2c94ff0c579ae6a4b04678e,VÉNISSIEUX - JOLIOT CURIE / SEMBAT,0.96,24.0,1.0,25.0,0.0,0.0,45.715,4.878,24.0,0.0,penurie (vide)
velov,Lyon,f27cb1b36ed2130e95250e9e98946391,TERREAUX / TERME,0.062,1.0,15.0,16.0,0.0,0.0,45.768,4.832,1.0,0.0,penurie (vide)
velov,Lyon,f27e23031b3b84f80740dce4e6a3ac50,WITKOWSKI/VALDO,0.0,0.0,15.0,15.0,1.0,0.0,45.75,4.785,0.0,1.0,penurie (vide)
velov,Lyon,f4bec8fd1c74bfc3f3de869053ad03cd,LHERMINIER / PRESSENSÉ,0.2,3.0,12.0,15.0,0.0,0.0,45.771,4.885,3.0,0.0,penurie (vide)
velov,Lyon,f542ffe5844c34241c16a95bcd0f46bc,ALBÉRIC PONT,0.0,0.0,16.0,16.0,1.0,0.0,45.753,4.804,0.0,1.0,penurie (vide)
velov,Lyon,f543e26d5dd7dc0dac1aee6ca7e16766,PLACE JOANNÈS AMBRE,0.0,0.0,19.0,19.0,1.0,0.0,45.782,4.833,0.0,1.0,penurie (vide)
velov,Lyon,f7ef88e4d393b48800f7be6856448bef,REBATEL / SAINT-MAXIMIN,0.214,6.0,22.0,28.0,0.0,0.0,45.748,4.872,6.0,0.0,penurie (vide)
velov,Lyon,f86e10c3c61ce8886e3f5299381e6476,CHARMETTES/ZOLA,0.043,1.0,22.0,23.0,0.0,0.0,45.771,4.867,1.0,0.0,penurie (vide)
velov,Lyon,f9ffb18060f4f240ce8011c3c7ea38e6,,,0.0,0.0,0.0,1.0,1.0,45.758,4.854,,1.0,penurie (vide)
velov,Lyon,fac0cca6d274f61d4a203894eb6c8a54,PART-DIEU / FRANCFORT,0.679,19.0,9.0,28.0,0.0,0.0,45.761,4.863,19.0,0.0,penurie (vide)
velov,Lyon,fb611c6e67f856c7b866c8e605a886d8,PLACE DES COMPAGNONS DE LA CHANSON,0.0,0.0,17.0,17.0,1.0,0.0,45.757,4.797,0.0,1.0,penurie (vide)
velov,Lyon,fbda2971e721f4fd96564efa3da33e71,PLACE ANTOINETTE,0.05,1.0,19.0,20.0,0.0,0.0,45.754,4.889,1.0,0.0,penurie (vide)
velov,Lyon,fc88cad13a7086c543454f9293eb92a9,MERCIÈRE / FERRANDIÈRE,0.111,2.0,16.0,18.0,0.0,0.0,45.762,4.834,2.0,0.0,penurie (vide)
velov,Lyon,fc8a60b8ec58e66683391e66368923b8,DOUA / AVENUE DES ARTS,0.733,22.0,8.0,30.0,0.0,0.0,45.784,4.871,22.0,0.0,penurie (vide)
velov,Lyon,fd0a0e73b9793f577eff55b7a72bff82,BERLIOZ / CHALINEL,0.071,1.0,13.0,14.0,0.0,0.0,45.801,4.825,1.0,0.0,penurie (vide)
velov,Lyon,fd7446dcaf0c8545ec729c4bf5a443c3,DEBOURG,0.947,18.0,1.0,19.0,0.0,0.0,45.732,4.834,18.0,0.0,penurie (vide)
velov,Lyon,fdd525cffb629472b848ba50ba8e0cf0,PLACE BERTONE,0.0,0.0,10.0,10.0,1.0,0.0,45.778,4.835,0.0,1.0,penurie (vide)
velov,Lyon,fe382cb05e109e79c767bf75eb2def59,FONTAINES S/S - GAMBETTA,0.75,15.0,5.0,20.0,0.0,0.0,45.835,4.846,15.0,0.0,penurie (vide)
velov,Lyon,fea2edf604d1b376107f537f6e68388f,LA SALETTE,0.071,1.0,13.0,14.0,0.0,0.0,45.75,4.796,1.0,0.0,penurie (vide)
velov,Lyon,ff0f213b64241c44f42018a05a62634a,SAINT-ROMAIN / BERLIET,0.05,1.0,19.0,20.0,0.0,0.0,45.742,4.86,1.0,0.0,penurie (vide)
velov,Lyon,ffee39a7517b8db9b54d13dcd5de52a0,RÉPUBLIQUE / STELLA,0.741,20.0,7.0,27.0,0.0,0.0,45.761,4.836,20.0,0.0,penurie (vide)
velozef,Brest,05fd683fd2b859eeb6888bc332ffbf85,Port de Plaisance,0.8,8.0,2.0,10.0,0.0,0.0,48.396,-4.434,8.0,0.0,penurie (vide)
velozef,Brest,080cf41f50ce688c5b9d1bf072a28289,Place de Strasbourg,0.0,0.0,10.0,10.0,1.0,0.0,48.402,-4.469,0.0,1.0,penurie (vide)
velozef,Brest,09d107d53b196d5cedd09e0565c36065,Universités Ouest,0.0,0.0,7.0,7.0,1.0,0.0,48.401,-4.5,0.0,1.0,penurie (vide)
velozef,Brest,0b651d28e79e6520639a0fa4dff03e29,PLOUGASTEL-DAOULAS Roc'h Kerezen,0.6,6.0,4.0,10.0,0.0,0.0,48.383,-4.378,6.0,0.0,penurie (vide)
velozef,Brest,103a5a2b13f6140b2174c8409ff27e51,Siam,0.111,1.0,8.0,9.0,0.0,0.0,48.388,-4.489,1.0,0.0,penurie (vide)
velozef,Brest,12bbaf04a2ebde8c5f56da5091110bcc,LE RELECQ-KERHUON  La Corniche ,0.8,8.0,2.0,10.0,0.0,0.0,48.397,-4.385,8.0,0.0,penurie (vide)
velozef,Brest,131e71cc1614feb6a84313d3fcc7f11e,GOUESNOU  Place des Fusillés,0.7,7.0,3.0,10.0,0.0,0.0,48.451,-4.465,7.0,0.0,penurie (vide)
velozef,Brest,2d75eba3c754284094b6934834e10bb7,Saint-Pierre,0.333,3.0,6.0,9.0,0.0,0.0,48.38,-4.536,3.0,0.0,penurie (vide)
velozef,Brest,2dc7fa99b7147f4ef2f1343a346170ff,Europe,0.3,3.0,7.0,10.0,0.0,0.0,48.412,-4.47,3.0,0.0,penurie (vide)
velozef,Brest,2e3b57bd1b9f18f95af603184aec9c89,ISEN,0.0,0.0,9.0,9.0,1.0,0.0,48.406,-4.497,0.0,1.0,penurie (vide)
velozef,Brest,39fdd2eaeeae977e943bb3dcb041c6a7,Porte de Plouzané,0.4,4.0,6.0,10.0,0.0,0.0,48.377,-4.553,4.0,0.0,penurie (vide)
velozef,Brest,3b4219bb74d72a092779d39de8d7578a,Kérinou,0.1,1.0,9.0,10.0,0.0,0.0,48.403,-4.489,1.0,0.0,penurie (vide)
velozef,Brest,419112bc5506536d47733e33645904e8,PLOUZANÉ  Mairie,0.8,8.0,2.0,10.0,0.0,0.0,48.38,-4.601,8.0,0.0,penurie (vide)
velozef,Brest,42a6cebe6ab75fe941ccde44e455b9f6,Dupuy de Lôme,0.0,0.0,9.0,9.0,1.0,0.0,48.391,-4.509,0.0,1.0,penurie (vide)
velozef,Brest,42d81781c4998e750b6605ec2828f635,Place des F.F.I.,1.0,9.0,0.0,9.0,0.0,1.0,48.415,-4.492,9.0,1.0,saturation (pleine)
velozef,Brest,4b6c5c1b472b63e10d9e934f50b18669,Patinoire,0.125,1.0,7.0,8.0,0.0,0.0,48.405,-4.509,1.0,0.0,penurie (vide)
velozef,Brest,4cad8df04479bf4e21f8fc71e8242a61,BOHARS  Bourg,0.556,5.0,4.0,9.0,0.0,0.0,48.428,-4.515,5.0,0.0,penurie (vide)
velozef,Brest,58f6771e104c9ccff65b93a9a1e80a25,Saint-Martin,0.1,1.0,9.0,10.0,0.0,0.0,48.395,-4.48,1.0,0.0,penurie (vide)
velozef,Brest,5ae12671347ed7ab4d45b65464e658ff,Relecq-Kerhuon Mairie ,1.0,13.0,0.0,13.0,0.0,1.0,48.408,-4.397,13.0,1.0,saturation (pleine)
velozef,Brest,5e264f89c5653011e654dd24f1aff138,PLOUZANÉ  Technopôle,0.6,6.0,4.0,10.0,0.0,0.0,48.36,-4.57,6.0,0.0,penurie (vide)
velozef,Brest,6f720c33789100a65ed89e4d27d711e8,Kerangoff,0.0,0.0,10.0,10.0,1.0,0.0,48.381,-4.509,0.0,1.0,penurie (vide)
velozef,Brest,6fe82b6e25f5a027e6c9b57dedc404f8,Pilier rouge,0.0,0.0,10.0,10.0,1.0,0.0,48.398,-4.474,0.0,1.0,penurie (vide)
velozef,Brest,72cc8731cdb8f7854e2548ce1815e450,D'Estrées,0.0,0.0,10.0,10.0,1.0,0.0,48.395,-4.463,0.0,1.0,penurie (vide)
velozef,Brest,7f7e8ca38446b586437ef958bdbab8c1,GUIPAVAS  Saint-Herbot,1.0,9.0,0.0,9.0,0.0,1.0,48.435,-4.401,9.0,1.0,saturation (pleine)
velozef,Brest,824d447f63ca5cbb893c71f2f884b94d,Porte Gouesnou,1.0,11.0,0.0,11.0,0.0,1.0,48.431,-4.467,11.0,1.0,saturation (pleine)
velozef,Brest,9b0c8320aa01debc6ad8f47f0c03c9c5,Cosmao Prétot,0.1,1.0,9.0,10.0,0.0,0.0,48.383,-4.517,1.0,0.0,penurie (vide)
velozef,Brest,a36a8713ed8f85aaadd3f2efc6d85c7a,Parc à Chaînes,0.9,9.0,1.0,10.0,0.0,0.0,48.383,-4.486,9.0,0.0,penurie (vide)
velozef,Brest,a6cc0e9820f8fc20fade0f0086c6b03f,Université Est,0.0,0.0,8.0,8.0,1.0,0.0,48.401,-4.499,0.0,1.0,penurie (vide)
velozef,Brest,a88f96784b9852d2e98a336d5a02a4ed,Ateliers,0.1,1.0,9.0,10.0,0.0,0.0,48.39,-4.499,1.0,0.0,penurie (vide)
velozef,Brest,a8a61e9c08c1e858cc40f91e9143d39d,Recouvrance,0.0,0.0,10.0,10.0,1.0,0.0,48.384,-4.5,0.0,1.0,penurie (vide)
velozef,Brest,ab1778df35b50f807649d5c93e8a3ef8,Kergoat,0.0,0.0,7.0,7.0,1.0,0.0,48.4,-4.506,0.0,1.0,penurie (vide)
velozef,Brest,af71d0807bf73d8c09b42b7412be4b13,PLOUGASTEL-DAOULAS Mairie,0.5,5.0,5.0,10.0,0.0,0.0,48.373,-4.37,5.0,0.0,penurie (vide)
velozef,Brest,af9afc6e2bf2dfcd338dd396c372f82d,Jean Moulin,0.2,2.0,8.0,10.0,0.0,0.0,48.386,-4.493,2.0,0.0,penurie (vide)
velozef,Brest,b276e22401a21d3b5928dcbf288f4724,Saint-Marc,0.4,4.0,6.0,10.0,0.0,0.0,48.398,-4.454,4.0,0.0,penurie (vide)
velozef,Brest,b40f3280ff34b1c355539ffedb571747,Vali Hir,0.5,5.0,5.0,10.0,0.0,0.0,48.387,-4.527,5.0,0.0,penurie (vide)
velozef,Brest,ba2d80e925637f64509ab19a6ef7e34e,Plage de Sainte-Anne,0.5,5.0,5.0,10.0,0.0,0.0,48.362,-4.554,5.0,0.0,penurie (vide)
velozef,Brest,ba8c5db264b0d8bf156faa6dba44a9d5,Porte  de GUIPAVAS ,1.0,12.0,0.0,12.0,0.0,1.0,48.419,-4.444,12.0,1.0,saturation (pleine)
velozef,Brest,cd582b8ed650b680118f59fe51da82ec,Musée de la Marine,0.1,1.0,9.0,10.0,0.0,0.0,48.383,-4.492,1.0,0.0,penurie (vide)
velozef,Brest,d08ec5c1dfef4f239fdef5a09dfe66d3,Maison Blanche,1.0,3.0,0.0,3.0,0.0,1.0,48.364,-4.531,3.0,1.0,saturation (pleine)
velozef,Brest,e21a726c3f75c69ff42a5ccefd8e513c,Liberté,0.4,4.0,6.0,10.0,0.0,0.0,48.39,-4.485,4.0,0.0,penurie (vide)
velozef,Brest,e668178b8fe91d9e9c148f210995fe37,GUILERS  Coat Mez,1.0,16.0,0.0,16.0,0.0,1.0,48.421,-4.554,16.0,1.0,saturation (pleine)
velozef,Brest,e7e9cded52681a37e6226742b22e309a,CHU Morvan,0.9,9.0,1.0,10.0,0.0,0.0,48.392,-4.488,9.0,0.0,penurie (vide)
velozef,Brest,f2c51863bb2d9e7316a74db23bf5fb0b,CHU La Cavale,0.556,5.0,4.0,9.0,0.0,0.0,48.401,-4.525,5.0,0.0,penurie (vide)
velozef,Brest,f5a8f1e66762bdbc9ae36f82b50ba372,PLOUZANÉ  Bourg,0.5,5.0,5.0,10.0,0.0,0.0,48.382,-4.621,5.0,0.0,penurie (vide)
velozef,Brest,f81d7f8031e6fe2af809994d8bb2abcb,Gares,0.6,6.0,4.0,10.0,0.0,0.0,48.388,-4.481,6.0,0.0,penurie (vide)
velozef,Brest,fb31c4d521f4cbf89877b43141760f7b,GUIPAVAS  Spadium Parc,0.0,0.0,10.0,10.0,1.0,0.0,48.397,-4.423,0.0,1.0,penurie (vide)
velozef,Brest,fbe8c97a3394bdce31acbd270b451e48,Albert 1er,0.1,1.0,9.0,10.0,0.0,0.0,48.397,-4.487,1.0,0.0,penurie (vide)
velyceo,Saint-Nazaire,334a6ad83cd08ec935035ed72cb426b3,Base sous-marine,0.0,0.0,15.0,15.0,1.0,0.0,47.275,-2.204,0.0,1.0,penurie (vide)
velyceo,Saint-Nazaire,5c7193cdad4208b01102c748e31e6681,Rond-point de l'Hippodrome,0.0,0.0,15.0,15.0,1.0,0.0,47.261,-2.335,0.0,1.0,penurie (vide)
velyceo,Saint-Nazaire,67a533bc7e8cc210a1ccb5d87feed304,Gare de Pornichet,0.0,0.0,14.0,14.0,1.0,0.0,47.27,-2.345,0.0,1.0,penurie (vide)
velyceo,Saint-Nazaire,8aabfe09b262e056174a21c595a7b97b,Port de Rozé,0.375,9.0,15.0,24.0,0.0,0.0,47.36,-2.186,9.0,0.0,penurie (vide)
velyceo,Saint-Nazaire,cdb52cb2033141f6ab4afb719aa29931,Gare de Saint-Nazaire,0.0,0.0,16.0,16.0,1.0,0.0,47.286,-2.211,0.0,1.0,penurie (vide)
via-velo,Val d'Ille-Aubigné,22018adf2283e0a282398962456aa63b,Montgerval,0.0,0.0,2.0,2.0,1.0,0.0,48.202,-1.738,0.0,1.0,penurie (vide)
via-velo,Val d'Ille-Aubigné,57744a963c489ac82bd12f50fc5d3652,Mairie,0.333,1.0,2.0,3.0,0.0,0.0,48.263,-1.606,1.0,0.0,penurie (vide)
via-velo,Val d'Ille-Aubigné,a432c67842db7ccb99b9c9f0e4ec044a,Place de l'église,0.167,1.0,5.0,6.0,0.0,0.0,48.218,-1.697,1.0,0.0,penurie (vide)
via-velo,Val d'Ille-Aubigné,a6f82d77361f078024e3a64936933491,Les Fontenelles,,0.0,,0.0,1.0,1.0,48.215,-1.691,,1.0,penurie (vide)
via-velo,Val d'Ille-Aubigné,b077cc0bf02c2209cbbd5dbb45306380,Les Fontenelles,0.0,0.0,2.0,2.0,1.0,0.0,48.215,-1.691,0.0,1.0,penurie (vide)
via-velo,Val d'Ille-Aubigné,d7427373d5974e36a1fc1c17bd31c516,Centre-Ville,0.0,0.0,3.0,3.0,1.0,0.0,48.22,-1.755,0.0,1.0,penurie (vide)
via-velo,Val d'Ille-Aubigné,f34039bf16db5f8dad5f3637435a7886,Place Simone Veil,0.25,1.0,3.0,4.0,0.0,0.0,48.264,-1.618,1.0,0.0,penurie (vide)
vilvolt,Épinal,00c39f43bcfa078aef4fb61e805fcec8,Camping de Bouzey,0.167,5.0,25.0,30.0,0.0,0.0,48.167,6.36,5.0,0.0,penurie (vide)
vilvolt,Épinal,01b554c91b39b2d8f7f2aa19f534c9b2,Courcy,0.333,5.0,10.0,15.0,0.0,0.0,48.179,6.434,5.0,0.0,penurie (vide)
vilvolt,Épinal,0276c609a33d6be437e6ae4325f9f936,Epinal - La Voivre,0.333,5.0,10.0,15.0,0.0,0.0,48.201,6.463,5.0,0.0,penurie (vide)
vilvolt,Épinal,03bbcd30b4a8eec489c7b0354d057338,Dinozé,0.067,1.0,14.0,15.0,0.0,0.0,48.141,6.477,1.0,0.0,penurie (vide)
vilvolt,Épinal,04ffaf18a3f45b324c0fc5a4063a017a,Epinal - Reffye,0.733,11.0,4.0,15.0,0.0,0.0,48.181,6.433,11.0,0.0,penurie (vide)
vilvolt,Épinal,061f3a1e68d997a7cd0c0b4c72b2487a,Patinoire,0.4,6.0,9.0,15.0,0.0,0.0,48.18,6.463,6.0,0.0,penurie (vide)
vilvolt,Épinal,071a077282380543bfc90dbdab499bc1,Golbey - Haye du Doyen,0.467,7.0,8.0,15.0,0.0,0.0,48.204,6.425,7.0,0.0,penurie (vide)
vilvolt,Épinal,07f49a580a64fae41cab0dca61525650,Hadol,0.4,6.0,9.0,15.0,0.0,0.0,48.086,6.476,6.0,0.0,penurie (vide)
vilvolt,Épinal,0990022dd4f5fb4a687e2b2f145472c5,Clémenceau,0.133,2.0,13.0,15.0,0.0,0.0,48.179,6.448,2.0,0.0,penurie (vide)
vilvolt,Épinal,09a2cae3e05d2ddcd72d09de5d792d7b,Uxegney,0.267,4.0,11.0,15.0,0.0,0.0,48.191,6.396,4.0,0.0,penurie (vide)
vilvolt,Épinal,0b4b8845468869e0b2d576461a8b248f,Louis Meyer,0.2,3.0,12.0,15.0,0.0,0.0,48.194,6.446,3.0,0.0,penurie (vide)
vilvolt,Épinal,0b62494f4adab43e5cc50f56696101a7,Vaxoncourt,0.467,7.0,8.0,15.0,0.0,0.0,48.291,6.411,7.0,0.0,penurie (vide)
vilvolt,Épinal,0b634f2cd97c7f3d478be5ad084c65fb,MJC St Laurent,0.467,7.0,8.0,15.0,0.0,0.0,48.149,6.455,7.0,0.0,penurie (vide)
vilvolt,Épinal,0ee28ad5026fc8394d3b5f419d01f7ad,Lac de Bouzey,0.467,7.0,8.0,15.0,0.0,0.0,48.167,6.352,7.0,0.0,penurie (vide)
vilvolt,Épinal,10e87c6ebdc743d9c5bf3fb9960be4a4,Chantraine 2,0.0,0.0,15.0,15.0,1.0,0.0,48.168,6.433,0.0,1.0,penurie (vide)
vilvolt,Épinal,172df761a3e848b3582cef4e3c0be61a,Thaon Nord,0.467,7.0,8.0,15.0,0.0,0.0,48.262,6.408,7.0,0.0,penurie (vide)
vilvolt,Épinal,1baf797c684e510e0e4d263e8f5bd33f,Les Forges - Chasseurs,0.133,2.0,13.0,15.0,0.0,0.0,48.176,6.397,2.0,0.0,penurie (vide)
vilvolt,Épinal,28b4547a7d002e5a57b1084995efda85,Jules Ferry,0.2,3.0,12.0,15.0,0.0,0.0,48.172,6.443,3.0,0.0,penurie (vide)
vilvolt,Épinal,2965ff502cc69a5ddaa6d46ee8352049,La Vierge,0.667,10.0,5.0,15.0,0.0,0.0,48.156,6.458,10.0,0.0,penurie (vide)
vilvolt,Épinal,331452a533761d43c16b4f28e026552e,Chavelot - ZAC de la Fougère,0.5,8.0,8.0,16.0,0.0,0.0,48.229,6.434,8.0,0.0,penurie (vide)
vilvolt,Épinal,3805741ad3be1af813abdc136fb88354,Centre des Congrès,0.467,7.0,8.0,15.0,0.0,0.0,48.186,6.471,7.0,0.0,penurie (vide)
vilvolt,Épinal,3dc5b818af319f60b4c37a40e47d46cd,Uxegney Est,0.4,6.0,9.0,15.0,0.0,0.0,48.191,6.369,6.0,0.0,penurie (vide)
vilvolt,Épinal,3f19274704c57838984cacd9d9ecf21a,Gare d'Epinal,0.6,15.0,10.0,25.0,0.0,0.0,48.178,6.442,15.0,0.0,penurie (vide)
vilvolt,Épinal,431fcee72d0d98434284302470492e52,Mairie de Golbey,0.467,7.0,8.0,15.0,0.0,0.0,48.198,6.44,7.0,0.0,penurie (vide)
vilvolt,Épinal,4611f9f1441caedacc4388901a40a37e,Mairie La Vôge-Les-Bains,0.467,7.0,8.0,15.0,0.0,0.0,48.001,6.264,7.0,0.0,penurie (vide)
vilvolt,Épinal,470ee70fc19aaec8472a45376408a55e,Oncourt,0.467,7.0,8.0,15.0,0.0,0.0,48.25,6.378,7.0,0.0,penurie (vide)
vilvolt,Épinal,4a3cba7782a33c7ddc771573a0a17dbc,Epinal - MUDAAC,0.0,0.0,30.0,30.0,1.0,0.0,48.173,6.447,0.0,1.0,penurie (vide)
vilvolt,Épinal,4c2b260f37467cec04e54bab9c765b93,Magdeleine,0.6,9.0,6.0,15.0,0.0,0.0,48.188,6.439,9.0,0.0,penurie (vide)
vilvolt,Épinal,4da6a682c884c61279429541b3125db4,Gare La Vôge-les-Bains,0.2,3.0,12.0,15.0,0.0,0.0,47.981,6.295,3.0,0.0,penurie (vide)
vilvolt,Épinal,4dcf43b9fcc8101fbc2b00e7c66552ca,Epinal - HIB,0.2,3.0,12.0,15.0,0.0,0.0,48.199,6.46,3.0,0.0,penurie (vide)
vilvolt,Épinal,563ed6523653ad2f52b12a27e21031ff,Epinal - CPAM,0.2,3.0,12.0,15.0,0.0,0.0,48.175,6.442,3.0,0.0,penurie (vide)
vilvolt,Épinal,5928c95cbc544c469a0eca0d071c6a4a,Petit Champ de Mars,0.067,1.0,14.0,15.0,0.0,0.0,48.17,6.448,1.0,0.0,penurie (vide)
vilvolt,Épinal,5a637a77ba47803898f748cbccd9cfad,Uriménil,0.467,7.0,8.0,15.0,0.0,0.0,48.1,6.393,7.0,0.0,penurie (vide)
vilvolt,Épinal,5b8f2007132ba3a0e7e3489ffc8e0dad,Pouxeux,0.467,7.0,8.0,15.0,0.0,0.0,48.108,6.568,7.0,0.0,penurie (vide)
vilvolt,Épinal,5be173de44edf1c037e9beab67d957fb,Chavelot ,0.533,8.0,7.0,15.0,0.0,0.0,48.237,6.437,8.0,0.0,penurie (vide)
vilvolt,Épinal,5c135f34e8a93406b1eba993d53790e5,Arches-Gare,0.267,4.0,11.0,15.0,0.0,0.0,48.12,6.528,4.0,0.0,penurie (vide)
vilvolt,Épinal,5fc25abfaabea5ae8896ac7ab8b0bd95,Templiers,0.0,0.0,15.0,15.0,1.0,0.0,48.167,6.451,0.0,1.0,penurie (vide)
vilvolt,Épinal,60cab3538789e36036c044bcb2bedb3f,Gare de Vincey,0.267,4.0,11.0,15.0,0.0,0.0,48.343,6.336,4.0,0.0,penurie (vide)
vilvolt,Épinal,60d9baf7bb48f9c21134e462b90d1c08,Mairie de Thaon les Vosges,0.267,4.0,11.0,15.0,0.0,0.0,48.251,6.419,4.0,0.0,penurie (vide)
vilvolt,Épinal,61c70b9e5a9890461db772facb3a3a8e,Golbey - SDIS/AFPA,0.069,2.0,27.0,29.0,0.0,0.0,48.189,6.422,2.0,0.0,penurie (vide)
vilvolt,Épinal,629df916238c644380476eb4e98e5767,Place des Vosges,0.64,16.0,9.0,25.0,0.0,0.0,48.175,6.45,16.0,0.0,penurie (vide)
vilvolt,Épinal,64a63840d8d0ddcb28a9c46477074d44,Laufromont,0.067,1.0,14.0,15.0,0.0,0.0,48.172,6.462,1.0,0.0,penurie (vide)
vilvolt,Épinal,660cff992df5398992d58f8d66c856f0,Epinal - MJC Savouret,0.1,3.0,27.0,30.0,0.0,0.0,48.172,6.454,3.0,0.0,penurie (vide)
vilvolt,Épinal,66bdfcbb10ae5d15627c481660c01c0d,Rotonde,0.267,4.0,11.0,15.0,0.0,0.0,48.246,6.427,4.0,0.0,penurie (vide)
vilvolt,Épinal,6aa1e130506e67004adb52c9f463b0a9,Epinal - Voivre résidence U,0.267,4.0,11.0,15.0,0.0,0.0,48.197,6.458,4.0,0.0,penurie (vide)
vilvolt,Épinal,6aba85f19c81c4187bc441dbbb70b123,Cinéma - BMI,0.533,8.0,7.0,15.0,0.0,0.0,48.178,6.459,8.0,0.0,penurie (vide)
vilvolt,Épinal,75516f3011c39df526eb610d9eede845,Epinal - Bragard-quai Michelet,0.133,2.0,13.0,15.0,0.0,0.0,48.164,6.452,2.0,0.0,penurie (vide)
vilvolt,Épinal,76cc877611c4dd7126bbdc68cc406f7c,Piscine Thaon,0.533,8.0,7.0,15.0,0.0,0.0,48.252,6.429,8.0,0.0,penurie (vide)
vilvolt,Épinal,7be409033a64ac0372c7b91550cb0e27,Epinal - Planétarium,0.0,0.0,15.0,15.0,1.0,0.0,48.186,6.435,0.0,1.0,penurie (vide)
vilvolt,Épinal,7defe44c6e74620459ae25ebeef649c7,Dogneville Centre,0.133,2.0,13.0,15.0,0.0,0.0,48.223,6.459,2.0,0.0,penurie (vide)
vilvolt,Épinal,7ea0f556d37e1f0469ab39ba14070e41,Epinal - Léon Blum,0.067,1.0,14.0,15.0,0.0,0.0,48.189,6.463,1.0,0.0,penurie (vide)
vilvolt,Épinal,7f06fca914b7f0d84478ad0d1cc04cf3,Gare de Thaon les Vosges,0.267,4.0,11.0,15.0,0.0,0.0,48.245,6.416,4.0,0.0,penurie (vide)
vilvolt,Épinal,7fc09b46ce73c34610355305e00147eb,Golbey Médiathèque,0.4,6.0,9.0,15.0,0.0,0.0,48.195,6.439,6.0,0.0,penurie (vide)
vilvolt,Épinal,80e7e7aa9aa81da8c62378df84160ef0,Girancourt,0.267,4.0,11.0,15.0,0.0,0.0,48.162,6.311,4.0,0.0,penurie (vide)
vilvolt,Épinal,82bc1be74fe87e8b6d41df8a324047d3,Deyvillers,0.467,7.0,8.0,15.0,0.0,0.0,48.2,6.516,7.0,0.0,penurie (vide)
vilvolt,Épinal,8712c97b5bc42a98d2bd6aa9c1b014f1,Uzemain,0.4,6.0,9.0,15.0,0.0,0.0,48.086,6.346,6.0,0.0,penurie (vide)
vilvolt,Épinal,8785925cab63b993854c8647b4acae0b,Darnieulles centre,0.267,4.0,11.0,15.0,0.0,0.0,48.199,6.355,4.0,0.0,penurie (vide)
vilvolt,Épinal,8cf5056fa49ad8b7f28a233bb86223d8,Igney Mairie,0.467,7.0,8.0,15.0,0.0,0.0,48.273,6.397,7.0,0.0,penurie (vide)
vilvolt,Épinal,8d84dcc2413598db835a33c3e18715af,Piscine olympique,0.8,12.0,3.0,15.0,0.0,0.0,48.193,6.461,12.0,0.0,penurie (vide)
vilvolt,Épinal,91491104b2efeccdd5070c398a8f0ed3,Vincey centre,0.467,7.0,8.0,15.0,0.0,0.0,48.338,6.331,7.0,0.0,penurie (vide)
vilvolt,Épinal,91a1918b0f37264e3a01abd52e6ffdfc,ENSTIB,0.667,10.0,5.0,15.0,0.0,0.0,48.194,6.465,10.0,0.0,penurie (vide)
vilvolt,Épinal,91c34749d89afc03820fde8fabc647b1,Maison Romaine,0.333,5.0,10.0,15.0,0.0,0.0,48.181,6.445,5.0,0.0,penurie (vide)
vilvolt,Épinal,9531806f58a13b217220ab66c1d0d2c7,Golbey Hôpital,0.0,0.0,30.0,30.0,1.0,0.0,48.196,6.433,0.0,1.0,penurie (vide)
vilvolt,Épinal,98dc42b6d76cb53555697a2e76aa01bf,Mairie de Charmes,0.4,6.0,9.0,15.0,0.0,0.0,48.372,6.293,6.0,0.0,penurie (vide)
vilvolt,Épinal,9a71fcf1d72dbb4190d52e6fa62607aa,Avrinsart,0.133,2.0,13.0,15.0,0.0,0.0,48.183,6.454,2.0,0.0,penurie (vide)
vilvolt,Épinal,9b845abc5efb2fef0a395323d31f8607,Schwäbisch hall,0.0,0.0,15.0,15.0,1.0,0.0,48.175,6.448,0.0,1.0,penurie (vide)
vilvolt,Épinal,9dbc8d71ed475497eee2db8f4fa57e01,Maison de l'étudiant,0.0,0.0,15.0,15.0,1.0,0.0,48.173,6.452,0.0,1.0,penurie (vide)
vilvolt,Épinal,9dcb9c4d1b9eec8d7c084d7f9349563d,Rond point de Chantraine,0.333,5.0,10.0,15.0,0.0,0.0,48.175,6.434,5.0,0.0,penurie (vide)
vilvolt,Épinal,a02d0585f63bbc277e225e00512d9b8e,Gare de Châtel Nomexy,0.333,5.0,10.0,15.0,0.0,0.0,48.307,6.388,5.0,0.0,penurie (vide)
vilvolt,Épinal,a813da2c996ac67d69217db54547330d,Archettes,0.2,3.0,12.0,15.0,0.0,0.0,48.124,6.533,3.0,0.0,penurie (vide)
vilvolt,Épinal,ab6ccb57f5e7bb3718f943018426935a,Châtel-sur-Moselle,0.267,4.0,11.0,15.0,0.0,0.0,48.32,6.404,4.0,0.0,penurie (vide)
vilvolt,Épinal,abbd2bf260b4b00dec4024131451a647,Haut du Gras,0.067,1.0,14.0,15.0,0.0,0.0,48.185,6.426,1.0,0.0,penurie (vide)
vilvolt,Épinal,ade60fff07a2d2328b9585b843b3c7d2,Golbey - Piscine Germain Creuse,0.033,1.0,29.0,30.0,0.0,0.0,48.19,6.431,1.0,0.0,penurie (vide)
vilvolt,Épinal,b02f64743410bfbdca6cb0b8d1cc4e00,Chantraine - Arsenal,0.067,1.0,14.0,15.0,0.0,0.0,48.173,6.429,1.0,0.0,penurie (vide)
vilvolt,Épinal,b208c535591fdae44a1e89343bb5b055,Marché couvert,0.6,9.0,6.0,15.0,0.0,0.0,48.174,6.449,9.0,0.0,penurie (vide)
vilvolt,Épinal,b3709d36031f514c787982ecf5d9d974,Sanchey Village,0.2,3.0,12.0,15.0,0.0,0.0,48.174,6.363,3.0,0.0,penurie (vide)
vilvolt,Épinal,b49cab8b84a5ee65547c3bc3da19086b,Jeuxey Centre,0.4,6.0,9.0,15.0,0.0,0.0,48.201,6.488,6.0,0.0,penurie (vide)
vilvolt,Épinal,b5e83e808dac0543d1c4dd57173132b5,Thaon Innova,0.467,7.0,8.0,15.0,0.0,0.0,48.254,6.407,7.0,0.0,penurie (vide)
vilvolt,Épinal,bce5f6ab1d6548d5db611018aed80704,Arches - temporaire,,0.0,0.0,0.0,1.0,1.0,48.119,6.529,,1.0,penurie (vide)
vilvolt,Épinal,bfb7d03983b3a818fb3e5ca89ba2d6e0,Viviani - Bitola,0.2,3.0,12.0,15.0,0.0,0.0,48.164,6.449,3.0,0.0,penurie (vide)
vilvolt,Épinal,c7e84e51daa2941ab09c5f90c6489b37,Château / Colombière,0.4,6.0,9.0,15.0,0.0,0.0,48.177,6.464,6.0,0.0,penurie (vide)
vilvolt,Épinal,c9a824c7cf2996aebd1e9df97b6664c2,Les Forges,0.2,3.0,12.0,15.0,0.0,0.0,48.178,6.387,3.0,0.0,penurie (vide)
vilvolt,Épinal,ca4a280612526398c49e51ece4bf493e,Girmont,0.333,5.0,10.0,15.0,0.0,0.0,48.258,6.437,5.0,0.0,penurie (vide)
vilvolt,Épinal,cade0b0959e30e71706f43cce8f1f226,Gare Xertigny,0.333,5.0,10.0,15.0,0.0,0.0,48.053,6.377,5.0,0.0,penurie (vide)
vilvolt,Épinal,cbd6a47b9e82a1e09a4a192adc564414,Epinal - SOBA,0.4,6.0,9.0,15.0,0.0,0.0,48.143,6.479,6.0,0.0,penurie (vide)
vilvolt,Épinal,cd1c8d91af0133f940d5efed24a6a881,Dounoux,0.2,3.0,12.0,15.0,0.0,0.0,48.105,6.444,3.0,0.0,penurie (vide)
vilvolt,Épinal,ce4ada77f7689470b815f5d1483ddae8,Epinal - 40 semaines,0.133,2.0,13.0,15.0,0.0,0.0,48.163,6.46,2.0,0.0,penurie (vide)
vilvolt,Épinal,cfeb66dfb237f1c5ed053b729d8f56a2,Domaine des Lacs,0.6,9.0,6.0,15.0,0.0,0.0,48.266,6.411,9.0,0.0,penurie (vide)
vilvolt,Épinal,d5cfc66516b6f07b35ee63138e255f54,Maison de l'habitat - CFA,0.5,7.0,7.0,14.0,0.0,0.0,48.18,6.441,7.0,0.0,penurie (vide)
vilvolt,Épinal,d5f1f4650a7a4a5515622ffa57c4a6fa,Blancs Champs,0.6,9.0,6.0,15.0,0.0,0.0,48.198,6.419,9.0,0.0,penurie (vide)
vilvolt,Épinal,d834721e2590eee40a6610ad9f2d1ced,Charmes Sud,0.4,6.0,9.0,15.0,0.0,0.0,48.362,6.303,6.0,0.0,penurie (vide)
vilvolt,Épinal,d8765508c943f322ac5ca11dd60df13a,Epinal Thiers,0.133,2.0,13.0,15.0,0.0,0.0,48.171,6.451,2.0,0.0,penurie (vide)
vilvolt,Épinal,d90f93c2efdbdf7a907c70e29af731c8,Epinal - Lapicque,0.333,5.0,10.0,15.0,0.0,0.0,48.175,6.441,5.0,0.0,penurie (vide)
vilvolt,Épinal,ddcfc1e88231742e65c80e6204535143,ENTREPRISE CDG 88 - réservée CDG88,0.7,7.0,3.0,10.0,0.0,0.0,48.19,6.405,7.0,0.0,penurie (vide)
vilvolt,Épinal,df10334f78437387d8323eeef7cf7fe1,Port - Musée de l'Image,0.6,9.0,6.0,15.0,0.0,0.0,48.184,6.445,9.0,0.0,penurie (vide)
vilvolt,Épinal,df57964820081f4b3ab34953b3c94998,La Vôge les Bains - Lycée,0.0,0.0,15.0,15.0,1.0,0.0,48.0,6.248,0.0,1.0,penurie (vide)
vilvolt,Épinal,e6a64642757203e8cf72aec173620685,Place Foch,0.2,3.0,12.0,15.0,0.0,0.0,48.172,6.448,3.0,0.0,penurie (vide)
vilvolt,Épinal,e9dec332afbf9ec588d31d14784be43f,Hôpital,0.333,5.0,10.0,15.0,0.0,0.0,48.179,6.453,5.0,0.0,penurie (vide)
vilvolt,Épinal,eb5784fb84610eec14a6eb0c4c359ef9,Halle des Sports,0.267,4.0,11.0,15.0,0.0,0.0,48.16,6.451,4.0,0.0,penurie (vide)
vilvolt,Épinal,ecbbac41b9ff48a972be974d1a97a2dd,Nomexy Centre,0.467,7.0,8.0,15.0,0.0,0.0,48.307,6.383,7.0,0.0,penurie (vide)
vilvolt,Épinal,ee2f60e97a694b6ab4c13521d18b155e,Saint Michel,0.0,0.0,15.0,15.0,1.0,0.0,48.176,6.453,0.0,1.0,penurie (vide)
vilvolt,Épinal,f05b2d179559a693016f0792f24f6308,4 nations,0.6,9.0,6.0,15.0,0.0,0.0,48.176,6.446,9.0,0.0,penurie (vide)
vilvolt,Épinal,f0fcedd807360c54ea0eb73478bd57aa,Golbey - Trane,0.467,7.0,8.0,15.0,0.0,0.0,48.2,6.428,7.0,0.0,penurie (vide)
vilvolt,Épinal,f82b26d212824b5b0dd4b34e9e3e6293,Epinal - Lycée Mendes France,0.333,5.0,10.0,15.0,0.0,0.0,48.187,6.456,5.0,0.0,penurie (vide)
vilvolt,Épinal,f8d6cc8786d2af3feae405ca64fb9aaf,Gare de Charmes,0.267,4.0,11.0,15.0,0.0,0.0,48.378,6.301,4.0,0.0,penurie (vide)
vilvolt,Épinal,fa349d4278e81865c9dfb40d1a85bbcf,Xertigny Centre,0.267,4.0,11.0,15.0,0.0,0.0,48.044,6.401,4.0,0.0,penurie (vide)
vilvolt,Épinal,fb6b275a212634d0df7895b8735d203c,Domaine des lacs 2,0.0,0.0,15.0,15.0,1.0,0.0,48.266,6.412,0.0,1.0,penurie (vide)
vlille,Lille,00f10566e38fcb8655f598b6c6b0bfe6,Mercure,0.278,5.0,13.0,18.0,0.0,0.0,50.705,3.161,5.0,0.0,penurie (vide)
vlille,Lille,0257185921d3e68260dd13f4119064e7,Roubaix Mairie,0.967,29.0,1.0,30.0,0.0,0.0,50.692,3.174,29.0,0.0,penurie (vide)
vlille,Lille,02af2ecbfedafa736b58bba89f950f7a,Blanchemaille,0.0,0.0,8.0,8.0,1.0,0.0,50.697,3.169,0.0,1.0,penurie (vide)
vlille,Lille,02bed95a9d5409d6b885780b3379ab02,Marbrerie,0.824,14.0,3.0,17.0,0.0,0.0,50.63,3.097,14.0,0.0,penurie (vide)
vlille,Lille,0390b2ea485d0642446d8bcb38826f43,Universite Catholique,0.452,14.0,17.0,31.0,0.0,0.0,50.632,3.046,14.0,0.0,penurie (vide)
vlille,Lille,03ed28db702ace422a7d2eea52d99a3c,Place Colette Besson,0.182,4.0,18.0,22.0,0.0,0.0,50.623,3.064,4.0,0.0,penurie (vide)
vlille,Lille,052b1ab9ff21069d8631936adf0de07b,JB Lebas,0.231,9.0,30.0,39.0,0.0,0.0,50.625,3.069,9.0,0.0,penurie (vide)
vlille,Lille,05693e3cc20a815cf081158ddf0d6d00,Saint Maur,0.083,2.0,22.0,24.0,0.0,0.0,50.652,3.082,2.0,0.0,penurie (vide)
vlille,Lille,06371a8b86a7e0fe11282a6bf2d3ae1c,Louise de Bettignies,0.067,2.0,28.0,30.0,0.0,0.0,50.641,3.065,2.0,0.0,penurie (vide)
vlille,Lille,06806aaeed95a09f3f73b428e912ef2a,Zenith,0.367,11.0,19.0,30.0,0.0,0.0,50.633,3.076,11.0,0.0,penurie (vide)
vlille,Lille,080074857a12f8235d6ae632042b3e87,Musee Art et Industrie,0.071,1.0,13.0,14.0,0.0,0.0,50.694,3.168,1.0,0.0,penurie (vide)
vlille,Lille,0816c3865aef69b6672556d0f2229669,Alfred Mongy,0.375,6.0,10.0,16.0,0.0,0.0,50.688,3.175,6.0,0.0,penurie (vide)
vlille,Lille,089b4ede12442902910fac6cac06e20d,Pont de Neuville,0.25,3.0,9.0,12.0,0.0,0.0,50.737,3.171,3.0,0.0,penurie (vide)
vlille,Lille,08c640cdb620765a6d93517378755c34,Port de Lille,0.615,16.0,10.0,26.0,0.0,0.0,50.63,3.036,16.0,0.0,penurie (vide)
vlille,Lille,08cf3367c120cef2ac72efbe020ce03d,Place aux Bleuets,0.188,3.0,13.0,16.0,0.0,0.0,50.641,3.068,3.0,0.0,penurie (vide)
vlille,Lille,091d80739605344c488e4fc447ba3ba4,Republique Beaux Arts,0.531,17.0,15.0,32.0,0.0,0.0,50.631,3.061,17.0,0.0,penurie (vide)
vlille,Lille,0a64d4b19dca049f35e9b0e9ef53a4ef,Sadi carnot,0.95,19.0,1.0,20.0,0.0,0.0,50.611,2.995,19.0,0.0,penurie (vide)
vlille,Lille,0b4a20e79b98057fe617a6649a645277,Place Casquette,0.0,0.0,18.0,18.0,1.0,0.0,50.624,3.045,0.0,1.0,penurie (vide)
vlille,Lille,0be87fc4af3afa8db7d6079dd38ebc47,Jardin Vauban,1.0,18.0,0.0,18.0,0.0,1.0,50.636,3.05,18.0,1.0,saturation (pleine)
vlille,Lille,0c04b7b66195ffd6eb890b0598c630ad,Cimetiere du Sud,0.45,9.0,11.0,20.0,0.0,0.0,50.613,3.047,9.0,0.0,penurie (vide)
vlille,Lille,0c0a12e3daac57f070a3730e408b186d,Faculté de médecine,0.312,5.0,11.0,16.0,0.0,0.0,50.604,3.031,5.0,0.0,penurie (vide)
vlille,Lille,0d34283ee6980e623cdd797374d82a8a,Metro Triolo,0.542,13.0,11.0,24.0,0.0,0.0,50.617,3.141,13.0,0.0,penurie (vide)
vlille,Lille,0dc1eebdba94644934884b5e3ffa6a8b,Hotel de Region,0.5,16.0,16.0,32.0,0.0,0.0,50.63,3.078,16.0,0.0,penurie (vide)
vlille,Lille,0e2c305fdfd9a22663f84d49db6e3a13,Jemmapes,0.409,9.0,13.0,22.0,0.0,0.0,50.645,3.058,9.0,0.0,penurie (vide)
vlille,Lille,0e89b99fa1d1765167dc7e062e8aa90f,Rue Corneille,0.0,0.0,14.0,14.0,1.0,0.0,50.624,3.145,0.0,1.0,penurie (vide)
vlille,Lille,0eba64e15ad90580b8377ed5be9a32e0,Place Spriet,0.0,0.0,24.0,24.0,1.0,0.0,50.674,3.185,0.0,1.0,penurie (vide)
vlille,Lille,0ebd0ca72fda28e6dc37c446494cdbd2,Centre Commercial V2,0.368,7.0,12.0,19.0,0.0,0.0,50.616,3.132,7.0,0.0,penurie (vide)
vlille,Lille,0f46eddf307ce81f0edf976fdda5d36d,Boulevard Louis XIV,0.308,8.0,18.0,26.0,0.0,0.0,50.628,3.07,8.0,0.0,penurie (vide)
vlille,Lille,0f53e30d00c2073313820a546f1aa16c,P.I. de Douai,0.75,15.0,5.0,20.0,0.0,0.0,50.612,3.075,15.0,0.0,penurie (vide)
vlille,Lille,0f74dea862c104e7f42b03bb5fd2a65e,Piscine de Marcq,0.812,13.0,3.0,16.0,0.0,0.0,50.666,3.088,13.0,0.0,penurie (vide)
vlille,Lille,0fd75b849b37239aa5d11adb0b214d50,Stade Ballet,0.5,9.0,9.0,18.0,0.0,0.0,50.629,3.088,9.0,0.0,penurie (vide)
vlille,Lille,10817f255b8bf4d96da69b27c0071a2c,Boulevard de Valmy,0.667,12.0,6.0,18.0,0.0,0.0,50.619,3.127,12.0,0.0,penurie (vide)
vlille,Lille,10d758d119ba87d050a99856de0a8f16,Hopital Victor Provo,0.375,6.0,10.0,16.0,0.0,0.0,50.679,3.173,6.0,0.0,penurie (vide)
vlille,Lille,1203451d874561326d24e6c67e18dbbe,Petit Maroc,0.1,3.0,27.0,30.0,0.0,0.0,50.62,3.084,3.0,0.0,penurie (vide)
vlille,Lille,124857e3dc849c21d1f813de43d6f85e,Rue de Gand,0.474,9.0,10.0,19.0,0.0,0.0,50.643,3.067,9.0,0.0,penurie (vide)
vlille,Lille,1255de3c978255112d702d5370d94137,Gare Jean Lebas,0.0,0.0,17.0,17.0,1.0,0.0,50.696,3.164,0.0,1.0,penurie (vide)
vlille,Lille,13ad5cce0406da24b8cf2301aea27e64,Place Tacq,0.222,4.0,14.0,18.0,0.0,0.0,50.621,3.035,4.0,0.0,penurie (vide)
vlille,Lille,13e3cc04b4cc52f5c336136c565d2e13,Mitterie,0.875,14.0,2.0,16.0,0.0,0.0,50.647,3.008,14.0,0.0,penurie (vide)
vlille,Lille,140a4aa644e08cabd6909870713fa558,Chemin rouge,0.5,8.0,8.0,16.0,0.0,0.0,50.611,3.065,8.0,0.0,penurie (vide)
vlille,Lille,14c41e8dbb755befb903067115cbf62f,Flandres Euralille,0.25,10.0,30.0,40.0,0.0,0.0,50.637,3.071,10.0,0.0,penurie (vide)
vlille,Lille,14fc6d2421bfef3d1b146d769d8a56d5,College Lavoisier,,0.0,0.0,0.0,1.0,1.0,50.642,3.022,,1.0,penurie (vide)
vlille,Lille,16fb372f452834459f66dec71d23cd92,Quai 22,0.0,0.0,14.0,14.0,1.0,0.0,50.663,3.057,0.0,1.0,penurie (vide)
vlille,Lille,18b227904ef85a8be6a2e3e5c64b9a41,Fosse aux Chenes,0.0,0.0,14.0,14.0,1.0,0.0,50.7,3.174,0.0,1.0,penurie (vide)
vlille,Lille,19aa2b4c0ad7bdc92867c0af1177a125,Edhec,0.467,14.0,16.0,30.0,0.0,0.0,50.674,3.163,14.0,0.0,penurie (vide)
vlille,Lille,19b3452bd6914bbc7ebb44d4d9f0e6d8,Phalempins,0.357,5.0,9.0,14.0,0.0,0.0,50.732,3.158,5.0,0.0,penurie (vide)
vlille,Lille,1ab10226fae479c36d20fa13f15aece1,Lommelet,0.65,13.0,7.0,20.0,0.0,0.0,50.666,3.049,13.0,0.0,penurie (vide)
vlille,Lille,1abc8da7e8f755bff0a4fd051a277fed,Esplanade,0.083,2.0,22.0,24.0,0.0,0.0,50.645,3.051,2.0,0.0,penurie (vide)
vlille,Lille,1af3d5ecd96c20bbe1d2e71bd0c9b249,Faubourg de Roubaix,0.4,8.0,12.0,20.0,0.0,0.0,50.641,3.083,8.0,0.0,penurie (vide)
vlille,Lille,1af9936132175d01f5379d23a4d64dfb,Buisson,0.643,9.0,5.0,14.0,0.0,0.0,50.656,3.088,9.0,0.0,penurie (vide)
vlille,Lille,1bbf3b9d4e852f1fc2ce1358cdce5943,Pont superieur,0.688,11.0,5.0,16.0,0.0,0.0,50.645,3.013,11.0,0.0,penurie (vide)
vlille,Lille,1cd238bb933dc990b2d499e51144053f,Pont Neuf,0.45,9.0,11.0,20.0,0.0,0.0,50.644,3.063,9.0,0.0,penurie (vide)
vlille,Lille,1d4cd6a27c84316be74dc2746bf09b2a,Nations Unies,0.556,10.0,8.0,18.0,0.0,0.0,50.692,3.185,10.0,0.0,penurie (vide)
vlille,Lille,1f2c710188e09aee5080a6889d5a419b,Hellemmes Cimetiere,0.667,8.0,4.0,12.0,0.0,0.0,50.625,3.117,8.0,0.0,penurie (vide)
vlille,Lille,203bb0dd2f12245ab55afc09acd7dab2,Pavé de Lille,0.8,16.0,4.0,20.0,0.0,0.0,50.664,3.13,16.0,0.0,penurie (vide)
vlille,Lille,205d4f8027bc142c59047ec3db237335,Place du Marche,0.167,4.0,20.0,24.0,0.0,0.0,50.655,3.069,4.0,0.0,penurie (vide)
vlille,Lille,20cd643e0659a15fe9e1fe9c07ca0a60,Euroteleport,0.867,26.0,4.0,30.0,0.0,0.0,50.691,3.18,26.0,0.0,penurie (vide)
vlille,Lille,23dc2d4e88f8a32758f95a2879e30149,Centre Nautique,0.0,0.0,10.0,10.0,1.0,0.0,50.691,3.163,0.0,1.0,penurie (vide)
vlille,Lille,259d1689642a7275081c1ee1ef4a7e49,Notebart,0.2,4.0,16.0,20.0,0.0,0.0,50.631,3.013,4.0,0.0,penurie (vide)
vlille,Lille,269cd64a6e183a999435b1df093a0d0d,Alsace,0.375,6.0,10.0,16.0,0.0,0.0,50.7,3.161,6.0,0.0,penurie (vide)
vlille,Lille,26d61c52ca13918f4152424c5ac4653d,Porte d'Arras,0.583,14.0,10.0,24.0,0.0,0.0,50.618,3.062,14.0,0.0,penurie (vide)
vlille,Lille,27f9b1605e731669e36011c785f8a330,Rue des Anges,0.0,0.0,6.0,6.0,1.0,0.0,50.72,3.156,0.0,1.0,penurie (vide)
vlille,Lille,2923c074dd0734c7619fddfcecf82f5d,Porte de Valenciennes,0.7,14.0,6.0,20.0,0.0,0.0,50.621,3.079,14.0,0.0,penurie (vide)
vlille,Lille,2acff5f5c297457f22403fb29e25ea47,Bois Habite,0.588,10.0,7.0,17.0,0.0,0.0,50.627,3.079,10.0,0.0,penurie (vide)
vlille,Lille,2b977d99bf315903afd28cb80a5c9a37,Ronchin Mairie,0.087,2.0,21.0,23.0,0.0,0.0,50.605,3.078,2.0,0.0,penurie (vide)
vlille,Lille,2bbac866657fe9a454d3e3fde7448ce5,Metro Wazemmes,0.75,15.0,5.0,20.0,0.0,0.0,50.623,3.052,15.0,0.0,penurie (vide)
vlille,Lille,2d745844d139ea3ccac2ffdb927c2790,Motte Bossut,0.0,0.0,10.0,10.0,1.0,0.0,50.69,3.177,0.0,1.0,penurie (vide)
vlille,Lille,2dec5119dd64eacbf9b7ed6c06cb5cee,Haubourdin Mairie,0.875,21.0,3.0,24.0,0.0,0.0,50.611,2.984,21.0,0.0,penurie (vide)
vlille,Lille,2e49a0fdb980c402a2642f1158fe6c45,Rue Saint Blaise,0.333,2.0,4.0,6.0,0.0,0.0,50.729,3.159,2.0,0.0,penurie (vide)
vlille,Lille,2e69013ad516dec416cd967c360ffcb0,Rihour,0.062,2.0,30.0,32.0,0.0,0.0,50.636,3.062,2.0,0.0,penurie (vide)
vlille,Lille,30a4b7136e820e34502bfa91bcac22b5,Trois Ponts,,0.0,0.0,0.0,1.0,1.0,50.685,3.201,,1.0,penurie (vide)
vlille,Lille,31469df2294eb27f54e690d51132b705,Georges Hannart,0.45,9.0,11.0,20.0,0.0,0.0,50.678,3.14,9.0,0.0,penurie (vide)
vlille,Lille,31bbebe3f3e1d78c3e24e76277e0f47c,Jeanne d'Arc,0.0,0.0,20.0,20.0,1.0,0.0,50.626,3.064,0.0,1.0,penurie (vide)
vlille,Lille,3210b94b6fef8fc0f5e31c7358feff7c,Lomme Mairie,0.778,14.0,4.0,18.0,0.0,0.0,50.639,3.012,14.0,0.0,penurie (vide)
vlille,Lille,3212aca4329dc3ebeb67701915f3d6bd,Faubourg d'Arras,0.062,1.0,15.0,16.0,0.0,0.0,50.614,3.062,1.0,0.0,penurie (vide)
vlille,Lille,3239c7d5193b44e3a992459684ab9877,Eugene Jacquet,0.19,4.0,17.0,21.0,0.0,0.0,50.637,3.085,4.0,0.0,penurie (vide)
vlille,Lille,3264aeaddcf34f670d2d00a679f9e720,Haut de Mons,0.375,6.0,10.0,16.0,0.0,0.0,50.646,3.107,6.0,0.0,penurie (vide)
vlille,Lille,32a41d55d7b2788605e0098383a58126,Artois,0.056,1.0,17.0,18.0,0.0,0.0,50.626,3.061,1.0,0.0,penurie (vide)
vlille,Lille,33c121589edd8e0e40f5bbcc672e0769,Louviere,0.0,0.0,20.0,20.0,1.0,0.0,50.646,3.086,0.0,1.0,penurie (vide)
vlille,Lille,341cd053dd65c53aeb3342ecc88d31cf,Recherche,0.5,8.0,8.0,16.0,0.0,0.0,50.603,3.039,8.0,0.0,penurie (vide)
vlille,Lille,3477a3d657e4d5cbfb0f5d7d33dca9e1,Rue des Victoires,,0.0,0.0,0.0,1.0,1.0,50.622,3.132,,1.0,penurie (vide)
vlille,Lille,36608fa9d1c4e3e360fc2a58d5ea690b,Station Mobile 2,0.0,0.0,20.0,20.0,1.0,0.0,50.615,3.088,0.0,1.0,penurie (vide)
vlille,Lille,371583b7aebff56f15c22310969efe7c,Grands Moulins de Paris,0.35,7.0,13.0,20.0,0.0,0.0,50.671,3.055,7.0,0.0,penurie (vide)
vlille,Lille,372b905b6a873e3c7edc2a5482d2f223,Cavell,0.5,3.0,3.0,6.0,0.0,0.0,50.723,3.164,3.0,0.0,penurie (vide)
vlille,Lille,37ae7930f9bbb3c3968def35b7c137b0,Rue de Londres,0.714,10.0,4.0,14.0,0.0,0.0,50.617,3.023,10.0,0.0,penurie (vide)
vlille,Lille,37f809e59fcb265b10100e4160c14774,Chasseurs de Driant,0.455,10.0,12.0,22.0,0.0,0.0,50.619,3.033,10.0,0.0,penurie (vide)
vlille,Lille,37fa1b768bcc99eab8669004db96da88,Clemenceau Hippodrome,0.556,10.0,8.0,18.0,0.0,0.0,50.662,3.096,10.0,0.0,penurie (vide)
vlille,Lille,38be686de1a2f245530215c5ace0f1a5,Rousseau,0.55,11.0,9.0,20.0,0.0,0.0,50.645,3.03,11.0,0.0,penurie (vide)
vlille,Lille,3baac67a33a69d2155a3db81de195917,Trevise,0.6,12.0,8.0,20.0,0.0,0.0,50.621,3.072,12.0,0.0,penurie (vide)
vlille,Lille,3c25531eabe6ec5573dfb8981e7aa0d2,Charles de Gaulle,0.188,3.0,13.0,16.0,0.0,0.0,50.686,3.17,3.0,0.0,penurie (vide)
vlille,Lille,3c25f818042868eace59689e29e773a1,Wattrelos Place,0.0,0.0,1.0,1.0,1.0,0.0,50.701,3.215,0.0,1.0,penurie (vide)
vlille,Lille,3cbc6a8f69efdd22de732363b94af38a,Voltaire,0.5,7.0,7.0,14.0,0.0,0.0,50.643,3.056,7.0,0.0,penurie (vide)
vlille,Lille,3cd198a0f2fec3108ae6003fc549467b,Tanneurs,0.111,4.0,32.0,36.0,0.0,0.0,50.635,3.065,4.0,0.0,penurie (vide)
vlille,Lille,3d91e5c7edcdf745a745ae95b3cf3721,Parvis Rotterdam,0.8,16.0,4.0,20.0,0.0,0.0,50.638,3.077,16.0,0.0,penurie (vide)
vlille,Lille,3e79ef3f5b6c8ca988e57a41bcc4ff06,Lille Grand Palais,0.458,11.0,13.0,24.0,0.0,0.0,50.629,3.075,11.0,0.0,penurie (vide)
vlille,Lille,3eebbdd73d4fab682717a76fd25a6ca6,Victor Provo,0.25,4.0,12.0,16.0,0.0,0.0,50.681,3.167,4.0,0.0,penurie (vide)
vlille,Lille,3f10c17d36ea6f9cb510d816f5531ce6,Halle aux sucres,0.263,5.0,14.0,19.0,0.0,0.0,50.645,3.061,5.0,0.0,penurie (vide)
vlille,Lille,4040e6475f4f338af089625c041dc9c2,Tisserand,0.4,8.0,12.0,20.0,0.0,0.0,50.631,3.008,8.0,0.0,penurie (vide)
vlille,Lille,40a96510be5861f6fc12d1dfc0193530,Marche de Wazemmes,0.704,19.0,8.0,27.0,0.0,0.0,50.628,3.05,19.0,0.0,penurie (vide)
vlille,Lille,411fecdeacd976035d3b8166b9d34395,Botanique,0.5,8.0,8.0,16.0,0.0,0.0,50.649,3.078,8.0,0.0,penurie (vide)
vlille,Lille,49321d39391af65816d7ebae181e1707,Angellier,0.385,10.0,16.0,26.0,0.0,0.0,50.629,3.065,10.0,0.0,penurie (vide)
vlille,Lille,49833627828a0100ef0740ee01103e81,Rue du Parc,0.333,4.0,8.0,12.0,0.0,0.0,50.651,3.068,4.0,0.0,penurie (vide)
vlille,Lille,49a52b5e575ec5647a989fc8f04e8bc2,Annappes Republique,0.417,10.0,14.0,24.0,0.0,0.0,50.626,3.149,10.0,0.0,penurie (vide)
vlille,Lille,4ac422b509a296cde9c3e4c0e4854864,Stalingrad,0.0,0.0,1.0,1.0,1.0,0.0,50.696,3.209,0.0,1.0,penurie (vide)
vlille,Lille,4b111470c0339cfd7bf01c033b5497c9,Canteleu,0.889,16.0,2.0,18.0,0.0,0.0,50.637,3.024,16.0,0.0,penurie (vide)
vlille,Lille,4d1f39e8f38d274637c60c9e5e4160f6,Rue Bonte-Pollet,0.438,7.0,9.0,16.0,0.0,0.0,50.625,3.034,7.0,0.0,penurie (vide)
vlille,Lille,4d778955fc6ca062f6b76429898744ef,Jean Sans Peur,0.357,5.0,9.0,14.0,0.0,0.0,50.632,3.058,5.0,0.0,penurie (vide)
vlille,Lille,4d9f61d9822fb4535e74eb7caaf9dd6b,Republique,,0.0,0.0,0.0,1.0,1.0,50.698,3.206,,1.0,penurie (vide)
vlille,Lille,4dc8735e7f2fd93b30fb2dd5c95679ce,Gustave Delory,0.0,0.0,18.0,18.0,1.0,0.0,50.674,3.175,0.0,1.0,penurie (vide)
vlille,Lille,4eb822c5c6243a5b5dc69190b66f3479,La Madeleine Gare,0.529,9.0,8.0,17.0,0.0,0.0,50.659,3.074,9.0,0.0,penurie (vide)
vlille,Lille,507e3c03fc6bbf77732ff3fb455c8545,Canon d'Or,0.5,8.0,8.0,16.0,0.0,0.0,50.65,3.042,8.0,0.0,penurie (vide)
vlille,Lille,521d6b5b58962804d8d6a6d6e728a89c,Avenue Millet,0.25,3.0,9.0,12.0,0.0,0.0,50.725,3.151,3.0,0.0,penurie (vide)
vlille,Lille,53992804d9f047d0bd2c9e9ebed93377,Pont de Bois,0.467,14.0,16.0,30.0,0.0,0.0,50.624,3.128,14.0,0.0,penurie (vide)
vlille,Lille,53afa8c69afb8f15ec33511b384b6c7a,Ch. des Margueritois,0.154,2.0,11.0,13.0,0.0,0.0,50.606,3.072,2.0,0.0,penurie (vide)
vlille,Lille,53b52a72404057d993f3134acd72150c,Rue de Tourcoing,0.0,0.0,16.0,16.0,1.0,0.0,50.702,3.173,0.0,1.0,penurie (vide)
vlille,Lille,53c466cc5fc985f33ee6cc11534638e8,Bd Victor Hugo,0.889,16.0,2.0,18.0,0.0,0.0,50.62,3.055,16.0,0.0,penurie (vide)
vlille,Lille,53fc72cf83da3d860bb444436eaea40a,Croix Centre,0.312,5.0,11.0,16.0,0.0,0.0,50.674,3.147,5.0,0.0,penurie (vide)
vlille,Lille,5566816a5084c0a1e9808644817cdcc3,CHU - Centre Oscar Lambret,0.75,15.0,5.0,20.0,0.0,0.0,50.614,3.037,15.0,0.0,penurie (vide)
vlille,Lille,5621790c821f38c04cfe64cebfde32bc,Metro Gambetta,0.643,18.0,10.0,28.0,0.0,0.0,50.626,3.052,18.0,0.0,penurie (vide)
vlille,Lille,566fbfdec3c8f7e37048f1d8b7554ada,Solferino Nationale,0.0,0.0,19.0,19.0,1.0,0.0,50.633,3.052,0.0,1.0,penurie (vide)
vlille,Lille,584af3e442d737161685b2ea58bffe16,Poste,0.167,1.0,5.0,6.0,0.0,0.0,50.719,3.163,1.0,0.0,penurie (vide)
vlille,Lille,5860302515b0f30c21799ed4421b7fca,Place de Strasbourg,0.0,0.0,16.0,16.0,1.0,0.0,50.634,3.055,0.0,1.0,penurie (vide)
vlille,Lille,588cdd4011cf495e1ecc4205d81fad30,Pellart,0.0,0.0,7.0,7.0,1.0,0.0,50.695,3.181,0.0,1.0,penurie (vide)
vlille,Lille,5acdfeef7bb30fa12fb8eb5732f4eb4f,Blanchemaille,,0.0,0.0,0.0,1.0,1.0,50.696,3.167,,1.0,penurie (vide)
vlille,Lille,5ae7f3ca69a613e16846e4235a56cc8f,Louis Braille,0.417,5.0,7.0,12.0,0.0,0.0,50.637,3.098,5.0,0.0,penurie (vide)
vlille,Lille,5eb445c017bf92e661cf6bc7704e8a32,Bourse du Travail,0.5,10.0,10.0,20.0,0.0,0.0,50.626,3.091,10.0,0.0,penurie (vide)
vlille,Lille,5f29afbe705b0a762af8ead4d22d5842,Le Sart,0.6,12.0,8.0,20.0,0.0,0.0,50.664,3.139,12.0,0.0,penurie (vide)
vlille,Lille,5f6a3b38e0dacabefa286b18d8f97f5f,Fer à cheval,0.85,17.0,3.0,20.0,0.0,0.0,50.67,3.155,17.0,0.0,penurie (vide)
vlille,Lille,60e5d31d2950802996356a5e18b3679a,Jardin Botanique,0.625,5.0,3.0,8.0,0.0,0.0,50.725,3.166,5.0,0.0,penurie (vide)
vlille,Lille,614ac8398ca39a9669b5f6ad6c16fec6,Fives,0.958,23.0,1.0,24.0,0.0,0.0,50.633,3.09,23.0,0.0,penurie (vide)
vlille,Lille,61b41b6efd0ebd68111f8a47f56d8fb3,Mairie de Mons,0.438,7.0,9.0,16.0,0.0,0.0,50.642,3.11,7.0,0.0,penurie (vide)
vlille,Lille,633e7a606bcaf1f17dfe54b93b7957f4,Wasquehal Hotel de ville,0.6,12.0,8.0,20.0,0.0,0.0,50.67,3.131,12.0,0.0,penurie (vide)
vlille,Lille,63dad6428bc09da74515cff2edff3c89,Rue de Roubaix,0.167,2.0,10.0,12.0,0.0,0.0,50.713,3.165,2.0,0.0,penurie (vide)
vlille,Lille,64a8106289258a41ed24a6c27d7938c2,Tourcoing Mairie,0.273,6.0,16.0,22.0,0.0,0.0,50.724,3.16,6.0,0.0,penurie (vide)
vlille,Lille,651c76d3c529e460589684d9fcaedc00,Marie Marrant,0.208,5.0,19.0,24.0,0.0,0.0,50.649,3.07,5.0,0.0,penurie (vide)
vlille,Lille,661d1adf0d3a904949439a08163b4017,Chanzy,0.417,5.0,7.0,12.0,0.0,0.0,50.625,3.101,5.0,0.0,penurie (vide)
vlille,Lille,66bf3e48f5de16d56f039070d8fdbd6b,Loos Clemenceau,0.8,16.0,4.0,20.0,0.0,0.0,50.614,3.011,16.0,0.0,penurie (vide)
vlille,Lille,67a2bc89cafe942801dfdce4dc942d63,Mairie d'Hellemmes,0.583,14.0,10.0,24.0,0.0,0.0,50.627,3.109,14.0,0.0,penurie (vide)
vlille,Lille,67daeb2bd1bc6a8d8e53cef7990c6616,Gare d'eau,0.429,6.0,8.0,14.0,0.0,0.0,50.629,3.021,6.0,0.0,penurie (vide)
vlille,Lille,67df3e39ce632a738ca797c7ef6ccf84,Les Gobelins,0.0,0.0,12.0,12.0,1.0,0.0,50.694,3.172,0.0,1.0,penurie (vide)
vlille,Lille,68426e9e41ba5bce333f36426f5a82d4,Cité Marianne,0.833,10.0,2.0,12.0,0.0,0.0,50.618,3.051,10.0,0.0,penurie (vide)
vlille,Lille,6852b73988df3b20a47641ee2f731ba6,Mairie de Lille,0.1,2.0,18.0,20.0,0.0,0.0,50.632,3.071,2.0,0.0,penurie (vide)
vlille,Lille,6e2b0cf07f66b76fa878b40c5d6ecde0,St Maurice Pellevoisin,0.042,1.0,23.0,24.0,0.0,0.0,50.642,3.088,1.0,0.0,penurie (vide)
vlille,Lille,6e4a092c2bd36c83911caeebfe240476,Pont de l'Abbaye,0.316,6.0,13.0,19.0,0.0,0.0,50.666,3.064,6.0,0.0,penurie (vide)
vlille,Lille,723f68def0215f769470a0b29c81372b,Avenue de Mormal,0.056,1.0,17.0,18.0,0.0,0.0,50.651,3.089,1.0,0.0,penurie (vide)
vlille,Lille,73614bcb6142c9b01b69b70831b28703,Chaude Rivière,0.533,8.0,7.0,15.0,0.0,0.0,50.634,3.082,8.0,0.0,penurie (vide)
vlille,Lille,73b459427749807256c72d657d4143ba,Rue Royale,0.625,15.0,9.0,24.0,0.0,0.0,50.64,3.058,15.0,0.0,penurie (vide)
vlille,Lille,75353655da553ca15fbde6a96b9ccaf8,Tremiere,0.85,17.0,3.0,20.0,0.0,0.0,50.621,3.138,17.0,0.0,penurie (vide)
vlille,Lille,756aaea6959ff82dc3cc6159bab6b7f3,Carliers,0.083,1.0,11.0,12.0,0.0,0.0,50.711,3.16,1.0,0.0,penurie (vide)
vlille,Lille,7625f285aef834a00eeeab93d7e2273e,Theatre Tourcoing,0.222,2.0,7.0,9.0,0.0,0.0,50.721,3.153,2.0,0.0,penurie (vide)
vlille,Lille,763e4397ca3a68c19e53e85066f61fdc,Laënnec,0.0,0.0,3.0,3.0,1.0,0.0,50.666,3.198,0.0,1.0,penurie (vide)
vlille,Lille,77df0ef12638d1a1ff005a2b84ea4e14,Epeule Montesquieu,0.062,1.0,15.0,16.0,0.0,0.0,50.684,3.163,1.0,0.0,penurie (vide)
vlille,Lille,785fdc0d25396c1cf55ed284834fc018,Bvrd Armentieres,0.125,1.0,7.0,8.0,0.0,0.0,50.699,3.16,1.0,0.0,penurie (vide)
vlille,Lille,797fefd37411db90586478c7b81a4b00,Anatole France,0.529,9.0,8.0,17.0,0.0,0.0,50.636,3.009,9.0,0.0,penurie (vide)
vlille,Lille,79fabcca726bdb10a05db09e63bc8b58,Le Corbusier,0.0,0.0,18.0,18.0,1.0,0.0,50.722,3.171,0.0,1.0,penurie (vide)
vlille,Lille,7efefecab0e7b8c9d1b78ea2cb317c04,Bel Air,0.35,7.0,13.0,20.0,0.0,0.0,50.658,3.042,7.0,0.0,penurie (vide)
vlille,Lille,7f24216d8a8d72cc7551e58ddc4bd34b,General de Gaulle,0.4,8.0,12.0,20.0,0.0,0.0,50.645,3.101,8.0,0.0,penurie (vide)
vlille,Lille,7fcd6bf157e23fd125c7caaa6bba2c0d,Bailly,0.667,10.0,5.0,15.0,0.0,0.0,50.655,3.051,10.0,0.0,penurie (vide)
vlille,Lille,806c8bd15ca30e589eb8c2483bf8a770,Place de la boucherie,0.45,9.0,11.0,20.0,0.0,0.0,50.658,3.064,9.0,0.0,penurie (vide)
vlille,Lille,80dd2a0e1989c8eced964827f2c233d5,Station Mobile 1,0.0,0.0,20.0,20.0,1.0,0.0,50.616,3.086,0.0,1.0,penurie (vide)
vlille,Lille,80e129d55ea8584eadc961a5df4f2cba,Parc Barbieux,0.042,1.0,23.0,24.0,0.0,0.0,50.678,3.162,1.0,0.0,penurie (vide)
vlille,Lille,81c6edb374ba111f7e7e4ca0e498dfcc,Porte de Douai,0.462,12.0,14.0,26.0,0.0,0.0,50.618,3.072,12.0,0.0,penurie (vide)
vlille,Lille,8312f159d66f526827bd483f19f63768,F Roosevelt,0.0,0.0,12.0,12.0,1.0,0.0,50.727,3.167,0.0,1.0,penurie (vide)
vlille,Lille,838da05201f0d94c2d2678e65a8c8be8,Mairie de Croix,0.0,0.0,24.0,24.0,1.0,0.0,50.679,3.156,0.0,1.0,penurie (vide)
vlille,Lille,83db1ca064d53c788b5f850a55970b37,Euralille,0.175,7.0,33.0,40.0,0.0,0.0,50.638,3.072,7.0,0.0,penurie (vide)
vlille,Lille,83de53f5dfd499235d12bb2be033a1b4,N.D. de la Treille,0.233,7.0,23.0,30.0,0.0,0.0,50.64,3.062,7.0,0.0,penurie (vide)
vlille,Lille,84adf8222e406eaacd6c5b26dac75963,Piscine des 3 Villes,0.357,5.0,9.0,14.0,0.0,0.0,50.671,3.199,5.0,0.0,penurie (vide)
vlille,Lille,858258150319f66d7c5bb7906954fdbe,De la Vigne,0.636,7.0,4.0,11.0,0.0,0.0,50.701,3.184,7.0,0.0,penurie (vide)
vlille,Lille,8596a594733386be30fab7b64521ff30,Rue de Menin,0.333,4.0,8.0,12.0,0.0,0.0,50.729,3.154,4.0,0.0,penurie (vide)
vlille,Lille,85d40acedf5a2335af2c47b100281675,Rue d'Arras,0.64,16.0,9.0,25.0,0.0,0.0,50.622,3.067,16.0,0.0,penurie (vide)
vlille,Lille,86a2efb97d01403c09fefa375cdea219,Tranquillité,0.65,13.0,7.0,20.0,0.0,0.0,50.626,3.046,13.0,0.0,penurie (vide)
vlille,Lille,86d0f512c2e5eb62d40852282fb75716,Rouget de l Isle,0.333,5.0,10.0,15.0,0.0,0.0,50.734,3.168,5.0,0.0,penurie (vide)
vlille,Lille,87e9491e1b5fbb3f1c309bb24a454ed4,V.Ascq Hotel de Ville,0.36,9.0,16.0,25.0,0.0,0.0,50.62,3.132,9.0,0.0,penurie (vide)
vlille,Lille,898d4cc80bfd4c010a22c4ccf1535d6f,Roger Salengro,0.333,4.0,8.0,12.0,0.0,0.0,50.629,3.103,4.0,0.0,penurie (vide)
vlille,Lille,89ac05077ddd593b6c65633b5511e8ef,Petit Paradis,0.417,5.0,7.0,12.0,0.0,0.0,50.682,3.052,5.0,0.0,penurie (vide)
vlille,Lille,8b083cc7df1d981d8ff2b45a6064c5e1,Charles Fourier,0.167,2.0,10.0,12.0,0.0,0.0,50.672,3.183,2.0,0.0,penurie (vide)
vlille,Lille,8b54595c09572e01fe3ed7ab15a45e80,Charles Wattinne,0.188,3.0,13.0,16.0,0.0,0.0,50.714,3.157,3.0,0.0,penurie (vide)
vlille,Lille,8c9a9becd5d9351e0177cba52decf25a,Nationale Rue du Port,0.167,4.0,20.0,24.0,0.0,0.0,50.631,3.048,4.0,0.0,penurie (vide)
vlille,Lille,8cbe51464574c79fa29039ad6e90e9bc,Rue de Lille,0.438,7.0,9.0,16.0,0.0,0.0,50.626,3.145,7.0,0.0,penurie (vide)
vlille,Lille,8e2beac3af9f7b39a910d2d9ce55dc41,Cormontaigne,0.417,15.0,21.0,36.0,0.0,0.0,50.626,3.04,15.0,0.0,penurie (vide)
vlille,Lille,8f14dbf3c48d07819545b2cd5312994f,Delory Barbieux,0.0,0.0,20.0,20.0,1.0,0.0,50.677,3.167,0.0,1.0,penurie (vide)
vlille,Lille,8f31accbf269446b99d9a57f241c075e,Mont de Terre,0.167,3.0,15.0,18.0,0.0,0.0,50.623,3.091,3.0,0.0,penurie (vide)
vlille,Lille,8f6120a8daade4588130a4ee636fdd8a,Gare Lille Europe,0.438,14.0,18.0,32.0,0.0,0.0,50.64,3.075,14.0,0.0,penurie (vide)
vlille,Lille,8f66fe2f50e21884bd8716def99a4b95,Becquart,0.583,7.0,5.0,12.0,0.0,0.0,50.65,3.038,7.0,0.0,penurie (vide)
vlille,Lille,90b690a6ebdb26913b0d426acaeeafef,Fraternite,0.125,2.0,14.0,16.0,0.0,0.0,50.682,3.194,2.0,0.0,penurie (vide)
vlille,Lille,90e25a885c2f75f2b71f8fc83e3233c2,La Fileuse,0.833,15.0,3.0,18.0,0.0,0.0,50.615,3.018,15.0,0.0,penurie (vide)
vlille,Lille,91d5483e422c5b04eb7873f54aad63a1,Mendes France,0.353,6.0,11.0,17.0,0.0,0.0,50.646,3.113,6.0,0.0,penurie (vide)
vlille,Lille,9226112bd8e239b5b78455795165a63a,Ladriere,0.6,12.0,8.0,20.0,0.0,0.0,50.631,3.127,12.0,0.0,penurie (vide)
vlille,Lille,9288971a6fd090dd0bc6933cfd66dbf0,Maison Folie Wazemmes,0.55,11.0,9.0,20.0,0.0,0.0,50.625,3.049,11.0,0.0,penurie (vide)
vlille,Lille,93051bcb05162e8baae7124c1385f2b8,Romarin,0.6,12.0,8.0,20.0,0.0,0.0,50.645,3.075,12.0,0.0,penurie (vide)
vlille,Lille,9493b0274f7ec2a1d51c2d0795240898,Place Catinat,0.15,3.0,17.0,20.0,0.0,0.0,50.634,3.041,3.0,0.0,penurie (vide)
vlille,Lille,96342d19c5724daeea2cb2356b6960fc,Massena,0.6,24.0,16.0,40.0,0.0,0.0,50.632,3.055,24.0,0.0,penurie (vide)
vlille,Lille,9644a821e043b5bdc5eaf858db42a281,4 vents,0.3,6.0,14.0,20.0,0.0,0.0,50.612,3.123,6.0,0.0,penurie (vide)
vlille,Lille,9715f629b879eae29caaf71004d68a29,Gambetta Utrecht,0.222,4.0,14.0,18.0,0.0,0.0,50.629,3.054,4.0,0.0,penurie (vide)
vlille,Lille,9799d4ca93e700fa5b66555e2c8935b5,De Fourmies,0.667,8.0,4.0,12.0,0.0,0.0,50.675,3.182,8.0,0.0,penurie (vide)
vlille,Lille,985017a848a9cfee7056ea2df2c60364,Chaptal,0.583,7.0,5.0,12.0,0.0,0.0,50.695,3.193,7.0,0.0,penurie (vide)
vlille,Lille,9986e20c2e3c51652d00880f375a3db7,Colbert,0.333,6.0,12.0,18.0,0.0,0.0,50.726,3.157,6.0,0.0,penurie (vide)
vlille,Lille,99e52b068ce65df9dc32005be06e05f4,Saint Jean-Baptiste,0.5,6.0,6.0,12.0,0.0,0.0,50.679,3.179,6.0,0.0,penurie (vide)
vlille,Lille,9a60ea377edb0b0bdb136d6c784cfbb9,Square du Portugal,,0.0,0.0,0.0,1.0,1.0,50.623,3.031,,1.0,penurie (vide)
vlille,Lille,9dbcff1e4629e0d5c650ab00fbe1ca6f,Rue de Toul,0.444,16.0,20.0,36.0,0.0,0.0,50.634,3.045,16.0,0.0,penurie (vide)
vlille,Lille,a005717f22e4d51a9932816910437b7a,Auberge de jeunesse,0.312,5.0,11.0,16.0,0.0,0.0,50.625,3.08,5.0,0.0,penurie (vide)
vlille,Lille,a0e99c988fa02639674f5087770a4439,Rue des Poutrains,0.125,2.0,14.0,16.0,0.0,0.0,50.723,3.15,2.0,0.0,penurie (vide)
vlille,Lille,a3e113ac1597666950ca101adeadc52f,Concorde,,0.0,0.0,0.0,1.0,1.0,50.638,3.113,,1.0,penurie (vide)
vlille,Lille,a58eecfade13fca4918d6d1c03b0175a,Lomme-Lambersart,1.0,18.0,0.0,18.0,0.0,1.0,50.641,3.019,18.0,1.0,saturation (pleine)
vlille,Lille,a5f389de9e288cab04f82bb07e3f1f8e,Cite Administrative,0.188,3.0,13.0,16.0,0.0,0.0,50.634,3.074,3.0,0.0,penurie (vide)
vlille,Lille,a6754666f7f6132a86ce386d416f65fa,De Gaulle,0.389,7.0,11.0,18.0,0.0,0.0,50.651,3.072,7.0,0.0,penurie (vide)
vlille,Lille,a6772c9cd105cdecdba6867f7a479d43,Bois Blancs,1.0,22.0,0.0,22.0,0.0,1.0,50.634,3.031,22.0,1.0,saturation (pleine)
vlille,Lille,a68c4ef68679808a0ff0cea211d6d567,Leclerc,0.929,26.0,2.0,28.0,0.0,0.0,50.629,3.044,26.0,0.0,penurie (vide)
vlille,Lille,a6d8f19f381f449646027e99058503cf,Place Philippe Lebon,0.056,1.0,17.0,18.0,0.0,0.0,50.628,3.062,1.0,0.0,penurie (vide)
vlille,Lille,a763f1cb549776d593c39f8357a3f085,EuraTechnologies,0.208,5.0,19.0,24.0,0.0,0.0,50.634,3.021,5.0,0.0,penurie (vide)
vlille,Lille,a7f085b2ef68efb5ce841d7cd2c3393a,Victoire,0.167,2.0,10.0,12.0,0.0,0.0,50.718,3.157,2.0,0.0,penurie (vide)
vlille,Lille,a8182f62d27851914806e520111d7ce6,Résistance,0.3,6.0,14.0,20.0,0.0,0.0,50.607,3.066,6.0,0.0,penurie (vide)
vlille,Lille,a86be22f3a9097d6e1e8239146e69cf8,Lacordaire,0.5,8.0,8.0,16.0,0.0,0.0,50.64,3.107,8.0,0.0,penurie (vide)
vlille,Lille,aaaec8a7f144aa22cac44bb771f55688,Molinel,0.682,15.0,7.0,22.0,0.0,0.0,50.635,3.068,15.0,0.0,penurie (vide)
vlille,Lille,aaf31355dfa9e1bb9ec2da97abc32343,Rue de la Gaite,,0.0,0.0,0.0,1.0,1.0,50.637,3.091,,1.0,penurie (vide)
vlille,Lille,ab510410b72fc67a120787a82edb9631,Rue Louise Michel,0.0,0.0,1.0,1.0,1.0,0.0,50.634,3.127,0.0,1.0,penurie (vide)
vlille,Lille,ac4b40c8f1d7a5475a683c404f3af16d,Fort de Mons,0.5,10.0,10.0,20.0,0.0,0.0,50.642,3.119,10.0,0.0,penurie (vide)
vlille,Lille,ac675c7a0826d9fe08eb8e4368cd1629,Place du Concert,0.2,4.0,16.0,20.0,0.0,0.0,50.642,3.062,4.0,0.0,penurie (vide)
vlille,Lille,ad8fb189bfc796bccb63d171a0207a42,Rue des Arts,0.222,4.0,14.0,18.0,0.0,0.0,50.639,3.066,4.0,0.0,penurie (vide)
vlille,Lille,adb3b713477552e05fe61a1a925eb4df,Belfort,0.0,0.0,1.0,1.0,1.0,0.0,50.622,3.077,0.0,1.0,penurie (vide)
vlille,Lille,ae56c963e86bcc5433a10f7980f959d6,Usine,0.45,9.0,11.0,20.0,0.0,0.0,50.675,3.196,9.0,0.0,penurie (vide)
vlille,Lille,ae59ae33c61cb81f990d43e37c052e65,Station Provisoire 1,0.05,1.0,19.0,20.0,0.0,0.0,50.647,3.058,1.0,0.0,penurie (vide)
vlille,Lille,ae91e4d950fb9df0c998c5af08942cdd,Tourcoing gare,0.222,4.0,14.0,18.0,0.0,0.0,50.717,3.167,4.0,0.0,penurie (vide)
vlille,Lille,b023274a8556beaaf4ffd64efa993ccf,Chatellenie,0.75,15.0,5.0,20.0,0.0,0.0,50.636,3.136,15.0,0.0,penurie (vide)
vlille,Lille,b14fcb3d415a99898dec08e6c977144f,Hellu - Épine,0.357,5.0,9.0,14.0,0.0,0.0,50.619,3.1,5.0,0.0,penurie (vide)
vlille,Lille,b22e1f1039be0767d9f25d0f33bbc422,Sebastopol,0.056,1.0,17.0,18.0,0.0,0.0,50.717,3.162,1.0,0.0,penurie (vide)
vlille,Lille,b243983407ca184fbd3581b645c122aa,CHU - Eurasanté,0.5,14.0,14.0,28.0,0.0,0.0,50.608,3.039,14.0,0.0,penurie (vide)
vlille,Lille,b249411142c85dc27166c52169900bcc,Porte des Postes,0.711,27.0,11.0,38.0,0.0,0.0,50.619,3.049,27.0,0.0,penurie (vide)
vlille,Lille,b4bec32dc1cdf5fc3d51b4ff238c7e9c,Hopital Militaire,0.25,4.0,12.0,16.0,0.0,0.0,50.634,3.062,4.0,0.0,penurie (vide)
vlille,Lille,b61208afb519d27a86580393e1cf2402,Mons Sarts,0.833,20.0,4.0,24.0,0.0,0.0,50.642,3.099,20.0,0.0,penurie (vide)
vlille,Lille,b7e2abe1d27d9fde21fa77d0ca698901,Sainte Hélène,0.5,6.0,6.0,12.0,0.0,0.0,50.657,3.056,6.0,0.0,penurie (vide)
vlille,Lille,b8993b0380ca72393e2ec2cd0dfbac2a,Rives de la Haute Deule,0.071,1.0,13.0,14.0,0.0,0.0,50.631,3.023,1.0,0.0,penurie (vide)
vlille,Lille,ba70c9127110781fb687917c3d5dde49,Brule Maison,0.0,0.0,18.0,18.0,1.0,0.0,50.626,3.057,0.0,1.0,penurie (vide)
vlille,Lille,bb31fd5ac2109a6640f5bb97940651de,Jean Moulin,0.733,11.0,4.0,15.0,0.0,0.0,50.685,3.172,11.0,0.0,penurie (vide)
vlille,Lille,bb6aedf44d3d76e4f159a868039cc0e8,Calmette,0.875,7.0,1.0,8.0,0.0,0.0,50.668,3.193,7.0,0.0,penurie (vide)
vlille,Lille,bbb0ac8b8b8b07183c037339deed6ebb,Residence,0.0,0.0,1.0,1.0,1.0,0.0,50.62,3.145,0.0,1.0,penurie (vide)
vlille,Lille,bd79395d7237278699eed97d9b2c639b,Nouveau siecle,0.25,8.0,24.0,32.0,0.0,0.0,50.637,3.061,8.0,0.0,penurie (vide)
vlille,Lille,bdc7f485b1ee474961720c163e9d4665,La Maillerie,0.6,12.0,8.0,20.0,0.0,0.0,50.67,3.144,12.0,0.0,penurie (vide)
vlille,Lille,be50a33ad134677bf731fa468d22acf2,Metropole Europeenne de Lille,,0.0,0.0,0.0,1.0,1.0,50.642,3.076,,1.0,penurie (vide)
vlille,Lille,bef48a129706795f5c7956c58f828d86,Jules Guesde,,0.0,0.0,0.0,1.0,1.0,50.632,3.111,,1.0,penurie (vide)
vlille,Lille,bf5f32c78fa92ceae58f4c5c4714b796,Theatre Sebastopol,0.031,1.0,31.0,32.0,0.0,0.0,50.629,3.058,1.0,0.0,penurie (vide)
vlille,Lille,c11e3175d3d818d446027f4ff77b55c3,Station Mobile 3,0.0,0.0,20.0,20.0,1.0,0.0,50.616,3.087,0.0,1.0,penurie (vide)
vlille,Lille,c1bf8a608c554ba20492c89978953439,Le Polyedre,0.0,0.0,3.0,3.0,1.0,0.0,50.641,3.116,0.0,1.0,penurie (vide)
vlille,Lille,c27822bdfee296534ef1105feed772d6,St Andre Mairie,0.417,10.0,14.0,24.0,0.0,0.0,50.662,3.05,10.0,0.0,penurie (vide)
vlille,Lille,c34c07922a0f6f7616c6916d9b1030b3,St Sebastien,0.0,0.0,24.0,24.0,1.0,0.0,50.647,3.059,0.0,1.0,penurie (vide)
vlille,Lille,c58daefddd7ed6fd804ac34f0d649b09,Magasin,0.188,3.0,13.0,16.0,0.0,0.0,50.646,3.053,3.0,0.0,penurie (vide)
vlille,Lille,c6b05f9314d9578e4f92eb43bc68060c,Rue Nationale,0.033,1.0,29.0,30.0,0.0,0.0,50.635,3.058,1.0,0.0,penurie (vide)
vlille,Lille,c70536a6f8662a8621bc8aa3bd612249,Barthelemy Delespaul,0.0,0.0,18.0,18.0,1.0,0.0,50.624,3.059,0.0,1.0,penurie (vide)
vlille,Lille,c708b7e09bb23956139549325175d664,Georges Potié,0.8,16.0,4.0,20.0,0.0,0.0,50.613,3.004,16.0,0.0,penurie (vide)
vlille,Lille,c91907a25e608f0c3bf60919ccd46e0d,Place de la Garonne,0.25,3.0,9.0,12.0,0.0,0.0,50.613,3.059,3.0,0.0,penurie (vide)
vlille,Lille,ccdf0e8b02464cddfa24ad550d737733,Verdun,,0.0,0.0,0.0,1.0,1.0,50.638,3.102,,1.0,penurie (vide)
vlille,Lille,cf69e1488b1f936c268308c0ad59bec0,Gantois,0.25,3.0,9.0,12.0,0.0,0.0,50.622,3.06,3.0,0.0,penurie (vide)
vlille,Lille,d01fe0d92d4fb3cc1dfec61ba659cc15,Guinguette,0.5,5.0,5.0,10.0,0.0,0.0,50.635,3.115,5.0,0.0,penurie (vide)
vlille,Lille,d14330613033641f30a83bac4b9e7319,Ferme d'en haut,0.444,8.0,10.0,18.0,0.0,0.0,50.639,3.132,8.0,0.0,penurie (vide)
vlille,Lille,d3f9300257e5b49b3318f0b0eaad69fd,Jean Jaures,0.529,9.0,8.0,17.0,0.0,0.0,50.61,3.075,9.0,0.0,penurie (vide)
vlille,Lille,d40d580cdbf08e33a4039aaae45a38b7,Danielle Lesaffre,0.6,6.0,4.0,10.0,0.0,0.0,50.682,3.182,6.0,0.0,penurie (vide)
vlille,Lille,d5126af79431881a0a11b175a43038fe,Condition Publique,0.722,13.0,5.0,18.0,0.0,0.0,50.691,3.19,13.0,0.0,penurie (vide)
vlille,Lille,d5f37b972cf75af6a0691ee59e580762,Heron Parc,0.467,14.0,16.0,30.0,0.0,0.0,50.616,3.126,14.0,0.0,penurie (vide)
vlille,Lille,d6319b8a0d2a754780d06272ebcd6150,Champ de Mars,0.45,18.0,22.0,40.0,0.0,0.0,50.638,3.051,18.0,0.0,penurie (vide)
vlille,Lille,d636f2d5d98a4e2f99a4a2c68a144e3e,Marcq Mairie,0.417,5.0,7.0,12.0,0.0,0.0,50.672,3.092,5.0,0.0,penurie (vide)
vlille,Lille,d95631abe99703b59d7b1dccca02d6cb,Quai du Wault,0.778,14.0,4.0,18.0,0.0,0.0,50.637,3.055,14.0,0.0,penurie (vide)
vlille,Lille,da441c6fc370998258065ab4ee7910a7,Lavoisier,0.5,6.0,6.0,12.0,0.0,0.0,50.636,3.106,6.0,0.0,penurie (vide)
vlille,Lille,dab9027351e0cef8364f37b5e4b41eb8,Place Roussel,0.05,1.0,19.0,20.0,0.0,0.0,50.721,3.158,1.0,0.0,penurie (vide)
vlille,Lille,dad5cb1e21052618cdd987ede0f26164,Pompidou,0.208,5.0,19.0,24.0,0.0,0.0,50.655,3.065,5.0,0.0,penurie (vide)
vlille,Lille,dad785966798210a9e8446075dc80375,Opera,0.12,3.0,22.0,25.0,0.0,0.0,50.637,3.066,3.0,0.0,penurie (vide)
vlille,Lille,db28e9a0c2fd51b07c44f35ffd9c3ece,Square des Meres,0.72,18.0,7.0,25.0,0.0,0.0,50.634,3.096,18.0,0.0,penurie (vide)
vlille,Lille,dbec1ae896bba9917d5f26db7da86054,Place Richebe,0.15,6.0,34.0,40.0,0.0,0.0,50.632,3.062,6.0,0.0,penurie (vide)
vlille,Lille,dcbc33433e797483c77870e0a6daaa0f,Faches Thumesnil Mairie,0.8,16.0,4.0,20.0,0.0,0.0,50.603,3.069,16.0,0.0,penurie (vide)
vlille,Lille,df79f59c5eae7ef52d3193bdfbe89ead,Flers Chateau,,0.0,0.0,0.0,1.0,1.0,50.636,3.131,,1.0,penurie (vide)
vlille,Lille,e04498b5eba46941af76fc7285e66325,Mairie de Quartier Ouest,0.0,0.0,12.0,12.0,1.0,0.0,50.688,3.159,0.0,1.0,penurie (vide)
vlille,Lille,e0a89ad8d697014d11753b9a9dd21fd8,Bvrd de l Egalite,0.214,3.0,11.0,14.0,0.0,0.0,50.73,3.168,3.0,0.0,penurie (vide)
vlille,Lille,e118e54bcabccf675beb3008cc89151c,Palais Rameau,0.425,17.0,23.0,40.0,0.0,0.0,50.634,3.049,17.0,0.0,penurie (vide)
vlille,Lille,e5ead65b3aee7b50d7babd127a8914eb,Gare Lille Flandres,0.938,30.0,2.0,32.0,0.0,0.0,50.636,3.069,30.0,0.0,penurie (vide)
vlille,Lille,e61495d298dac72f5b6bb40b920168d2,Delesalle Mediatheque,0.222,4.0,14.0,18.0,0.0,0.0,50.632,3.066,4.0,0.0,penurie (vide)
vlille,Lille,e98ad865e747c26d80dfe31d8ff15967,Place Trichon,0.167,2.0,10.0,12.0,0.0,0.0,50.69,3.169,2.0,0.0,penurie (vide)
vlille,Lille,e9c292f49f6bd59e94be2cc1554a1e75,Marx Dormoy,0.417,10.0,14.0,24.0,0.0,0.0,50.636,3.034,10.0,0.0,penurie (vide)
vlille,Lille,ebe9cbe8aa6232c3a9842b7fe3fc228c,Robersart,0.375,6.0,10.0,16.0,0.0,0.0,50.687,3.053,6.0,0.0,penurie (vide)
vlille,Lille,ec143516b7f1626788ef692cf513b7d0,Chaufferie,0.0,0.0,16.0,16.0,1.0,0.0,50.655,3.061,0.0,1.0,penurie (vide)
vlille,Lille,ef7b095de7f083267a08a6eba63fb4d9,Hippodrome,0.333,7.0,14.0,21.0,0.0,0.0,50.642,3.031,7.0,0.0,penurie (vide)
vlille,Lille,f1de8c97c970e8155eac78d7e8beadfc,Delecaux,0.3,6.0,14.0,20.0,0.0,0.0,50.645,3.037,6.0,0.0,penurie (vide)
vlille,Lille,f23b2328c27da9f654159636af3947e4,Saint Roch,0.7,14.0,6.0,20.0,0.0,0.0,50.673,3.069,14.0,0.0,penurie (vide)
vlille,Lille,f2a5216017940046ed446ad1ac280b0e,Marquette Mairie,0.85,17.0,3.0,20.0,0.0,0.0,50.677,3.065,17.0,0.0,penurie (vide)
vlille,Lille,f2ff7ad04eb33105d8aa2b572c5a584d,Montebello,0.125,3.0,21.0,24.0,0.0,0.0,50.622,3.045,3.0,0.0,penurie (vide)
vlille,Lille,f382dca47cb95ed87d521b19c49a3203,Square Jean Monnet,0.533,8.0,7.0,15.0,0.0,0.0,50.652,3.029,8.0,0.0,penurie (vide)
vlille,Lille,f402318c8383547fa9b92a66685417a7,Le Stadium,0.786,11.0,3.0,14.0,0.0,0.0,50.631,3.135,11.0,0.0,penurie (vide)
vlille,Lille,f49412a9c943a945e42369c2d1ac450d,Fulton,0.0,0.0,12.0,12.0,1.0,0.0,50.623,3.038,0.0,1.0,penurie (vide)
vlille,Lille,f4c4dd55d5ae34d4525ff6cfdb63f9c1,Place Deliot,0.583,14.0,10.0,24.0,0.0,0.0,50.62,3.068,14.0,0.0,penurie (vide)
vlille,Lille,f4c893087ac2814324f839c7ed8e3c3e,Campus St Raphael,0.812,13.0,3.0,16.0,0.0,0.0,50.631,3.045,13.0,0.0,penurie (vide)
vlille,Lille,f5a9797c5102efe844ca2e7eb240cbc6,Flers Mairie,,0.0,0.0,0.0,1.0,1.0,50.637,3.128,,1.0,penurie (vide)
vlille,Lille,f62c1993edc04c49e09004f47ade8bbb,Boulevard de Metz,,0.0,0.0,0.0,1.0,1.0,50.619,3.041,,1.0,penurie (vide)
vlille,Lille,f67ec9eeea4c2fa133a7a760cefe4a04,Saint Calixte,0.3,6.0,14.0,20.0,0.0,0.0,50.653,3.026,6.0,0.0,penurie (vide)
vlille,Lille,f7d2430e1f6ec20758a99ff6703b6a5c,Rond Point de Tournai,0.0,0.0,1.0,1.0,1.0,0.0,50.618,3.146,0.0,1.0,penurie (vide)
vlille,Lille,f8d8c2dd14d10d17dc23fbf3e6e9ba45,Ramponneau,0.0,0.0,20.0,20.0,1.0,0.0,50.64,3.053,0.0,1.0,penurie (vide)
vlille,Lille,f97dc9577c4bbd617fce52b6ac303ee4,La Madeleine Mairie,0.042,1.0,23.0,24.0,0.0,0.0,50.655,3.074,1.0,0.0,penurie (vide)
vlille,Lille,fbf0e6f038859dfb683b9fd20229e773,Linne,0.167,1.0,5.0,6.0,0.0,0.0,50.677,3.188,1.0,0.0,penurie (vide)
vlille,Lille,fc14d199174a60adb06d0611a5703128,Lannoy,0.222,4.0,14.0,18.0,0.0,0.0,50.689,3.182,4.0,0.0,penurie (vide)
vlille,Lille,fcb0acd09217c8ddb7e9237453d94267,Hotel de Police,0.444,8.0,10.0,18.0,0.0,0.0,50.616,3.049,8.0,0.0,penurie (vide)
vlille,Lille,fd23ab3ce98332a54dee33c5f8d596ad,Flers Masquelier,0.417,10.0,14.0,24.0,0.0,0.0,50.637,3.123,10.0,0.0,penurie (vide)
vlille,Lille,fded54e5eceaf0322d8a7fe53c2fbfbf,Rue de l'Eglise,0.529,9.0,8.0,17.0,0.0,0.0,50.665,3.076,9.0,0.0,penurie (vide)
vlille,Lille,fed1d53e44d47f710bad9fe41cea5f22,Rue Chambord,,0.0,0.0,0.0,1.0,1.0,50.63,3.134,,1.0,penurie (vide)
vlille,Lille,ff3ce6636e4ab6d0d3a871b8db25fb91,Square Charles de Gaulle,,0.0,0.0,0.0,1.0,1.0,50.627,3.115,,1.0,penurie (vide)
yelo-velo,La Rochelle,014bbd464d3152a56abacee4408a6cb2,73 Denfert Rochereau,0.625,5.0,3.0,8.0,0.0,0.0,46.164,-1.198,5.0,0.0,penurie (vide)
yelo-velo,La Rochelle,02a5cad1ce3bb3a7d476d40061c17486,23 Place Cacaud 1,,0.0,0.0,0.0,1.0,1.0,46.164,-1.147,,1.0,penurie (vide)
yelo-velo,La Rochelle,0414f83f0f713c9f8d8ba5eef999f78b,86 Musée Maritime,0.375,3.0,5.0,8.0,0.0,0.0,46.15,-1.151,3.0,0.0,penurie (vide)
yelo-velo,La Rochelle,04e21f50c44997a927c5f47e59b2896f,18 Dames Blanches (St-Nicolas),0.5,4.0,4.0,8.0,0.0,0.0,46.158,-1.15,4.0,0.0,penurie (vide)
yelo-velo,La Rochelle,05d5cdd6148748ddc6d73b5eaf1ae337,06 Maison de la Mobilité 1,0.2,2.0,8.0,10.0,0.0,0.0,46.162,-1.154,2.0,0.0,penurie (vide)
yelo-velo,La Rochelle,098cbf571f114b24269ff383fdd7a6d1,13 Médiathèque Michel Crépeau 2,0.625,5.0,3.0,8.0,0.0,0.0,46.154,-1.153,5.0,0.0,penurie (vide)
yelo-velo,La Rochelle,0f154a6096c2e1c5973ae31b60c03f37,91 Sautel,0.375,3.0,5.0,8.0,0.0,0.0,46.17,-1.127,3.0,0.0,penurie (vide)
yelo-velo,La Rochelle,133f5d7c513d4075585e6f0f69b4aa0b,78 Jean Monnet,,0.0,0.0,0.0,1.0,1.0,46.146,-1.153,,1.0,penurie (vide)
yelo-velo,La Rochelle,13830c2c7665ddca131720e3d5da0d68,49 Base nautique des Minimes,0.375,3.0,5.0,8.0,0.0,0.0,46.144,-1.167,3.0,0.0,penurie (vide)
yelo-velo,La Rochelle,13c8b55daccf937a72b4975caefc5fec,100 Malidor,0.5,4.0,4.0,8.0,0.0,0.0,46.132,-1.105,4.0,0.0,penurie (vide)
yelo-velo,La Rochelle,14ea2348d08618df23c2c9b1afe3c2ad,87 Normandin,0.75,6.0,2.0,8.0,0.0,0.0,46.142,-1.139,6.0,0.0,penurie (vide)
yelo-velo,La Rochelle,15e5cfe300c3b77455c29328a49e6d29,68 Centre Commercial Beaulieu,0.5,5.0,5.0,10.0,0.0,0.0,46.174,-1.118,5.0,0.0,penurie (vide)
yelo-velo,La Rochelle,15edcf3c857a173245f23f5cfa0a0662,90 Porte Royale,0.625,5.0,3.0,8.0,0.0,0.0,46.163,-1.139,5.0,0.0,penurie (vide)
yelo-velo,La Rochelle,19866cd5343183678306226906fbd5f1,04 Marché,0.5,4.0,4.0,8.0,0.0,0.0,46.161,-1.148,4.0,0.0,penurie (vide)
yelo-velo,La Rochelle,1ce574ed6559a324a6852902a2c4901d,59 Place de Lafond,0.556,5.0,4.0,9.0,0.0,0.0,46.174,-1.146,5.0,0.0,penurie (vide)
yelo-velo,La Rochelle,1f7097e7dd89643cb91dabdaeaf1da30,51 Gymnase Universitaire 2,0.5,4.0,4.0,8.0,0.0,0.0,46.138,-1.145,4.0,0.0,penurie (vide)
yelo-velo,La Rochelle,1ff97725b91b7b39feccffdbc0dc87b9,21 Technoforum 1,0.5,4.0,4.0,8.0,0.0,0.0,46.148,-1.154,4.0,0.0,penurie (vide)
yelo-velo,La Rochelle,1ffed93e5806780f3076691753d46f04,107 Centre Commercial d'Angoulins,0.4,4.0,6.0,10.0,0.0,0.0,46.109,-1.101,4.0,0.0,penurie (vide)
yelo-velo,La Rochelle,23c9528848d048fc6c22c980540ee701,10 Porte Maubec,0.5,4.0,4.0,8.0,0.0,0.0,46.159,-1.147,4.0,0.0,penurie (vide)
yelo-velo,La Rochelle,24d015ce6a93db4bfe3dda30244530e8,114 Jean Paul Sartre,0.5,6.0,6.0,12.0,0.0,0.0,46.154,-1.117,6.0,0.0,penurie (vide)
yelo-velo,La Rochelle,28530daf59ca0088272fc455155b159f,88 Oiseaux de Mer,0.25,2.0,6.0,8.0,0.0,0.0,46.184,-1.156,2.0,0.0,penurie (vide)
yelo-velo,La Rochelle,28cdb0c129befeb9484ebf2b2b4d6fa6,08 Vieux Port 1,0.286,4.0,10.0,14.0,0.0,0.0,46.157,-1.154,4.0,0.0,penurie (vide)
yelo-velo,La Rochelle,2a7d447a47d3ac1c952ac091f78eecee,74 B. Giraudeau - Archives,0.375,3.0,5.0,8.0,0.0,0.0,46.168,-1.185,3.0,0.0,penurie (vide)
yelo-velo,La Rochelle,2af87f1a356b80effb1221d098208917,62 Aquarium 1,0.375,3.0,5.0,8.0,0.0,0.0,46.153,-1.15,3.0,0.0,penurie (vide)
yelo-velo,La Rochelle,2b5fe51f6782bfea5e8013be05c57ada,21 Technoforum 3,1.0,8.0,0.0,8.0,0.0,1.0,46.148,-1.153,8.0,1.0,saturation (pleine)
yelo-velo,La Rochelle,2bcdf500ba1e3c140caf2b2804241560,14 Bibliothèque Universitaire 2,0.4,4.0,6.0,10.0,0.0,0.0,46.152,-1.154,4.0,0.0,penurie (vide)
yelo-velo,La Rochelle,2bdb0b144c48730b626b02d515e5dab6,09 Office de Tourisme (Gabut) 2,0.4,4.0,6.0,10.0,0.0,0.0,46.156,-1.149,4.0,0.0,penurie (vide)
yelo-velo,La Rochelle,2eb5ab25b49c44005cf0424ed65adbac,37 Plage de la Concurrence 2,0.3,3.0,7.0,10.0,0.0,0.0,46.156,-1.161,3.0,0.0,penurie (vide)
yelo-velo,La Rochelle,2edcb6ccce0a46120ff282336f88bbeb,108 Vaucanson,0.357,5.0,9.0,14.0,0.0,0.0,46.165,-1.103,5.0,0.0,penurie (vide)
yelo-velo,La Rochelle,3077aa49ed699a70c8314e59c2cd10ed,79 Les Corsaires,0.5,4.0,4.0,8.0,0.0,0.0,46.169,-1.172,4.0,0.0,penurie (vide)
yelo-velo,La Rochelle,347f83c0824d998f57d1b321f90f8eea,05 Place de Verdun,0.125,1.0,7.0,8.0,0.0,0.0,46.163,-1.153,1.0,0.0,penurie (vide)
yelo-velo,La Rochelle,3823b7a80b3fd8b5d7a5b0a722e9eb39,13 Médiathèque Michel Crépeau 1,0.5,4.0,4.0,8.0,0.0,0.0,46.154,-1.153,4.0,0.0,penurie (vide)
yelo-velo,La Rochelle,397e6bacad37c58881f6edd0965504c6,37 Plage de la Concurrence 1,0.7,7.0,3.0,10.0,0.0,0.0,46.156,-1.161,7.0,0.0,penurie (vide)
yelo-velo,La Rochelle,437aa5665aba0e8959e0c679a294570c,65 Alstom,0.571,8.0,6.0,14.0,0.0,0.0,46.137,-1.125,8.0,0.0,penurie (vide)
yelo-velo,La Rochelle,47a9e47f9d87d97ce67158d4854e2936,20 Faculté de Sciences 3,0.6,6.0,4.0,10.0,0.0,0.0,46.147,-1.158,6.0,0.0,penurie (vide)
yelo-velo,La Rochelle,48b446545e0de418933702abc7252809,29 Mairie Annexe de Laleu,0.25,2.0,6.0,8.0,0.0,0.0,46.168,-1.2,2.0,0.0,penurie (vide)
yelo-velo,La Rochelle,4a25d6670b1cff51564d41671b48e6fa,26 Maison de la Charente-Maritime,0.4,4.0,6.0,10.0,0.0,0.0,46.138,-1.152,4.0,0.0,penurie (vide)
yelo-velo,La Rochelle,4b2d49c767ec8429876b512f4b8a71a8,61 Patte d'Oie,0.4,4.0,6.0,10.0,0.0,0.0,46.167,-1.138,4.0,0.0,penurie (vide)
yelo-velo,La Rochelle,4d5a2357498e03d93362c7a044b70e69,92 Stade Marcel Deflandre,0.25,2.0,6.0,8.0,0.0,0.0,46.157,-1.18,2.0,0.0,penurie (vide)
yelo-velo,La Rochelle,4debc38e56dfec231b19306ca4f8f1e0,24 EIGSI 1,0.125,1.0,7.0,8.0,0.0,0.0,46.14,-1.154,1.0,0.0,penurie (vide)
yelo-velo,La Rochelle,4ec913b9cee4ff91ded1b331a1a90b50,34 Maison de l'Emploi,0.625,5.0,3.0,8.0,0.0,0.0,46.169,-1.169,5.0,0.0,penurie (vide)
yelo-velo,La Rochelle,4f732dc412f6b4b9639008d31fc9d376,50 Port des Minimes,0.125,1.0,7.0,8.0,0.0,0.0,46.141,-1.166,1.0,0.0,penurie (vide)
yelo-velo,La Rochelle,50942beb7f134c4b58c7366b27454c5c,109 P+R Simone Veil,0.571,8.0,6.0,14.0,0.0,0.0,46.143,-1.127,8.0,0.0,penurie (vide)
yelo-velo,La Rochelle,50c113743c230dd5bd1e1b66a43d8eaf,35 Aristide Briand,0.625,5.0,3.0,8.0,0.0,0.0,46.166,-1.164,5.0,0.0,penurie (vide)
yelo-velo,La Rochelle,53df689c020f23d3bbc10933d779e8f7,17 Dames Blanches (Maubec),0.357,5.0,9.0,14.0,0.0,0.0,46.159,-1.15,5.0,0.0,penurie (vide)
yelo-velo,La Rochelle,543251aed48cc304167f837380cefa01,48 Plage des Minimes 1,0.4,4.0,6.0,10.0,0.0,0.0,46.141,-1.17,4.0,0.0,penurie (vide)
yelo-velo,La Rochelle,553400043d8a872ed33a94989e10da57,63 08 mai 1945,0.643,9.0,5.0,14.0,0.0,0.0,46.183,-1.152,9.0,0.0,penurie (vide)
yelo-velo,La Rochelle,57091215acfc5ad31600c8fd2c6692fd,89 Centre Aquatique Palmilud,0.3,3.0,7.0,10.0,0.0,0.0,46.157,-1.1,3.0,0.0,penurie (vide)
yelo-velo,La Rochelle,5cd915764b4b3291f12b1e6d2894b22e,97 Rompsay,0.625,5.0,3.0,8.0,0.0,0.0,46.168,-1.112,5.0,0.0,penurie (vide)
yelo-velo,La Rochelle,5f546cc71349170b402e32816cb9c13e,41 Debussy,0.25,2.0,6.0,8.0,0.0,0.0,46.159,-1.135,2.0,0.0,penurie (vide)
yelo-velo,La Rochelle,622673c15a8a5068bad8ff2da8d3d8ab,24 Plage des Minimes 3,,0.0,0.0,0.0,1.0,1.0,46.141,-1.17,,1.0,penurie (vide)
yelo-velo,La Rochelle,62e7c548098ed5dc69366f7f46caa288,16 Gare 2,0.143,2.0,12.0,14.0,0.0,0.0,46.153,-1.147,2.0,0.0,penurie (vide)
yelo-velo,La Rochelle,6308dbfa2407ecfff82575a677a45b9d,66 Auberge de Jeunesse,0.3,3.0,7.0,10.0,0.0,0.0,46.144,-1.162,3.0,0.0,penurie (vide)
yelo-velo,La Rochelle,649779424d4df092d0b0aab7ee65de90,15 Office de tourisme (Simenon) 2,0.5,4.0,4.0,8.0,0.0,0.0,46.155,-1.15,4.0,0.0,penurie (vide)
yelo-velo,La Rochelle,68033824df887d346836a42294c7f0c1,75 Europe,0.25,2.0,6.0,8.0,0.0,0.0,46.142,-1.157,2.0,0.0,penurie (vide)
yelo-velo,La Rochelle,68fb62d61c042d0d4006007a1b50e6a9,09 Office de Tourisme (Gabut) 1,0.5,5.0,5.0,10.0,0.0,0.0,46.156,-1.149,5.0,0.0,penurie (vide)
yelo-velo,La Rochelle,6a320d7a6085c159fb074e436a3cd502,51 Gymnase Universitaire 1,0.333,4.0,8.0,12.0,0.0,0.0,46.139,-1.145,4.0,0.0,penurie (vide)
yelo-velo,La Rochelle,6cdce98df83bdf0f613a6544a3d156d7,46 Eglise de Tasdon,0.5,4.0,4.0,8.0,0.0,0.0,46.148,-1.144,4.0,0.0,penurie (vide)
yelo-velo,La Rochelle,6d3615d8a82d755fe689f6c2ce3000a3,110 Gare La Rochelle / Marais de Tasdon,0.929,13.0,1.0,14.0,0.0,0.0,46.153,-1.142,13.0,0.0,penurie (vide)
yelo-velo,La Rochelle,73b4c7ac69369d866124c5bcbd176f85,48 Plage des Minimes 2,0.167,1.0,5.0,6.0,0.0,0.0,46.141,-1.17,1.0,0.0,penurie (vide)
yelo-velo,La Rochelle,75cd63ebc74b2f9de315d6b3760c2e9d,87 Normandin - République,0.375,3.0,5.0,8.0,0.0,0.0,46.142,-1.14,3.0,0.0,penurie (vide)
yelo-velo,La Rochelle,75ce61e09d158dfafd5123d15cd968ca,31 Mairie Annexe de Mireuil,0.5,5.0,5.0,10.0,0.0,0.0,46.167,-1.179,5.0,0.0,penurie (vide)
yelo-velo,La Rochelle,77f2294cab92bc34bd6f437988f1c907,58 Digue du Bout Blanc,0.417,5.0,7.0,12.0,0.0,0.0,46.149,-1.161,5.0,0.0,penurie (vide)
yelo-velo,La Rochelle,7af1e8e5d09d72dfe6e3421de74c6ff3,36 La Genette Guiton,0.125,1.0,7.0,8.0,0.0,0.0,46.16,-1.166,1.0,0.0,penurie (vide)
yelo-velo,La Rochelle,7ba5f7cdb610b75c888f25b3af3d8262,56 Hôpital St Louis,0.5,5.0,5.0,10.0,0.0,0.0,46.158,-1.145,5.0,0.0,penurie (vide)
yelo-velo,La Rochelle,7c0daa547b142216f8cd9d4baa864a62,60 Commissariat,0.25,2.0,6.0,8.0,0.0,0.0,46.169,-1.147,2.0,0.0,penurie (vide)
yelo-velo,La Rochelle,7e0810501d1286027f50371772fe6ce5,85 Mairie de Lagord,0.5,4.0,4.0,8.0,0.0,0.0,46.19,-1.154,4.0,0.0,penurie (vide)
yelo-velo,La Rochelle,7e5360a9fd9415a7c9df0736ac1c7c93,12 Piscine,0.4,4.0,6.0,10.0,0.0,0.0,46.169,-1.154,4.0,0.0,penurie (vide)
yelo-velo,La Rochelle,8403fec96456f1f4c75a166c581a4e84,47 Institut Confucius de Chine,0.333,4.0,8.0,12.0,0.0,0.0,46.141,-1.17,4.0,0.0,penurie (vide)
yelo-velo,La Rochelle,88149d30770e239be05adf0563e26254,113 P+R Périgny,0.714,10.0,4.0,14.0,0.0,0.0,46.156,-1.109,10.0,0.0,penurie (vide)
yelo-velo,La Rochelle,888e64e03e3b5124658d5103caa35566,80 La Pommeraie,0.75,6.0,2.0,8.0,0.0,0.0,46.155,-1.096,6.0,0.0,penurie (vide)
yelo-velo,La Rochelle,8a0edd8dc2f55574fc70e0c349314596,02 Quai valin 2,0.75,6.0,2.0,8.0,0.0,0.0,46.157,-1.15,6.0,0.0,penurie (vide)
yelo-velo,La Rochelle,8b6df1c52c301117295f74d3a3f0723f,42 LEP de Rompsay,0.5,6.0,6.0,12.0,0.0,0.0,46.161,-1.128,6.0,0.0,penurie (vide)
yelo-velo,La Rochelle,8d4b798d76084019ef5965a735983585,83 Lycée Hotelier,0.5,4.0,4.0,8.0,0.0,0.0,46.144,-1.16,4.0,0.0,penurie (vide)
yelo-velo,La Rochelle,8e12034b807d8b3a9b6e2d1da78990ec,02 Quai Valin 1,0.5,4.0,4.0,8.0,0.0,0.0,46.158,-1.151,4.0,0.0,penurie (vide)
yelo-velo,La Rochelle,8ed90f22a9c45f4b544eb5472bb8cba2,45 Parking Jean-Moulin,0.643,9.0,5.0,14.0,0.0,0.0,46.153,-1.14,9.0,0.0,penurie (vide)
yelo-velo,La Rochelle,912c8cd952c4a7edc619c42c9dd9991f,39 Lycée Vieljeux,0.7,7.0,3.0,10.0,0.0,0.0,46.177,-1.151,7.0,0.0,penurie (vide)
yelo-velo,La Rochelle,91c30bade3ccf9d7e5d97edbc5ce42aa,03 Arsenal 1,0.75,6.0,2.0,8.0,0.0,0.0,46.16,-1.149,6.0,0.0,penurie (vide)
yelo-velo,La Rochelle,9265e3711b8ffbf4f1e0272c42b41e67,103 Gare de Châtelaillon - Plage,0.875,7.0,1.0,8.0,0.0,0.0,46.078,-1.091,7.0,0.0,penurie (vide)
yelo-velo,La Rochelle,93057c40766dedb85f579c7cf2760bb2,36 La Genette coligny,1.0,5.0,0.0,5.0,0.0,1.0,46.16,-1.166,5.0,1.0,saturation (pleine)
yelo-velo,La Rochelle,981af158f202c4c938018605d1ca03dd,30 Ludothèque de Mireuil,0.75,6.0,2.0,8.0,0.0,0.0,46.17,-1.177,6.0,0.0,penurie (vide)
yelo-velo,La Rochelle,9b0b28ce6fe7c6f0816ae0acb52067d0,03 Arsenal 3,0.375,3.0,5.0,8.0,0.0,0.0,46.16,-1.149,3.0,0.0,penurie (vide)
yelo-velo,La Rochelle,9b43caad11e713210bae8d297383e5d8,16 Gare 1,0.071,1.0,13.0,14.0,0.0,0.0,46.153,-1.145,1.0,0.0,penurie (vide)
yelo-velo,La Rochelle,9e4179273ecdbea46b9c7c85b6649700,55 Plage Chef de Baie,0.5,7.0,7.0,14.0,0.0,0.0,46.15,-1.206,7.0,0.0,penurie (vide)
yelo-velo,La Rochelle,a2a03d07e5c2db4c970a919992513904,64 Aéroport,0.375,3.0,5.0,8.0,0.0,0.0,46.176,-1.195,3.0,0.0,penurie (vide)
yelo-velo,La Rochelle,a4ead0c1a3e4cc1ad883a94dd134b8e2,25 IUT 3,0.125,1.0,7.0,8.0,0.0,0.0,46.142,-1.153,1.0,0.0,penurie (vide)
yelo-velo,La Rochelle,a9f31c2199a302cf667779c97362e786,112 La Bourgne,0.5,7.0,7.0,14.0,0.0,0.0,46.162,-1.093,7.0,0.0,penurie (vide)
yelo-velo,La Rochelle,aa4bd1147fe526a8c827d8e26a774948,102 Centre Aquatique de Châtelaillon,0.5,6.0,6.0,12.0,0.0,0.0,46.063,-1.091,6.0,0.0,penurie (vide)
yelo-velo,La Rochelle,abdec2fd9db8cc19bcc21e3ba7cab90f,101 Mairie de Puilboreau,0.8,8.0,2.0,10.0,0.0,0.0,46.188,-1.119,8.0,0.0,penurie (vide)
yelo-velo,La Rochelle,ace5b2a14d6c36441a94113fc2039af6,57 Marché de la Pallice,0.5,4.0,4.0,8.0,0.0,0.0,46.161,-1.207,4.0,0.0,penurie (vide)
yelo-velo,La Rochelle,ace7264f4dc8bceea18ff5ada5a9f6d8,06 Maison de la Mobilité 2,0.1,1.0,9.0,10.0,0.0,0.0,46.162,-1.154,1.0,0.0,penurie (vide)
yelo-velo,La Rochelle,ad1f88751f4e2eb16535f83f0b34263d,62 Aquarium 2,0.1,1.0,9.0,10.0,0.0,0.0,46.153,-1.15,1.0,0.0,penurie (vide)
yelo-velo,La Rochelle,b0462f6baf4972d43732913aa2b01db9,76 Géranium,0.625,5.0,3.0,8.0,0.0,0.0,46.165,-1.127,5.0,0.0,penurie (vide)
yelo-velo,La Rochelle,b37388d3d5e56da23a0c33a40492cc38,104 Office de Tourisme de Châtelaillon,0.5,4.0,4.0,8.0,0.0,0.0,46.077,-1.088,4.0,0.0,penurie (vide)
yelo-velo,La Rochelle,b3fe6299f96a5dfb5516346b5ceaa9a0,98 Plaine des Jeux Colette Besson,0.375,3.0,5.0,8.0,0.0,0.0,46.156,-1.188,3.0,0.0,penurie (vide)
yelo-velo,La Rochelle,b582569007464420601aef40d58f150d,38 Parc Franck Delmas,0.625,5.0,3.0,8.0,0.0,0.0,46.156,-1.171,5.0,0.0,penurie (vide)
yelo-velo,La Rochelle,b6b87db3181eef801e8bfc677b4e1189,25 IUT 2,0.5,4.0,4.0,8.0,0.0,0.0,46.142,-1.153,4.0,0.0,penurie (vide)
yelo-velo,La Rochelle,bb77f37b43458caf6974b8c5fdafb3a3,94 Fief Rose,0.4,4.0,6.0,10.0,0.0,0.0,46.174,-1.166,4.0,0.0,penurie (vide)
yelo-velo,La Rochelle,bc0504391a9ec3d5ac61396f98b024b5,21 Technoforum 2,0.625,5.0,3.0,8.0,0.0,0.0,46.148,-1.154,5.0,0.0,penurie (vide)
yelo-velo,La Rochelle,c2b87a4f9a8a82691c75fda274749805,11 Porte Dauphine,0.25,2.0,6.0,8.0,0.0,0.0,46.167,-1.15,2.0,0.0,penurie (vide)
yelo-velo,La Rochelle,c415d26dacefcfe6a657326e084840ee,20 Faculté de Sciences 2,0.5,5.0,5.0,10.0,0.0,0.0,46.147,-1.158,5.0,0.0,penurie (vide)
yelo-velo,La Rochelle,c46c4bf536d1a35b859eac76f6a83b24,40 Cité Administrative Mangin,0.4,4.0,6.0,10.0,0.0,0.0,46.167,-1.14,4.0,0.0,penurie (vide)
yelo-velo,La Rochelle,c50aa7a2846e119a979a138d35305f67,70 Clinique de l'Atlantique,0.625,5.0,3.0,8.0,0.0,0.0,46.174,-1.127,5.0,0.0,penurie (vide)
yelo-velo,La Rochelle,c5faaa54367561c48d5a8615230f5d27,52 Port de Pêche,0.4,4.0,6.0,10.0,0.0,0.0,46.149,-1.221,4.0,0.0,penurie (vide)
yelo-velo,La Rochelle,c69bfc332faf3eb46b5501f1bd25951c,71 Clos Margat,0.5,4.0,4.0,8.0,0.0,0.0,46.157,-1.125,4.0,0.0,penurie (vide)
yelo-velo,La Rochelle,c7da7bf3cd92a94f0b9a37968f2c6f6f,105 Gare d'Angoulins,0.5,5.0,5.0,10.0,0.0,0.0,46.108,-1.116,5.0,0.0,penurie (vide)
yelo-velo,La Rochelle,c95f743bd0b31b48642d815505ff8b5f,25 IUT 1,0.5,4.0,4.0,8.0,0.0,0.0,46.142,-1.153,4.0,0.0,penurie (vide)
yelo-velo,La Rochelle,ca109a1669832e5ae50e326179fcd7bb,72 Stade de Périgny,0.667,4.0,2.0,6.0,0.0,0.0,46.155,-1.084,4.0,0.0,penurie (vide)
yelo-velo,La Rochelle,d00de2dede47d8f261e4bd9c710bcbb9,15 Office de tourisme (Simenon) 1,0.167,2.0,10.0,12.0,0.0,0.0,46.155,-1.15,2.0,0.0,penurie (vide)
yelo-velo,La Rochelle,d0e2ad8b5814940b18fa1ee5db453019,99 Renaissance,0.375,3.0,5.0,8.0,0.0,0.0,46.168,-1.143,3.0,0.0,penurie (vide)
yelo-velo,La Rochelle,d1837c3666a9d499b0579802679756b1,67 Beauregard,0.357,5.0,9.0,14.0,0.0,0.0,46.175,-1.133,5.0,0.0,penurie (vide)
yelo-velo,La Rochelle,d1de7947037e1b9d691b5a98ab9763aa,54 La Corniche,0.5,4.0,4.0,8.0,0.0,0.0,46.154,-1.177,4.0,0.0,penurie (vide)
yelo-velo,La Rochelle,d4a1f4a5977788da2dc19f312e414981,28 Maison du Port La Pallice,0.375,3.0,5.0,8.0,0.0,0.0,46.161,-1.219,3.0,0.0,penurie (vide)
yelo-velo,La Rochelle,d5ddb8f42064e91993bcb1386bb71e91,81 Lab Intech,0.3,3.0,7.0,10.0,0.0,0.0,46.185,-1.147,3.0,0.0,penurie (vide)
yelo-velo,La Rochelle,d70d10fe2526ad748813573f90919eec,77 Gare d'Aytré,0.625,5.0,3.0,8.0,0.0,0.0,46.128,-1.128,5.0,0.0,penurie (vide)
yelo-velo,La Rochelle,d7d81b62da81efbf4d6f9e06a52c148c,96 Beaulieu - France,0.5,5.0,5.0,10.0,0.0,0.0,46.177,-1.117,5.0,0.0,penurie (vide)
yelo-velo,La Rochelle,d84371823f575f36789b5803cf9a5c7e,43 Mairie Annexe de Villeneuve,0.375,3.0,5.0,8.0,0.0,0.0,46.152,-1.123,3.0,0.0,penurie (vide)
yelo-velo,La Rochelle,dcf32bc85a26b67387d83db371863995,93 Parc d'Activités des Trois Frères,0.25,2.0,6.0,8.0,0.0,0.0,46.16,-1.195,2.0,0.0,penurie (vide)
yelo-velo,La Rochelle,e033f0108eebd376044a101038b98136,24 EIGSI 2,0.375,3.0,5.0,8.0,0.0,0.0,46.14,-1.154,3.0,0.0,penurie (vide)
yelo-velo,La Rochelle,e35283bf23871ebccc4391a8d43bf946,95 P+R Beaulieu,0.375,3.0,5.0,8.0,0.0,0.0,46.179,-1.103,3.0,0.0,penurie (vide)
yelo-velo,La Rochelle,e3c4e824fb545bfd27c1b51615096c50,53 Les Parcs,0.375,3.0,5.0,8.0,0.0,0.0,46.162,-1.159,3.0,0.0,penurie (vide)
yelo-velo,La Rochelle,e415c0e5f6262bc22d6964240688fe90,03 Arsenal 2,0.5,4.0,4.0,8.0,0.0,0.0,46.16,-1.149,4.0,0.0,penurie (vide)
yelo-velo,La Rochelle,e6c36a55b08cf6991583df6bb4a9efdf,08 Vieux Port 2,0.071,1.0,13.0,14.0,0.0,0.0,46.157,-1.154,1.0,0.0,penurie (vide)
yelo-velo,La Rochelle,eab217de1ff8c2ad9ab5198e34c4126c,44 Centre Cial. de Villeneuve,0.25,2.0,6.0,8.0,0.0,0.0,46.152,-1.125,2.0,0.0,penurie (vide)
yelo-velo,La Rochelle,ead2ab2cc65b562fe6fc39569406d612,19 La Rossignolette,0.75,6.0,2.0,8.0,0.0,0.0,46.166,-1.188,6.0,0.0,penurie (vide)
yelo-velo,La Rochelle,eb3fa721fdaa5532a8b0f188ed52f5b1,106 Toucharé,0.5,4.0,4.0,8.0,0.0,0.0,46.107,-1.109,4.0,0.0,penurie (vide)
yelo-velo,La Rochelle,ee982d6f6cc65c17fe332b5d9f15bbdc,33 Marché de Port Neuf,0.75,6.0,2.0,8.0,0.0,0.0,46.159,-1.18,6.0,0.0,penurie (vide)
yelo-velo,La Rochelle,f0a81725e28ca3dac109cad86e69e7e6,111 P+R Greffières,0.5,6.0,6.0,12.0,0.0,0.0,46.191,-1.148,6.0,0.0,penurie (vide)
yelo-velo,La Rochelle,f623af290e697cd7d66abc963e15a6ce,84 Mairie d'Aytré,0.625,5.0,3.0,8.0,0.0,0.0,46.134,-1.116,5.0,0.0,penurie (vide)
yelo-velo,La Rochelle,f732e60a10205e7cc340b972878c11cd,69 Centre social vent des lles,0.625,5.0,3.0,8.0,0.0,0.0,46.164,-1.21,5.0,0.0,penurie (vide)
yelo-velo,La Rochelle,f88ec1c2e438db392901312b600f2777,27 Vaux de Foletier,0.7,7.0,3.0,10.0,0.0,0.0,46.14,-1.153,7.0,0.0,penurie (vide)
yelo-velo,La Rochelle,f8a1ca35a24cfe05bcdd59021d8eda3f,82 Lieutenant Bernier,0.625,5.0,3.0,8.0,0.0,0.0,46.173,-1.161,5.0,0.0,penurie (vide)
yelo-velo,La Rochelle,f8b352aebfa16675c02eb03d63215ef9,22 Porte de Cougnes,0.6,6.0,4.0,10.0,0.0,0.0,46.163,-1.146,6.0,0.0,penurie (vide)
yelo-velo,La Rochelle,f9f1c099d1aeddfe70f436d25748632b,32 Place St Maurice,0.5,5.0,5.0,10.0,0.0,0.0,46.164,-1.176,5.0,0.0,penurie (vide)
yelo-velo,La Rochelle,fac7d252e937eb836ea8184242af0f3a,23 Place Cacaud 2,0.667,4.0,2.0,6.0,0.0,0.0,46.164,-1.147,4.0,0.0,penurie (vide)
yelo-velo,La Rochelle,fda613a46637e4124341e4f07383d8ed,36 Eglise de La Genette,0.375,3.0,5.0,8.0,0.0,0.0,46.161,-1.172,3.0,0.0,penurie (vide)
yelo-velo,La Rochelle,fee4f9be6f0adf0737654852bca0feb5,14 Bibliothèque Universitaire 1,0.286,4.0,10.0,14.0,0.0,0.0,46.152,-1.154,4.0,0.0,penurie (vide)
zebullo,Reims,06333db0228541b45412bde195e192b4,CATHÉDRALE,0.419,13.0,18.0,31.0,0.0,0.0,49.252,4.031,13.0,0.0,penurie (vide)
zebullo,Reims,0b147c7fdd422e7b8128ee8ee253dc1b,ÉPINETTES,0.0,0.0,5.0,5.0,1.0,0.0,49.267,4.066,0.0,1.0,penurie (vide)
zebullo,Reims,0e3661982a57439af77e81ad1eb091c9,ERLON 2,0.143,1.0,6.0,7.0,0.0,0.0,49.256,4.027,1.0,0.0,penurie (vide)
zebullo,Reims,139b223aad5108bca1d275f689dfe4f7,MAISON DES ASSOCIATIONS,0.565,13.0,10.0,23.0,0.0,0.0,49.246,4.042,13.0,0.0,penurie (vide)
zebullo,Reims,1538f92f0afd9362ddee61f136da3b98,C Cial REIMS VILLAGE,0.0,0.0,4.0,4.0,1.0,0.0,49.242,4.085,0.0,1.0,penurie (vide)
zebullo,Reims,16da948dff17ad87c88ff8be4dd260ed,ROMAINS,0.429,6.0,8.0,14.0,0.0,0.0,49.262,4.018,6.0,0.0,penurie (vide)
zebullo,Reims,1818bf135e6b2c78e07cdaee922a1a83,BEZANNES VILLAGE BY CA,0.538,7.0,6.0,13.0,0.0,0.0,49.216,3.998,7.0,0.0,penurie (vide)
zebullo,Reims,1aca3517220e4b6347c484c2e13dba63,TAISSY STADE,0.25,1.0,3.0,4.0,0.0,0.0,49.217,4.078,1.0,0.0,penurie (vide)
zebullo,Reims,1d580b51f5f1ac1def6b77b72f625edb,TINQUEUX BOUTREAUX,0.429,3.0,4.0,7.0,0.0,0.0,49.254,3.981,3.0,0.0,penurie (vide)
zebullo,Reims,21c30c54b47878ad4466eb8656ae4350,CLÉMENCEAU,0.583,7.0,5.0,12.0,0.0,0.0,49.252,4.046,7.0,0.0,penurie (vide)
zebullo,Reims,2545c37930f4b99c71d4b7b081f5debb,TAISSY MAIRIE,0.0,0.0,5.0,5.0,1.0,0.0,49.214,4.094,0.0,1.0,penurie (vide)
zebullo,Reims,27e775c705de3cc4b0bebd6bc8bee75a,CHAMPAGNE PARC AUTO,0.167,1.0,5.0,6.0,0.0,0.0,49.253,4.029,1.0,0.0,penurie (vide)
zebullo,Reims,2a87061314284dff1569067c9fa0fbea,THIOLETTES,0.615,8.0,5.0,13.0,0.0,0.0,49.247,4.064,8.0,0.0,penurie (vide)
zebullo,Reims,2b0d46915a8c03e7bf98620767722e7d,BELGES,0.444,4.0,5.0,9.0,0.0,0.0,49.275,4.017,4.0,0.0,penurie (vide)
zebullo,Reims,2e8f9705e56fdf09bef885fd08860cd4,LE MANÈGE,0.0,0.0,4.0,4.0,1.0,0.0,49.254,4.022,0.0,1.0,penurie (vide)
zebullo,Reims,31874b7bbb56f375e16652b4819be040,CORMONTREUIL ROUSSILLON,0.0,0.0,4.0,4.0,1.0,0.0,49.221,4.042,0.0,1.0,penurie (vide)
zebullo,Reims,3c794d101cdc06a8cbe01746bbb85487,GARE CENTRE 2,0.615,8.0,5.0,13.0,0.0,0.0,49.259,4.025,8.0,0.0,penurie (vide)
zebullo,Reims,3d0638643d15e9af0e4209a662c0c0eb,HÔTEL MERCURE PARC DES EXPOSITIONS,0.444,4.0,5.0,9.0,0.0,0.0,49.236,4.07,4.0,0.0,penurie (vide)
zebullo,Reims,415e26e8da8e79af5b23b79ea9a92653,TINQUEUX CENTRE ,0.0,0.0,5.0,5.0,1.0,0.0,49.25,3.992,0.0,1.0,penurie (vide)
zebullo,Reims,467bb9c8272819c3f1f109241e8b3bf7,LUTON,0.444,4.0,5.0,9.0,0.0,0.0,49.271,4.025,4.0,0.0,penurie (vide)
zebullo,Reims,472de7d937f8c2df7da72188feaa8f67,CHAPELLE FOUJITA,0.333,2.0,4.0,6.0,0.0,0.0,49.264,4.039,2.0,0.0,penurie (vide)
zebullo,Reims,47edf3461d65b192c05748b2aba0938c,SAINTE-ANNE,0.286,2.0,5.0,7.0,0.0,0.0,49.238,4.032,2.0,0.0,penurie (vide)
zebullo,Reims,482aec92f5f1732de6593e204f33a983,GOURAUD,0.375,3.0,5.0,8.0,0.0,0.0,49.244,4.049,3.0,0.0,penurie (vide)
zebullo,Reims,49c2e7f384f4851be46212bb28e8e0e5,MURIGNY RENÉ CLAIR,0.5,4.0,4.0,8.0,0.0,0.0,49.214,4.026,4.0,0.0,penurie (vide)
zebullo,Reims,533ab7bc8e56e23fd2fa9c14ca3ba166,PAUL JAMOT,0.545,6.0,5.0,11.0,0.0,0.0,49.254,4.041,6.0,0.0,penurie (vide)
zebullo,Reims,535c69f7619930cfeff5b929fbd7f60d,CORMONTREUIL MAIRIE,0.375,3.0,5.0,8.0,0.0,0.0,49.224,4.054,3.0,0.0,penurie (vide)
zebullo,Reims,5562f13c827f01a16a32fc44678a8f83,DOCKS RÉMOIS,0.0,0.0,6.0,6.0,1.0,0.0,49.272,4.043,0.0,1.0,penurie (vide)
zebullo,Reims,5844469ad55f06ca99ecb53d76443a0f,BÉTHENY PLACE DES FLEURS,0.6,6.0,4.0,10.0,0.0,0.0,49.285,4.058,6.0,0.0,penurie (vide)
zebullo,Reims,5bef6df8884b8e020beb51bf1a018263,GARE CENTRE 1,0.167,1.0,5.0,6.0,0.0,0.0,49.259,4.025,1.0,0.0,penurie (vide)
zebullo,Reims,5ede6e6631ae799f96bb11c7edc2117e,SAINT-BRICE JACQUES BREL,0.556,5.0,4.0,9.0,0.0,0.0,49.262,3.99,5.0,0.0,penurie (vide)
zebullo,Reims,6129326915156ab0bfaf5bc6af5d193d,TINQUEUX CHAMP PAVEAU,0.286,2.0,5.0,7.0,0.0,0.0,49.25,3.978,2.0,0.0,penurie (vide)
zebullo,Reims,6d240b7f2f76bfc49054f15b8936043c,PARC DES EXPOSITIONS,0.222,2.0,7.0,9.0,0.0,0.0,49.235,4.062,2.0,0.0,penurie (vide)
zebullo,Reims,772a46cf3a4bec61da7b7cd11fa04421,BÉTHENY MAIRIE ANNEXE,0.333,2.0,4.0,6.0,0.0,0.0,49.271,4.051,2.0,0.0,penurie (vide)
zebullo,Reims,7b74063bd28113ff61eb53000742ac09,AFPA,0.0,0.0,5.0,5.0,1.0,0.0,49.273,4.07,0.0,1.0,penurie (vide)
zebullo,Reims,7c85f41357b0e060e94aa60c252cbc97,TINQUEUX ESPLANADE BRONQUARD,0.0,0.0,4.0,4.0,1.0,0.0,49.245,3.99,0.0,1.0,penurie (vide)
zebullo,Reims,7cc95fb2c56c5ecd996de52a6346a6ba,SAINT-LÉONARD,0.286,2.0,5.0,7.0,0.0,0.0,49.222,4.096,2.0,0.0,penurie (vide)
zebullo,Reims,7e7d3f00de0debb1b84e575b7e9251cd,TINQUEUX LA HAUBETTE,0.545,6.0,5.0,11.0,0.0,0.0,49.248,4.004,6.0,0.0,penurie (vide)
zebullo,Reims,8446b2d4176dd514043ae1a85f0f7195,SAINT-BRICE MAIRIE,0.333,2.0,4.0,6.0,0.0,0.0,49.262,3.986,2.0,0.0,penurie (vide)
zebullo,Reims,8980296b281736caefe15a5ac1c5c669,GARE CHAMPAGNE TGV,0.111,1.0,8.0,9.0,0.0,0.0,49.215,3.995,1.0,0.0,penurie (vide)
zebullo,Reims,8c6efb7668ae66e5487dbcbd270b31c1,TINQUEUX BOUCICAUT,0.0,0.0,4.0,4.0,1.0,0.0,49.252,3.983,0.0,1.0,penurie (vide)
zebullo,Reims,92879614db229635e7b1c703b9e38a4f,C Cial CORMONTREUIL,0.2,1.0,4.0,5.0,0.0,0.0,49.215,4.052,1.0,0.0,penurie (vide)
zebullo,Reims,94cc7753e9f4a7c3dcc13e6bcc034e2c,C Cial CHAMPFLEURY,0.0,0.0,5.0,5.0,1.0,0.0,49.204,4.013,0.0,1.0,penurie (vide)
zebullo,Reims,9bb1d8b393240dbd850fff4a059029f0,BOULINGRIN,0.167,1.0,5.0,6.0,0.0,0.0,49.261,4.031,1.0,0.0,penurie (vide)
zebullo,Reims,9e3d031fe1c91007f97c532d5f609d08,ALBERT 1er,0.375,3.0,5.0,8.0,0.0,0.0,49.265,4.01,3.0,0.0,penurie (vide)
zebullo,Reims,9f6d095f8e9ebb0cd79f313b423100ca,ROOSEVELT,0.333,2.0,4.0,6.0,0.0,0.0,49.262,4.025,2.0,0.0,penurie (vide)
zebullo,Reims,a26433dbb334257e105a3ad96b732977,POMMERY - VERRIER,0.571,4.0,3.0,7.0,0.0,0.0,49.253,4.054,4.0,0.0,penurie (vide)
zebullo,Reims,a29dfcd7c3e608beeac10e28ea841396,CORMONTREUIL LOUVOIS,0.5,3.0,3.0,6.0,0.0,0.0,49.226,4.043,3.0,0.0,penurie (vide)
zebullo,Reims,a6487036eb8f6a9e0541982c37560ce8,RÉPUBLIQUE,0.0,0.0,5.0,5.0,1.0,0.0,49.264,4.03,0.0,1.0,penurie (vide)
zebullo,Reims,a68b6d87456609b657e5b9a9993dc1e1,MURIGNY VAUBAN,0.556,5.0,4.0,9.0,0.0,0.0,49.221,4.031,5.0,0.0,penurie (vide)
zebullo,Reims,a874dea93d182e8f33818b7e5aac00b8,SAINT-THOMAS,0.286,2.0,5.0,7.0,0.0,0.0,49.265,4.026,2.0,0.0,penurie (vide)
zebullo,Reims,a8786c626814f4acb55aa4bde43959b2,JARD,0.375,3.0,5.0,8.0,0.0,0.0,49.251,4.035,3.0,0.0,penurie (vide)
zebullo,Reims,abad47a1287cc77a87cbbdf36b68d1c9,BROUETTE,0.583,7.0,5.0,12.0,0.0,0.0,49.261,4.047,7.0,0.0,penurie (vide)
zebullo,Reims,acecb0733cfc5e690bacb28690c18eb0,ERLON 1,0.0,0.0,3.0,3.0,1.0,0.0,49.257,4.026,0.0,1.0,penurie (vide)
zebullo,Reims,b9aa4ad3a2560190121ea098b1c245c1,COMÉDIE,0.091,1.0,10.0,11.0,0.0,0.0,49.249,4.021,1.0,0.0,penurie (vide)
zebullo,Reims,c179d8ef3c233deb6cbead4da9d4153a,CHU MAISON BLANCHE,0.667,4.0,2.0,6.0,0.0,0.0,49.231,4.019,4.0,0.0,penurie (vide)
zebullo,Reims,c60b8c5d8d710668b5d20fd14c702ad3,C Cial LA NEUVILLETTE,0.692,9.0,4.0,13.0,0.0,0.0,49.288,4.024,9.0,0.0,penurie (vide)
zebullo,Reims,caf30980db332cf0e18ee5fd7a4773ee,HÔTEL DE VILLE,0.333,5.0,10.0,15.0,0.0,0.0,49.258,4.032,5.0,0.0,penurie (vide)
zebullo,Reims,d525c567ae2b17d715fd373cb0e7ee17,CAMPUS CROIX ROUGE,0.318,7.0,15.0,22.0,0.0,0.0,49.238,4.004,7.0,0.0,penurie (vide)
zebullo,Reims,e407d1db1373aaede8d95c00e79c5ee5,CARTONNERIE,0.211,4.0,15.0,19.0,0.0,0.0,49.268,4.035,4.0,0.0,penurie (vide)
zebullo,Reims,e6446ac939b538401fbdb39a9cfc9ec0,BUIRETTE,0.0,0.0,11.0,11.0,1.0,0.0,49.255,4.027,0.0,1.0,penurie (vide)
zebullo,Reims,e9d619f28644c9936c32513294c4f6f1,JULES FERRY,0.667,10.0,5.0,15.0,0.0,0.0,49.257,4.048,10.0,0.0,penurie (vide)
zebullo,Reims,eab8423b48174482d4f747c1c812d390,MOULIN DE LA HOUSSE,0.231,3.0,10.0,13.0,0.0,0.0,49.242,4.062,3.0,0.0,penurie (vide)
zebullo,Reims,eb7d5a5e1654cae66fe3c2242878319b,PLANÉTARIUM,0.167,1.0,5.0,6.0,0.0,0.0,49.243,4.016,1.0,0.0,penurie (vide)
zebullo,Reims,ebb356ac5e7b66422cec865630f78f0b,RENÉ TYS - STADE,0.286,2.0,5.0,7.0,0.0,0.0,49.244,4.027,2.0,0.0,penurie (vide)
zebullo,Reims,eccd1c0f79c704e6cba2b168228c6434,CIMETIÈRE DE L'EST,0.0,0.0,5.0,5.0,1.0,0.0,49.264,4.056,0.0,1.0,penurie (vide)
zebullo,Reims,f6932db7fc175d2b8172d498cbfb4296,FLÉCHAMBAULT,0.167,1.0,5.0,6.0,0.0,0.0,49.242,4.037,1.0,0.0,penurie (vide)
